Canonical_SMILES,pIC50,Measurement_Count,Molecule_ChEMBL_ID
Brc1cccc(-c2[nH]ncc2-c2ccnc3ccccc23)n1,8.537602002101044,3,CHEMBL341280
C#CCN1C[C@@H]2C[C@]2(c2ccc(-c3cnc(N)c(C(=O)N[C@H]4CC[C@H](O)CC4)c3)cc2)C1,5.698970004336019,1,CHEMBL5767478
C#CCN1C[C@H]2C[C@@]2(c2ccc(-c3cnc(N)c(C(=O)N[C@H]4CC[C@H](O)CC4)c3)cc2)C1,5.275724130399211,1,CHEMBL5891510
C#CCn1cc(N(c2nc(C(N)=O)c(-c3cc(C(=O)N4CCOCC4)c[nH]3)s2)C2CC2)cn1,8.55284196865778,1,CHEMBL6169657
C#CCn1cc(N(c2nc(C(N)=O)c(-c3ccc[nH]3)s2)C2CC2)cn1,7.481486060122112,1,CHEMBL5591352
C#Cc1ccc(CNc2nc(-c3ccc4c(c3)OCO4)c(-c3cccc(C)n3)[nH]2)cc1,6.815308569182401,1,CHEMBL3707020
C#Cc1ccc(NCc2nc(-c3ccc4c(c3)OCO4)c(-c3cccc(C)n3)[nH]2)cc1,6.7594507517174005,1,CHEMBL3707023
C#Cc1cccc(NCc2nc(-c3ccc4nccnc4c3)c(-c3cccc(CC)n3)[nH]2)c1,6.924453038607469,1,CHEMBL3707019
C#Cc1cnc2ccc(-c3c(-c4ccc(F)cc4)ncn3C(COC)C3CC3)nn12,8.638272163982407,1,CHEMBL5965562
C=C(C)C(=O)N[C@@H](CO)C(=O)O,7.431798275933005,1,CHEMBL5266024
C=C(C)[C@@H]1C/C=C(\C)C(=O)CCC2=C[C@@H]1OC2=O,7.826813731587726,1,CHEMBL4533719
C=C(C)c1c(Nc2ccncc2C(=O)NC[C@H](C)O)cc(-c2cc(Cl)ccc2F)nc1N,7.772113295386326,1,CHEMBL5749427
C=C(C)c1c(Nc2ccncc2C(=O)OC)cc(-c2cc(Cl)ccc2F)nc1NC(=O)OC(C)(C)C,7.772113295386326,2,CHEMBL5791864
C=C(C)c1cnc(-c2cc(Cl)ccc2F)cc1Nc1ccncc1C(=O)N1CCCC1,7.111820506081675,3,CHEMBL5788695
C=C(C)c1cnc(-c2cc(Cl)ccc2F)cc1Nc1ccncc1C(=O)NC(C)(C)CO,7.0034883278458215,3,CHEMBL5773049
C=C(C)c1cnc(-c2cc(Cl)ccc2F)cc1Nc1ccncc1C(=O)NC(C)CO,7.268411234813261,1,CHEMBL5975807
C=C(C)c1cnc(-c2cc(Cl)ccc2F)cc1Nc1ccncc1C(=O)NC1CC1,7.55129368009492,3,CHEMBL5972400
C=C(C)c1cnc(-c2cc(Cl)ccc2F)cc1Nc1ccncc1C(=O)NCCO,7.987162775294828,3,CHEMBL5995233
C=C(C)c1cnc(-c2cc(Cl)ccc2F)cc1Nc1ccncc1C(=O)NC[C@H](C)O,7.3448615651886175,3,CHEMBL5957596
C=C(C)c1cnc(-c2cc(Cl)ccc2F)cc1Nc1ccncc1C(=O)N[C@@H](CC)CO,7.185086818724926,3,CHEMBL6006931
C=C(C)c1cnc(-c2cc(Cl)ccc2F)cc1Nc1ccncc1C(=O)N[C@@H](CO)C(C)C,5.552841968657781,3,CHEMBL5850928
C=C(C)c1cnc(-c2cc(Cl)ccc2F)cc1Nc1ccncc1C(=O)N[C@@H](O)CC,7.790484985457369,2,CHEMBL5922079
C=C(C)c1cnc(-c2cc(Cl)ccc2F)cc1Nc1ccncc1C(=O)N[C@H](C)CC,7.268411234813261,1,CHEMBL5861406
C=C(C)c1cnc(-c2cc(Cl)ccc2F)cc1Nc1ccncc1C(=O)N[C@H](C)CO,7.268411234813261,1,CHEMBL6049298
C=C(C)c1cnc(-c2cc(Cl)ccc2F)cc1Nc1ccncc1C(=O)N[C@H](CO)C(C)C,6.005243055412372,3,CHEMBL5926913
C=C(C)c1cnc(-c2cc(Cl)ccc2F)cc1Nc1ncncc1C(=O)NC[C@H](C)O,7.55129368009492,3,CHEMBL5768693
C=CCOc1cnccc1Nc1nc(-c2ccccn2)nn2cccc12,7.886056647693163,1,CHEMBL5895427
C=CCn1cc(N(c2nc(C(N)=O)c(-c3cc(C(=O)N4CCOCC4)c[nH]3)s2)C2CC2)cn1,8.522878745280337,1,CHEMBL6165023
C=CCn1cc(N(c2nc(C(N)=O)c(-c3ccc[nH]3)s2)C2CC2)cn1,7.435333935747911,1,CHEMBL5594759
C=Cc1cc2c(Nc3ccncc3F)nc(-c3cccc(OC)n3)nn2c1,7.522878745280337,1,CHEMBL5910160
C=Cc1ccc(NCc2nc(-c3ccc4ncnn4c3)c(-c3cccc(C)n3)[nH]2)cc1,7.522878745280337,1,CHEMBL3260606
C=Cc1cccc(-c2c(-c3ccc4nccnc4c3)n(C)n(C)c2=O)c1,6.251811972993799,1,CHEMBL593708
C=Cc1cccc(NCc2nc(-c3ccc4ncnn4c3)c(-c3ccc(F)c(C)n3)[nH]2)c1,7.863279432843593,1,CHEMBL3634801
C=Cc1cccc(NCc2nc(-c3ccc4ncnn4c3)c(-c3cccc(C)n3)[nH]2)c1,7.920818753952375,1,CHEMBL3260590
C=Cc1cccc(NCc2nc(-c3ccc4ncnn4c3)c(-c3nc(C)ccc3F)[nH]2)c1,8.008330992620051,1,CHEMBL3634708
C=Cc1ccccc1NCc1nc(-c2ccc3ncnn3c2)c(-c2cccc(C)n2)[nH]1,7.853871964321762,1,CHEMBL3260576
C=Cc1cn2ncc(-c3ccnc(OC)c3)c2nc1NC,5.853871964321762,1,CHEMBL4741913
C=Cc1cnc2ccc(-c3c(-c4ccc(F)cc4)ncn3CC(F)F)nn12,8.795880017344075,3,CHEMBL5871696
C=Cn1cnc2ccc(-c3ccnn3-c3cccc(C)n3)cc2c1=O,8.397940008672037,1,CHEMBL2024685
CC#CCN1C[C@@H]2C[C@]2(c2ccc(-c3cnc(N)c(C(=O)N[C@H]4CC[C@H](O)CC4)c3)cc2)C1,5.958607314841775,1,CHEMBL5788554
CC#CCN1C[C@H]2C[C@@]2(c2ccc(-c3cnc(N)c(C(=O)N[C@H]4CC[C@H](O)CC4)c3)cc2)C1,5.200659450546418,1,CHEMBL5879911
CC#CCn1cc(N(C)c2nc(C(N)=O)c(-c3cc(C(=O)N(C)C)c[nH]3)s2)cn1,7.369572124974976,1,CHEMBL6169764
CC#CCn1cc(N(CC(C)C)c2nc(C(N)=O)c(-c3cc(C(=O)N(C)C)c[nH]3)s2)cn1,7.605548319173784,1,CHEMBL6170974
CC#CCn1cc(N(CC)c2nc(C(N)=O)c(-c3cc(C(=O)N(C)C)c[nH]3)s2)cn1,7.7594507517174005,1,CHEMBL6142750
CC#CCn1cc(N(CC2CC2(F)F)c2nc(C(N)=O)c(-c3cc(C(=O)N(C)C)c[nH]3)s2)cn1,7.501689446210399,1,CHEMBL6163758
CC#CCn1cc(N(CC2CC2)c2nc(C(N)=O)c(-c3cc(C(=O)N(C)C)c[nH]3)s2)cn1,8.327902142064282,1,CHEMBL6172244
CC#CCn1cc(N(CCC)c2nc(C(N)=O)c(-c3cc(C(=O)N(C)C)c[nH]3)s2)cn1,7.75448733218585,1,CHEMBL6146464
CC#CCn1cc(N(c2nc(C(N)=O)c(-c3cc(C(=O)N(C)C)c[nH]3)s2)C(C)C)cn1,6.360812440064246,1,CHEMBL6143807
CC#CCn1cc(N(c2nc(C(N)=O)c(-c3cc(C(=O)N(C)C)c[nH]3)s2)C2CC2)cn1,8.207608310501746,1,CHEMBL6166782
CC#CCn1cc(N(c2nc(C(N)=O)c(-c3cc(C(=O)N(CC)CC)c[nH]3)s2)C2CC2)cn1,7.627087997029894,1,CHEMBL6173813
CC#CCn1cc(N(c2nc(C(N)=O)c(-c3cc(C(=O)N4CCC4)c[nH]3)s2)C2CC2)cn1,8.346787486224656,1,CHEMBL6167281
CC#CCn1cc(N(c2nc(C(N)=O)c(-c3cc(C(=O)N4CCCC4)c[nH]3)s2)C2CC2)cn1,8.698970004336019,1,CHEMBL6169687
CC#CCn1cc(N(c2nc(C(N)=O)c(-c3cc(C(=O)N4CCCCC4)c[nH]3)s2)C2CC2)cn1,8.200659450546418,1,CHEMBL6151974
CC#CCn1cc(N(c2nc(C(N)=O)c(-c3cc(C(=O)N4CCOCC4)c[nH]3)s2)C2CC2)cn1,8.886056647693163,1,CHEMBL6167230
CC#CCn1cc(N(c2nc(C(N)=O)c(-c3cc(C(N)=O)c[nH]3)s2)C2CC2)cn1,8.602059991327963,1,CHEMBL6161653
CC#CCn1cc(N(c2nc(C(N)=O)c(-c3ccc[nH]3)s2)C2CC2)cn1,7.100179497572904,1,CHEMBL5584022
CC(=O)COc1ccc(-c2cc(-c3c[nH]nc3-c3ccccn3)ccn2)cc1,7.6020599913279625,2,CHEMBL202943
CC(=O)N1CC(n2cnc(-c3ccc(F)cc3)c2-c2ccc3ncc(C#N)n3n2)C1,7.138465589140962,3,CHEMBL5935684
CC(=O)N1CCC(CCn2nc(-c3cc4cc[nH]c4cc3C)c3c(N)ncnc32)CC1,6.56304266933055,1,CHEMBL5568115
CC(=O)N1CCC(CCn2nc(-c3ccc(N)cc3C)c3c(N)ncnc32)CC1,6.412962882256544,1,CHEMBL5564485
CC(=O)N1CCC(CCn2nc(-c3ccc4[nH]c(C)cc4c3)c3c(N)ncnc32)CC1,6.224243962155902,1,CHEMBL5558732
CC(=O)N1CCC(CCn2nc(-c3ccc4[nH]cc(C)c4c3)c3c(N)ncnc32)CC1,7.761953896871205,1,CHEMBL5557584
CC(=O)N1CCC(CCn2nc(-c3ccc4[nH]ccc4c3)c3c(N)ncnc32)CC1,7.316052869248487,1,CHEMBL5559089
CC(=O)N1CCC(CCn2nc(-c3ccc4[nH]ncc4c3)c3c(N)ncnc32)CC1,6.510041520575165,1,CHEMBL5557295
CC(=O)N1CCC(CCn2nc(-c3ccc4c(ccn4C)c3)c3c(N)ncnc32)CC1,6.860435733824151,1,CHEMBL5558203
CC(=O)N1CCC(CCn2nc(-c3ccc4ncsc4c3)c3c(N)ncnc32)CC1,7.039529222465701,1,CHEMBL5561885
CC(=O)N1CCN(CC(=O)Nc2cc(Nc3nc(-c4cccc(C(F)(F)F)n4)nn4cccc34)ccn2)CC1,9.070581074285707,1,CHEMBL6032070
CC(=O)N1CCn2c(nc(-c3ccc(F)cc3)c2-c2ccc3ncc(C(N)=O)n3c2)C1,7.3893398369101195,3,CHEMBL6023285
CC(=O)NCCCc1nc(-c2nc(C)cs2)c(-c2ccc3ncsc3c2)[nH]1,7.20446769648675,2,CHEMBL2208013
CC(=O)NCCNC(=O)c1cnccc1Nc1cc(-c2cc(Cl)ccc2F)ncc1C(C)C,7.621602099051862,4,CHEMBL5285430
CC(=O)NCc1cnc2ccc(-c3c(-c4ccc(F)cc4)ncn3CC(F)F)nn12,7.924453038607469,3,CHEMBL6012225
CC(=O)Nc1cc(-c2[nH]c3cccnc3c2-c2ccc(C)cn2)ccn1,8.301029995663981,1,CHEMBL4285292
CC(=O)Nc1cc(-c2[nH]c3cccnc3c2-c2ccc(Cl)cn2)ccn1,8.698970004336019,1,CHEMBL4280660
CC(=O)Nc1cc(-c2[nH]c3cccnc3c2-c2ccc(F)cn2)ccn1,8.522878745280337,1,CHEMBL4291307
CC(=O)Nc1cc(-c2[nH]c3cccnc3c2-c2ccc(F)nc2)ccn1,7.657577319177793,1,CHEMBL4289841
CC(=O)Nc1cc(-c2[nH]c3cccnc3c2-c2ccc(OC(F)F)cn2)ccn1,7.958607314841775,1,CHEMBL4277338
CC(=O)Nc1cc(-c2[nH]c3cccnc3c2-c2cccc(C(F)(F)F)n2)ccn1,8.698970004336019,1,CHEMBL4276907
CC(=O)Nc1cc(-c2[nH]c3cccnc3c2-c2cccc(C(F)F)n2)ccn1,7.234260541478872,4,CHEMBL4284170
CC(=O)Nc1cc(-c2[nH]c3cccnc3c2-c2cccc(C)n2)ccn1,8.698970004336019,1,CHEMBL4292047
CC(=O)Nc1cc(Nc2nc(-c3ccc(C(F)(F)F)cn3)nc3[nH]ccc23)ccn1,8.327902142064282,1,CHEMBL5918561
CC(=O)Nc1cc(Nc2nc(-c3ccc(C(F)(F)F)cn3)nn3cccc23)ccn1,7.327902142064282,1,CHEMBL5801550
CC(=O)Nc1cc(Nc2nc(-c3ccc(F)c(C(F)F)n3)nc3[nH]ccc23)c(F)cn1,8.886056647693163,1,CHEMBL5849131
CC(=O)Nc1cc(Nc2nc(-c3ccc(F)c(C(F)F)n3)nn3cccc23)ccn1,8.214670164989233,1,CHEMBL5924090
CC(=O)Nc1cc(Nc2nc(-c3ccc(F)c(C)n3)nc3[nH]ccc23)ccn1,9.113509274827518,1,CHEMBL5753376
CC(=O)Nc1cc(Nc2nc(-c3ccc(F)c(C)n3)nn3cccc23)c(F)cn1,8.443697499232712,1,CHEMBL5910790
CC(=O)Nc1cc(Nc2nc(-c3ccc(F)c(C)n3)nn3cccc23)ccn1,9.075720713938118,1,CHEMBL5965876
CC(=O)Nc1cc(Nc2nc(-c3ccc(F)cn3)nn3cccc23)c(F)cn1,7.795880017344075,1,CHEMBL5858030
CC(=O)Nc1cc(Nc2nc(-c3ccc(F)cn3)nn3cccc23)ccn1,8.443697499232712,1,CHEMBL5818285
CC(=O)Nc1cc(Nc2nc(-c3cccc(C(F)(F)F)n3)nc3[nH]ccc23)ccn1,9.0,3,CHEMBL4209583
CC(=O)Nc1cc(Nc2nc(-c3cccc(C(F)(F)F)n3)nc3[nH]cnc23)ccn1,8.129818655252878,2,CHEMBL4205456
CC(=O)Nc1cc(Nc2nc(-c3cccc(C(F)(F)F)n3)nn3ccc(CNCC(C)(C)O)c23)ccn1,8.698970004336019,1,CHEMBL5747824
CC(=O)Nc1cc(Nc2nc(-c3cccc(C(F)(F)F)n3)nn3cccc23)c(F)cn1,7.629818655252878,2,CHEMBL4206910
CC(=O)Nc1cc(Nc2nc(-c3cccc(C(F)(F)F)n3)nn3cccc23)ccn1,8.823908740944319,3,CHEMBL4216706
CC(=O)Nc1cc(Nc2nc(-c3cccc(C(F)F)n3)nc3[nH]cc(C)c23)ccn1,8.823908740944319,1,CHEMBL5743859
CC(=O)Nc1cc(Nc2nc(-c3cccc(C(F)F)n3)nc3[nH]cc(CNCC(C)(C)O)c23)c(F)cn1,8.585026652029182,1,CHEMBL5856719
CC(=O)Nc1cc(Nc2nc(-c3cccc(C(F)F)n3)nc3[nH]cc(CNCC(C)(C)O)c23)ccn1,9.1249387366083,1,CHEMBL5894068
CC(=O)Nc1cc(Nc2nc(-c3cccc(C(F)F)n3)nc3[nH]ccc23)c(F)cn1,9.148741651280925,1,CHEMBL5921565
CC(=O)Nc1cc(Nc2nc(-c3cccc(C(F)F)n3)nc3[nH]ccc23)ccn1,9.10790539730952,1,CHEMBL5806376
CC(=O)Nc1cc(Nc2nc(-c3cccc(C(F)F)n3)nn3cccc23)c(F)cn1,8.292429823902063,1,CHEMBL5936091
CC(=O)Nc1cc(Nc2nc(-c3cccc(C(F)F)n3)nn3cccc23)ccn1,9.721246399047171,2,CHEMBL5962152
CC(=O)Nc1cc(Nc2nc(-c3cccc(C)n3)nc3[nH]ccc23)ccn1,9.0,1,CHEMBL5799493
CC(=O)Nc1cc(Nc2nc(-c3cccc(F)n3)nn3cccc23)c(F)cn1,8.481486060122112,1,CHEMBL5787585
CC(=O)Nc1cc(Nc2nc(-c3cccc(F)n3)nn3cccc23)ccn1,9.065501548756432,1,CHEMBL5793463
CC(=O)Nc1cc(Nc2nc(-c3ccccn3)nc3[nH]ccc23)ccn1,9.045757490560675,1,CHEMBL6037875
CC(=O)Nc1cc(Nc2nc(-c3ccccn3)nn3ccc(CN4CCC(F)(F)CC4)c23)ccn1,9.397940008672037,1,CHEMBL5956002
CC(=O)Nc1cc(Nc2nc(-c3ccccn3)nn3ccc(CN4CCN(CCO)CC4)c23)ccn1,8.920818753952375,1,CHEMBL5863780
CC(=O)Nc1cc(Nc2nc(-c3ccccn3)nn3ccc(CN4CCOCC4)c23)ccn1,9.602059991327963,1,CHEMBL5769608
CC(=O)Nc1cc(Nc2nc(-c3ccccn3)nn3ccc(CNCC(C)(C)O)c23)ccn1,9.070581074285707,1,CHEMBL5858059
CC(=O)Nc1ccc(-c2ccc3ncc(C(N)=O)n3c2)c(-c2cccc(C)n2)n1,6.452225294612178,1,CHEMBL5840984
CC(=O)Nc1ccc(NCc2nc(-c3ccc4ncnn4c3)c(-c3cccc(C)n3)[nH]2)cc1,7.4089353929735005,1,CHEMBL3260613
CC(=O)Nc1ccc2c(-c3c(-c4ccccn4)nn4c3CCC4)ccnc2c1,7.060480747381382,1,CHEMBL565815
CC(=O)Nc1cccc(-c2nc(Nc3ccncc3F)c3cccn3n2)n1,7.376750709602099,1,CHEMBL5749757
CC(=O)Nc1cccc(-c2ncccc2-c2ccc3ncc(C#N)n3c2)n1,6.042392712939905,1,CHEMBL6027350
CC(=O)Nc1cccc(-c2ncn(CC(F)F)c2-c2ccc3ncc(C#N)n3n2)c1,7.308918507877031,3,CHEMBL5759638
CC(=O)Nc1cccc(NCc2nc(-c3ccc4ncnn4c3)c(-c3cccc(C)n3)[nH]2)c1,7.823908740944319,1,CHEMBL3260597
CC(=O)Nc1ccccc1NCc1nc(-c2ccc3ncnn3c2)c(-c2cccc(C)n2)[nH]1,7.3979400086720375,1,CHEMBL3260580
CC(=O)Nc1ccccc1NS(=O)(=O)c1cccc(S(=O)(=O)NCC2CCN(C(=O)OC(C)(C)C)CC2)c1,4.7447274948966935,1,CHEMBL3701795
CC(=O)Nc1ccnc(-c2cccc(C)n2)c1-c1ccc2ncc(C#N)n2c1,4.953504835665291,1,CHEMBL5933837
CC(=O)Nc1ccnc(-c2cccc(C)n2)c1-c1ccc2ncc(C(N)=O)n2c1,6.145086977692145,1,CHEMBL5922348
CC(=O)Nc1cn2cc(-c3cccnc3-c3ccc(F)c(C)n3)ccc2n1,8.397940008672037,1,CHEMBL5758706
CC(=O)Nc1cn2cc(-c3cccnc3-c3cccc(C)n3)ccc2n1,9.0,1,CHEMBL5935138
CC(=O)Nc1cnc(-c2cccc(C)n2)c(-c2ccc3ncc(C#N)n3c2)c1,7.366531544420414,1,CHEMBL6016695
CC(=O)Nc1cnc(-c2cccc(C)n2)c(-c2ccc3ncc(C(N)=O)n3c2)c1,8.301029995663981,1,CHEMBL5947225
CC(=O)Nc1cnc2ccc(-c3c(-c4ccc(F)cc4)ncn3CC(F)F)nn12,8.031517051446064,3,CHEMBL5807206
CC(=O)Nc1nc(-c2ccc(F)cc2)c(-c2ccc3ncc(C#N)n3c2)n1CC(F)F,6.266000713461613,3,CHEMBL5803364
CC(=O)Nc1nc(-c2ccc(F)cc2)c(-c2ccc3nccn3c2)[nH]1,7.259637310505756,3,CHEMBL5767194
CC(=O)Nc1nc(-c2nc(C)cs2)c(-c2ccc3c(c2)OCO3)[nH]1,5.839926856944473,2,CHEMBL1957669
CC(=O)Nc1nccc(Nc2nc(-c3cccc(C(F)(F)F)n3)nc3[nH]ccc23)c1F,8.769551078621726,1,CHEMBL5978363
CC(=O)Nc1nccc(Nc2nc(-c3cccc(C(F)(F)F)n3)nn3cccc23)c1F,7.096910013008056,1,CHEMBL5923504
CC(=O)Nc1nccc(Nc2nc(-c3cccc(C(F)F)n3)nc3[nH]ccc23)c1F,9.431798275933005,1,CHEMBL5784295
CC(=O)Nc1nccc(Nc2nc(-c3cccc(C(F)F)n3)nn3cccc23)c1F,8.292429823902063,1,CHEMBL5945317
CC(=O)c1c[nH]c(-c2sc(N(c3cn[nH]c3)C3CC3)nc2C(N)=O)c1,7.756961951313706,1,CHEMBL5590063
CC(=O)c1c[nH]c(-c2sc(N(c3cnn(-c4ccncc4CO)c3)C3CC3)nc2C(N)=O)c1,8.244125144327509,1,CHEMBL5595138
CC(=O)c1c[nH]c(-c2sc(N(c3cnn(-c4ccncc4F)c3)C3CC3)nc2C(N)=O)c1,8.492320122295393,2,CHEMBL5594704
CC(=O)c1ccc(NCc2nc(-c3ccc4ncnn4c3)c(-c3cccc(C)n3)[nH]2)cc1,7.229147988357855,1,CHEMBL3260610
CC(=O)c1cccc(-c2ncccc2-c2ccc3ncc(C#N)n3c2)n1,6.085656842880559,1,CHEMBL5993434
CC(=O)c1cccc(NCc2nc(-c3ccc4ncnn4c3)c(-c3cccc(C)n3)[nH]2)c1,7.886056647693163,1,CHEMBL3260594
CC(C)(C)C(=O)N1CCC(CCn2nc(-c3ccc4[nH]ccc4c3)c3c(N)ncnc32)CC1,6.7537476877006775,1,CHEMBL5559812
CC(C)(C)C(=O)NCc1cnc2ccc(-c3c(-c4ccc(F)cc4)ncn3CC(F)F)nn12,7.3585258894959,3,CHEMBL5842456
CC(C)(C)C(=O)Nc1cc(Nc2nc(-c3cccc(C(F)(F)F)n3)nn3cccc23)ccn1,6.795880017344075,1,CHEMBL5900077
CC(C)(C)C(=O)c1c[nH]c(-c2sc(N(c3cn[nH]c3)C3CC3)nc2C(N)=O)c1,7.031517051446065,1,CHEMBL5593082
CC(C)(C)CC(=O)Nc1cc(Nc2nc(-c3cccc(C(F)(F)F)n3)nc3[nH]ccc23)ccn1,8.568636235841012,1,CHEMBL6012202
CC(C)(C)CC(=O)Nc1cc(Nc2nc(-c3cccc(C(F)(F)F)n3)nn3cccc23)ccn1,7.040958607678906,1,CHEMBL5902903
CC(C)(C)Cn1cnc(-c2ccc(F)cc2)c1-c1ccc2ncc(C#N)n2n1,7.0034883278458215,3,CHEMBL5872789
CC(C)(C)NC(=O)N1CC(n2cnc(-c3ccc(F)cc3)c2-c2ccc3ncc(C#N)n3n2)C1,6.6439741428068775,3,CHEMBL6000096
CC(C)(C)NC(=O)N1CC(n2cnc(-c3ccc(F)cc3)c2-c2ccc3ncc(C(N)=O)n3n2)C1,6.360513510731414,3,CHEMBL5742522
CC(C)(C)NC(=O)NCc1cnc2ccc(-c3c(-c4ccc(F)cc4)ncn3CC(F)F)nn12,8.022276394711152,3,CHEMBL5842624
CC(C)(C)OC(=O)CNC(=O)c1cnccc1Nc1nc(-c2cccc(C(F)F)n2)nn2cccc12,6.638272163982407,1,CHEMBL5765630
CC(C)(C)OC(=O)N1CC(n2cnc(-c3ccc(F)cc3)c2-c2ccc3ncc(C(N)=O)n3n2)C1,6.61261017366127,3,CHEMBL5901703
CC(C)(C)OC(=O)N1CCC(CNS(=O)(=O)c2cccc(S(=O)(=O)Nc3ccc(C(C)(C)C)cc3)c2)CC1,5.698970004336019,1,CHEMBL3701797
CC(C)(C)OC(=O)N1CCC(CNS(=O)(=O)c2cccc(S(=O)(=O)Nc3ccc(C(F)(F)F)cc3)c2)CC1,5.096910013008056,1,CHEMBL3701794
CC(C)(C)OC(=O)N1CCC(CNS(=O)(=O)c2cccc(S(=O)(=O)Nc3ccc(N4CCCCC4)c(-c4ccco4)c3)c2)CC1,5.6020599913279625,1,CHEMBL3701807
CC(C)(C)OC(=O)N1CCC(CNS(=O)(=O)c2cccc(S(=O)(=O)Nc3ccc(N4CCCCC4)cc3)c2)CC1,5.619788758288394,1,CHEMBL3701798
CC(C)(C)OC(=O)N1CCC(CNS(=O)(=O)c2cccc(S(=O)(=O)Nc3ccc(N4CCN(C(=O)OC(C)(C)C)CC4)cc3)c2)CC1,5.823908740944319,1,CHEMBL3701804
CC(C)(C)OC(=O)N1CCC(CNS(=O)(=O)c2cccc(S(=O)(=O)Nc3ccc(N4CCN(C(=O)c5ccccc5)CC4)cc3)c2)CC1,5.136677139879544,1,CHEMBL3701805
CC(C)(C)OC(=O)N1CCC(CNS(=O)(=O)c2cccc(S(=O)(=O)Nc3ccc(N4CCOCC4)cc3)c2)CC1,4.619788758288394,1,CHEMBL3701801
CC(C)(C)OC(=O)N1CCC(CNS(=O)(=O)c2cccc(S(=O)(=O)Nc3ccc(N=[N+]=[N-])cc3)c2)CC1,6.154901959985743,1,CHEMBL3701803
CC(C)(C)OC(=O)N1CCC(CNS(=O)(=O)c2cccc(S(=O)(=O)Nc3ccc(O)cc3)c2)CC1,4.795880017344075,1,CHEMBL3701802
CC(C)(C)OC(=O)N1CCC(CNS(=O)(=O)c2cccc(S(=O)(=O)Nc3cccc(-c4ccco4)c3)c2)CC1,5.173925197299173,1,CHEMBL3701808
CC(C)(C)OC(=O)N1CCC(CNS(=O)(=O)c2cccc(S(=O)(=O)Nc3cccc(-c4cccs4)c3)c2)CC1,5.337242168318426,1,CHEMBL3641467
CC(C)(C)OC(=O)N1CCC(CNS(=O)(=O)c2cccc(S(=O)(=O)Nc3ccccc3)c2)CC1,4.568636235841013,1,CHEMBL3701790
CC(C)(C)OC(=O)N1CCC(Cn2nc(-c3ccc4[nH]ccc4c3)c3c(N)ncnc32)C1,6.809388202186395,1,CHEMBL5560338
CC(C)(C)OC(=O)N1CCC(Cn2nc(-c3ccc4[nH]ccc4c3)c3c(N)ncnc32)CC1,6.282912275072981,1,CHEMBL5556705
CC(C)(C)OC(=O)N1CCN(CCNC(=O)c2cnccc2Nc2nc(-c3ccccn3)nn3cccc23)CC1,6.6777807052660805,1,CHEMBL6052787
CC(C)(C)OCCNC(=O)c1cnccc1Nc1nc(-c2cccc(C(F)F)n2)nn2cccc12,7.318758762624412,1,CHEMBL5753474
CC(C)(C)S(=O)(=O)c1ccc2nccc(Nc3n[nH]c4ccc(F)cc34)c2c1,5.500312917381596,1,CHEMBL3823499
CC(C)(C)c1ccc(-c2cc(Nc3ccnc4cc(-c5ccc(S(C)(=O)=O)cc5)ccc34)ccn2)cc1,6.83061950468805,1,CHEMBL4876162
CC(C)(C)c1nc(-c2cccc(NS(=O)(=O)c3c(F)cccc3F)c2F)c(-c2ccnc(N)n2)s1,5.431798275933005,1,CHEMBL2028663
CC(C)(C)c1nc(C2CC2)sc1Oc1ccnc(Nc2ccnc(C(C)(C)O)c2)c1,5.174573882232177,1,CHEMBL5761317
CC(C)(C)n1nc(-c2ccc3scnc3c2)c(C(N)=O)c1N,6.494850021680094,1,CHEMBL4437124
CC(C)(C)n1nc(C2CC2)cc1Oc1ccnc(Nc2ccc(S(N)(=O)=O)cc2)c1,7.026872146400302,1,CHEMBL5809591
CC(C)(F)Cn1cnc(-c2ccc(F)c(Cl)c2)c1-c1ccc2ncc(C#N)n2n1,8.823908740944319,3,CHEMBL5923139
CC(C)(F)Cn1cnc(-c2ccc(F)cc2)c1-c1ccc2ncc(C#N)n2n1,8.721246399047171,3,CHEMBL5979597
CC(C)(N)CNC(=O)c1cnccc1Nc1cc(-c2ccc(F)cc2F)nc2[nH]ccc12,6.399996913372259,1,CHEMBL4468495
CC(C)(NCc1ccn2nc(-c3ccccn3)nc(Nc3ccncc3F)c12)c1ccccn1,9.236572006437063,1,CHEMBL5979440
CC(C)(O)C(=O)N[C@@H](CO)C(=O)O,6.2182446253475305,1,CHEMBL5276307
CC(C)(O)C12CC(NC(=O)c3cc(-c4ccc([C@@]56C[C@@H]5CN(C5CCOCC5)C6)cc4)cnc3N)(C1)C2,5.0,1,CHEMBL5910427
CC(C)(O)C1CN(c2cc(Nc3cc(Oc4cn(C5CC5)nc4C4CCOCC4)ccn3)ccn2)C1,7.552841968657781,1,CHEMBL5207994
CC(C)(O)CCNC(=O)c1cnccc1Nc1nc(-c2cccc(C(F)F)n2)nn2cccc12,7.6777807052660805,1,CHEMBL5856427
CC(C)(O)CCn1cnc(-c2ccc(F)c(Cl)c2)c1-c1ccc2ncc(C#N)n2n1,8.602059991327963,3,CHEMBL5759484
CC(C)(O)CCn1cnc(-c2ccc(F)c(Cl)c2)c1-c1ccc2ncc(C(N)=O)n2n1,8.2839966563652,3,CHEMBL6012241
CC(C)(O)CCn1cnc(-c2ccc(F)cc2)c1-c1ccc2ncc(C#N)n2n1,8.67778070526608,3,CHEMBL5898612
CC(C)(O)CCn1cnc(-c2ccc(F)cc2)c1-c1ccc2ncc(C(N)=O)n2n1,7.55129368009492,3,CHEMBL5860746
CC(C)(O)CNC(=O)c1cc(Nc2nc(-c3cccc(C(F)(F)F)n3)nn3cccc23)ccn1,5.356547323513812,1,CHEMBL5965602
CC(C)(O)CNC(=O)c1cnccc1Nc1nc(-c2cccc(C(F)F)n2)nn2cccc12,7.309803919971486,1,CHEMBL5988570
CC(C)(O)CNCC(=O)Nc1cc(Nc2nc(-c3cccc(C(F)(F)F)n3)nn3cccc23)ccn1,9.221848749616356,1,CHEMBL5742925
CC(C)(O)CNCc1c[nH]c2nc(-c3cccc(C(F)F)n3)nc(Nc3ccncc3F)c12,8.853871964321762,1,CHEMBL5761141
CC(C)(O)CNCc1ccn2nc(-c3cccc(C(F)(F)F)n3)nc(Nc3ccncc3F)c12,8.221848749616356,1,CHEMBL6008716
CC(C)(O)CNCc1ccn2nc(-c3cccc(C(F)F)n3)nc(Nc3ccncc3F)c12,8.638272163982407,1,CHEMBL5740945
CC(C)(O)CNCc1ccn2nc(-c3ccccn3)nc(Nc3ccncc3F)c12,8.795880017344075,1,CHEMBL5945599
CC(C)(O)Cn1cc(Nc2cc(Oc3cn(C4CC4)nc3C3CCOCC3)ccn2)cn1,6.890333503916583,2,CHEMBL4640043
CC(C)(O)Cn1cnc(-c2ccc(F)cc2)c1-c1ccc2ncc(C#N)n2c1,6.97061622231479,3,CHEMBL6054463
CC(C)(O)Cn1cnc(-c2ccc(F)cc2)c1-c1ccc2ncc(C#N)n2n1,7.033389013318065,3,CHEMBL5941713
CC(C)(O)Cn1cnc(-c2ccc(F)cc2)c1-c1ccc2ncc(C(N)=O)n2c1,8.040958607678906,3,CHEMBL5915290
CC(C)(O)c1cc(Nc2cc(Oc3c(C4CCOCC4)nn4c3CCC4)ccn2)ccn1,7.6020599913279625,1,CHEMBL5985072
CC(C)(O)c1cc(Nc2cc(Oc3cc(C(F)(F)F)nn3-c3c(F)cccc3F)ccn2)ccn1,7.886056647693163,1,CHEMBL5858470
CC(C)(O)c1cc(Nc2cc(Oc3cc(C(F)(F)F)nn3-c3ccc(C#N)cc3)ccn2)ccn1,6.85078088734462,1,CHEMBL5879813
CC(C)(O)c1cc(Nc2cc(Oc3cc(C(F)(F)F)nn3-c3ccc(Cl)cc3)ccn2)ccn1,6.798602875679549,1,CHEMBL5815113
CC(C)(O)c1cc(Nc2cc(Oc3cc(C(F)(F)F)nn3-c3ccc(F)cc3)ccn2)ccn1,7.0655015487564325,1,CHEMBL5809036
CC(C)(O)c1cc(Nc2cc(Oc3cc(C(F)(F)F)nn3-c3cccc(Cl)c3)ccn2)ccn1,7.251811972993799,1,CHEMBL5958275
CC(C)(O)c1cc(Nc2cc(Oc3cc(C(F)(F)F)nn3-c3ccccc3)ccn2)ccn1,7.920818753952375,1,CHEMBL5976876
CC(C)(O)c1cc(Nc2cc(Oc3cc(C(F)(F)F)nn3-c3ccccc3C#N)ccn2)ccn1,7.259637310505756,1,CHEMBL6042502
CC(C)(O)c1cc(Nc2cc(Oc3cc(C(F)(F)F)nn3-c3ccccc3Cl)ccn2)ccn1,7.1487416512809245,1,CHEMBL5769669
CC(C)(O)c1cc(Nc2cc(Oc3cc(C(F)(F)F)nn3-c3ccccc3F)ccn2)ccn1,7.7447274948966935,1,CHEMBL5973281
CC(C)(O)c1cc(Nc2cc(Oc3cc(C(F)(F)F)nn3-c3ccccn3)ccn2)ccn1,7.920818753952375,1,CHEMBL5842867
CC(C)(O)c1cc(Nc2cc(Oc3cc(C(F)(F)F)nn3-c3cccnc3)ccn2)ccn1,6.548213564475709,1,CHEMBL6026508
CC(C)(O)c1cc(Nc2cc(Oc3cc(C(F)(F)F)nn3-c3ccncc3)ccn2)ccn1,6.8794260687941495,1,CHEMBL5831825
CC(C)(O)c1cc(Nc2cc(Oc3cc(C(F)(F)F)nn3-c3cncnc3)ccn2)ccn1,6.580044251510242,1,CHEMBL6024521
CC(C)(O)c1cc(Nc2cc(Oc3cc(C(F)(F)F)nn3C(C)(C)C)ccn2)ccn1,7.468521082957745,1,CHEMBL6063199
CC(C)(O)c1cc(Nc2cc(Oc3cc(C(F)(F)F)nn3C3CC3)ccn2)ccn1,6.745358405631667,2,CHEMBL5817648
CC(C)(O)c1cc(Nc2cc(Oc3cc(C(F)(F)F)nn3C3CCCNC3)ccn2)ccn1,7.309803919971486,1,CHEMBL5881674
CC(C)(O)c1cc(Nc2cc(Oc3cc(C(F)(F)F)nn3C3CCNC3)ccn2)ccn1,6.0614802748235075,1,CHEMBL5979298
CC(C)(O)c1cc(Nc2cc(Oc3cc(C(F)(F)F)nn3C3CCNCC3)ccn2)ccn1,7.055517327849831,1,CHEMBL5831121
CC(C)(O)c1cc(Nc2cc(Oc3cc(C(F)(F)F)nn3C3CCOCC3)ccn2)ccn1,7.275724130399211,1,CHEMBL5834588
CC(C)(O)c1cc(Nc2cc(Oc3cc(C(F)(F)F)nn3C3CNC3)ccn2)ccn1,6.651695136951839,1,CHEMBL6049040
CC(C)(O)c1cc(Nc2cc(Oc3cc(C(F)(F)F)nn3CC3CC3)ccn2)ccn1,7.318758762624412,1,CHEMBL5937927
CC(C)(O)c1cc(Nc2cc(Oc3cc(C(F)(F)F)nn3[C@@H]3C[C@H]4CC[C@@H](C3)O4)ccn2)ccn1,7.494850021680094,1,CHEMBL5888626
CC(C)(O)c1cc(Nc2cc(Oc3cc(C(F)(F)F)nn3[C@H]3C[C@H]4CC[C@@H](C3)O4)ccn2)ccn1,6.94692155651658,1,CHEMBL5989399
CC(C)(O)c1cc(Nc2cc(Oc3cc(C(F)F)nn3C3CCOCC3)ccn2)ccn1,6.761953896871205,1,CHEMBL5905593
CC(C)(O)c1cc(Nc2cc(Oc3cc(C4CC4)nn3C(C)(C)C)ccn2)ccn1,7.337242168318426,1,CHEMBL5873675
CC(C)(O)c1cc(Nc2cc(Oc3cc(C4CC4)nn3C3CC3)ccn2)ccn1,7.366531544420414,1,CHEMBL5853817
CC(C)(O)c1cc(Nc2cc(Oc3cc(C4CC4)nn3C3CCOCC3)ccn2)ccn1,7.214670164989233,1,CHEMBL6044889
CC(C)(O)c1cc(Nc2cc(Oc3cc(C4CC4)nn3C3CCOCC3)ncn2)ccn1,6.0835460514500745,1,CHEMBL6007703
CC(C)(O)c1cc(Nc2cc(Oc3cc(C4CC4)nn3CC(F)(F)F)ccn2)ccn1,7.431798275933005,1,CHEMBL5852002
CC(C)(O)c1cc(Nc2cc(Oc3cc(C4CC4)nn3[C@@H]3C[C@H]4CC[C@@H](C3)O4)ccn2)ccn1,7.721246399047171,1,CHEMBL6006907
CC(C)(O)c1cc(Nc2cc(Oc3cc(C4CC4)nn3[C@H]3C[C@H]4CC[C@@H](C3)O4)ccn2)ccn1,7.455931955649724,1,CHEMBL5903795
CC(C)(O)c1cc(Nc2cc(Oc3ccc(C(F)(F)F)nc3C3CCOCC3)ccn2)ccn1,7.301029995663981,1,CHEMBL5803042
CC(C)(O)c1cc(Nc2cc(Oc3ccc(C4CC4)nc3C3CCOCC3)ccn2)ccn1,6.935542010773082,1,CHEMBL6049995
CC(C)(O)c1cc(Nc2cc(Oc3cccnc3C3CCOCC3)ccn2)ccn1,7.251811972993799,1,CHEMBL5801879
CC(C)(O)c1cc(Nc2cc(Oc3cn(C4CC4)nc3-c3ccc(C#N)cc3)ccn2)ccn1,7.503070351926786,1,CHEMBL4790322
CC(C)(O)c1cc(Nc2cc(Oc3cn(C4CC4)nc3-c3ccc(C(=O)O)cc3)ccn2)ccn1,6.089375595110798,1,CHEMBL4794175
CC(C)(O)c1cc(Nc2cc(Oc3cn(C4CC4)nc3-c3ccc(C(N)=O)cc3)ccn2)ccn1,6.549750891680639,1,CHEMBL4781452
CC(C)(O)c1cc(Nc2cc(Oc3cn(C4CC4)nc3-c3ccc(F)cc3)ccn2)ccn1,7.7055337738384075,1,CHEMBL4792452
CC(C)(O)c1cc(Nc2cc(Oc3cn(C4CC4)nc3-c3ccc4c(c3)OCO4)ccn2)ccn1,7.66354026615147,1,CHEMBL4784194
CC(C)(O)c1cc(Nc2cc(Oc3cn(C4CC4)nc3-c3cccc4c3OCCO4)ccn2)ccn1,7.354577730650908,1,CHEMBL4788673
CC(C)(O)c1cc(Nc2cc(Oc3cn(C4CC4)nc3-c3ccccc3)ccn2)ccn1,7.581698708680254,1,CHEMBL4777871
CC(C)(O)c1cc(Nc2cc(Oc3cn(C4CC4)nc3-c3ccncc3)ccn2)ccn1,7.075720713938118,1,CHEMBL4777610
CC(C)(O)c1cc(Nc2cc(Oc3cn(C4CC4)nc3C(=O)Nc3ccccc3F)ccn2)ccn1,7.268277484114786,2,CHEMBL5981143
CC(C)(O)c1cc(Nc2cc(Oc3cn(C4CC4)nc3C3C4COCC43)ccn2)ccn1,7.3260580013659125,1,CHEMBL4795823
CC(C)(O)c1cc(Nc2cc(Oc3cn(C4CC4)nc3C3CC(F)(F)C3)ccn2)ccn1,7.356547323513812,1,CHEMBL4791815
CC(C)(O)c1cc(Nc2cc(Oc3cn(C4CC4)nc3C3CC(O)(C(F)(F)F)C3)ccn2)ccn1,8.086186147616283,1,CHEMBL4782867
CC(C)(O)c1cc(Nc2cc(Oc3cn(C4CC4)nc3C3CCC(F)(F)CC3)ccn2)ccn1,7.824488573707939,2,CHEMBL4777294
CC(C)(O)c1cc(Nc2cc(Oc3cn(C4CC4)nc3C3CCOCC3)ccn2)ccc1S(C)(=O)=O,8.337242168318426,1,CHEMBL5204976
CC(C)(O)c1cc(Nc2cc(Oc3cn(C4CC4)nc3C3CCOCC3)ccn2)ccn1,7.4179366370882915,3,CHEMBL4594432
CC(C)(O)c1cc(Nc2cc(Oc3cn(C4CC4)nc3C3CN(C(=O)C4CC4)C3)ccn2)ccn1,6.511449283499555,1,CHEMBL4799736
CC(C)(O)c1cc(Nc2cc(Oc3cn(C4CC4)nc3C3CN(CC(F)(F)F)C3)ccn2)ccn1,6.277366077466188,1,CHEMBL4783147
CC(C)(O)c1cc(Nc2cc(Oc3cn(C4CCC4)nc3C3CCOCC3)ccn2)ccn1,7.292429823902063,1,CHEMBL5862455
CC(C)(O)c1cc(Nc2cc(Oc3cn(C4CCCC4)nc3C3CCOCC3)ccn2)ccn1,6.199970640755866,1,CHEMBL5864184
CC(C)(O)c1cc(Nc2cc(Oc3cn(CC(F)(F)F)nc3C3CCOCC3)ccn2)ccn1,6.342944147142896,1,CHEMBL5848235
CC(C)(O)c1cc(Nc2cc(Oc3sc(C4CC4)nc3C3CCOCC3)ccn2)ccn1,6.954677021213342,1,CHEMBL5923841
CC(C)(O)c1cc(Nc2cc(Sc3cn(C4CC4)nc3C3CCOCC3)ccn2)ccn1,7.096910013008056,1,CHEMBL5872959
CC(C)(O)c1cc2cc(Nc3cc(Oc4cn(C5CC5)nc4C4CCOCC4)ccn3)ccc2cn1,7.552841968657781,1,CHEMBL5175051
CC(C)(O)c1ccc(Nc2cc(Oc3cc(C(F)(F)F)nn3-c3c(F)cccc3F)ccn2)cn1,7.7447274948966935,1,CHEMBL5759064
CC(C)(O)c1ccc(Nc2cc(Oc3cc(C(F)(F)F)nn3-c3ccccc3F)ccn2)cn1,7.6777807052660805,1,CHEMBL5972379
CC(C)(O)c1ccc(Nc2cc(Oc3cc(C(F)(F)F)nn3C3CCOCC3)ccn2)cn1,7.619788758288394,1,CHEMBL5781463
CC(C)(O)c1ccc(Nc2cc(Oc3cn(C4CC4)nc3C3CCOCC3)ccn2)cc1C(F)(F)F,8.301029995663981,1,CHEMBL5199883
CC(C)(O)c1cccc(-c2ncccc2-c2ccc3ncc(C#N)n3c2)n1,4.823908740944319,1,CHEMBL5802807
CC(C)(O)c1cccc(-c2ncn(CC(F)F)c2-c2ccc3ncc(C#N)n3n2)c1,8.008773924307505,3,CHEMBL5786466
CC(C)(O)c1cnc2ccc(-c3c(-c4ccc(F)cc4)ncn3CC(F)F)cn12,6.735182176990463,3,CHEMBL5748206
CC(C)(O)c1cnc2ccc(-c3c(-c4ccc(F)cc4)ncn3CC(F)F)nn12,8.920818753952375,3,CHEMBL5789889
CC(C)C(=O)N[C@@H](CO)C(=O)O,8.522878745280337,1,CHEMBL5285361
CC(C)C(=O)c1c[nH]c(-c2sc(N(c3cn[nH]c3)C3CC3)nc2C(N)=O)c1,7.703334809738469,1,CHEMBL5592344
CC(C)C(C)n1cnc(-c2ccc(F)cc2)c1-c1ccc2ncc(C#N)n2c1,6.000434511774017,3,CHEMBL5760959
CC(C)CC(=O)Nc1cc(Nc2nc(-c3cccc(C(F)(F)F)n3)nc3[nH]ccc23)ccn1,9.070581074285707,1,CHEMBL6048148
CC(C)CC(=O)Nc1cc(Nc2nc(-c3cccc(C(F)(F)F)n3)nn3cccc23)ccn1,8.2518119729938,1,CHEMBL5941369
CC(C)CCn1cnc(-c2ccc(F)c(Cl)c2)c1-c1ccc2ncc(C#N)n2n1,8.853871964321762,3,CHEMBL5867020
CC(C)CCn1cnc(-c2ccc(F)c(Cl)c2)c1-c1ccc2ncc(C(N)=O)n2n1,8.958607314841775,3,CHEMBL5832489
CC(C)CN1C(=O)Cc2cc(-c3cncc(-c4ccc(=O)n(C(C)C)c4)c3)ccc21,5.721246399047171,1,CHEMBL5878733
CC(C)CN1c2ccc(-c3cncc(-c4ccc(=O)n(C(C)C)c4)c3)cc2CS1(=O)=O,5.619788758288394,1,CHEMBL5941453
CC(C)Cn1cc(-c2cncc(-c3ccc4c(c3)CC(=O)N4C)c2)ccc1=O,5.040958607678906,1,CHEMBL5919768
CC(C)Cn1cnc(-c2ccc(F)cc2)c1-c1ccc2ncc(C#N)n2c1,7.145086977692144,3,CHEMBL6047775
CC(C)Cn1cnc(-c2ccc(F)cc2)c1-c1ccc2ncc(C(N)=O)n2c1,8.958607314841775,3,CHEMBL5937758
CC(C)N1C(=O)Cc2cc(-c3cncc(-c4ccc(=O)n(C(C)C)c4)c3)ccc21,5.7447274948966935,1,CHEMBL5831712
CC(C)N1CCC(c2ccc(-c3cnc(N)c(C(=O)N[C@H]4CC[C@H](O)CC4)c3)cc2)C1,5.721246399047171,1,CHEMBL5836628
CC(C)N1CCN(c2cc(Nc3cc(Oc4cn(C5CC5)nc4C4CCOCC4)ccn3)ccn2)CC1,7.573242151621535,2,CHEMBL4633398
CC(C)N1CCN(c2ccc(-c3cnc(N)c(C(=O)N[C@H]4CC[C@H](O)CC4)c3)c(F)c2)CC1,5.3979400086720375,1,CHEMBL6023010
CC(C)N1C[C@@H]2C[C@]2(c2ccc(-c3cnc(N)c(C(=O)NC45CC(CO)(C4)C5)c3)cc2)C1,5.004364805402449,1,CHEMBL5877263
CC(C)N1C[C@@H]2C[C@]2(c2ccc(-c3cnc(N)c(C(=O)N[C@H]4CC[C@@H](O)CC4)c3)cc2)C1,5.522878745280337,1,CHEMBL5740690
CC(C)N1C[C@@H]2C[C@]2(c2ccc(-c3cnc(N)c(C(=O)N[C@H]4CC[C@H](O)CC4)c3)cc2)C1,5.3059725012139065,2,CHEMBL5767958
CC(C)N1C[C@@H]2C[C@]2(c2ccc(-c3cnc(N)c(C(=O)N[C@H]4CC[C@](C)(O)CC4)c3)cc2)C1,5.494850021680094,1,CHEMBL5903452
CC(C)N1C[C@H]2C[C@@]2(c2ccc(-c3cnc(N)c(C(=O)NC45CC(CO)(C4)C5)c3)cc2)C1,5.0,1,CHEMBL5956835
CC(C)N1C[C@H]2C[C@@]2(c2ccc(-c3cnc(N)c(C(=O)N[C@H]4CC[C@H](O)CC4)c3)cc2)C1,5.664141088680182,1,CHEMBL5787518
CC(C)N1C[C@H]2C[C@@]2(c2ccc(-c3cnc(N)c(C(=O)N[C@H]4CC[C@](C)(O)CC4)c3)cc2)C1,5.167491087293763,1,CHEMBL5767384
CC(C)NC(=O)c1ccc2c(c1)NC(=O)/C2=C(\Nc1ccc(CN2CCCCC2)cc1)c1ccccc1,6.497572880015568,1,CHEMBL524647
CC(C)NC(=O)c1cnccc1Nc1nc(-c2cccc(C(F)F)n2)nn2cccc12,6.958607314841775,1,CHEMBL5902454
CC(C)Nc1cc(-c2ccc3c(N)n[nH]c3c2)nc(N)n1,6.299997602857746,1,CHEMBL1765761
CC(C)OC(=O)NCc1cnc2ccc(-c3c(-c4ccc(F)cc4)ncn3CC(F)F)nn12,8.301029995663981,3,CHEMBL5808420
CC(C)OCCn1cnc(-c2ccc(F)cc2)c1-c1ccc2ncc(C#N)n2n1,8.522878745280337,3,CHEMBL5958787
CC(C)OCCn1cnc(-c2ccc(F)cc2)c1-c1ccc2ncc(C(N)=O)n2n1,8.602059991327963,3,CHEMBL5963384
CC(C)Oc1ccc(-c2cc(Nc3ccnc4cc(-c5ccc(S(C)(=O)=O)cc5)ccc34)ccn2)cc1,6.895171596346344,1,CHEMBL4869006
CC(C)Oc1ccc(-c2cc(Nc3ccnc4cc(-c5cnn(CCN(C)C)c5)ccc34)ccn2)cc1,5.830913642512977,1,CHEMBL4862355
CC(C)Oc1ccc(-c2ncn(CC(F)F)c2-c2ccc3ncc(C#N)n3n2)cc1,6.767003889607846,3,CHEMBL5857347
CC(C)Oc1cccc(-c2cc(-c3ccc(N4CCNCC4)cc3)cnc2N)c1,5.719449308175472,2,CHEMBL3341951
CC(C)S(=O)(=O)N1CCC(CCn2nc(-c3ccc4[nH]ccc4c3)c3c(N)ncnc32)CC1,7.189095719331299,1,CHEMBL5527856
CC(C)c1cc(-c2ccc3c(N)n[nH]c3c2)nc(N)n1,5.700000503883016,1,CHEMBL1765757
CC(C)c1ccc(-c2cc(-c3c[nH]nc3-c3ccccn3)ccn2)cc1,7.494850021680094,1,CHEMBL206544
CC(C)c1ccc(-c2cc(Nc3ccnc4cc(-c5ccc(S(C)(=O)=O)cc5)ccc34)ccn2)cc1,5.122513471930398,1,CHEMBL4859412
CC(C)c1ccc(-c2cc(Nc3ccnc4cc(-c5cnn(CCN(C)C)c5)ccc34)ccn2)cc1,5.621420423884225,1,CHEMBL4875621
CC(C)c1cccc(-c2ncccc2-c2ccc3ncc(C#N)n3c2)n1,6.512861624522813,1,CHEMBL6035300
CC(C)c1cccc(-c2ncccc2-c2ccc3ncc(C#N)n3n2)n1,5.710411047457404,1,CHEMBL5912613
CC(C)c1cccc(-c2ncccc2-c2ccc3ncc(C(N)=O)n3c2)n1,7.795880017344075,1,CHEMBL6012847
CC(C)c1cccc(-c2ncccc2-c2ccc3ncc(C(N)=O)n3n2)n1,6.249491605148654,1,CHEMBL6033142
CC(C)c1cccc(-c2ncccc2-c2ccc3ncnc(N)c3c2)n1,6.764471553092451,1,CHEMBL5849076
CC(C)c1cccc(-c2nn3c(c2-c2ccnc4ccccc24)CCC3)n1,5.886056647693163,1,CHEMBL120245
CC(C)c1cnc(-c2cc(Cl)ccc2F)cc1Nc1ccncc1,8.301029995663981,1,CHEMBL5285746
CC(C)c1cnc(-c2cc(Cl)ccc2F)cc1Nc1ccncc1C(=O)NC(CO)CO,7.607303046740334,5,CHEMBL5095192
CC(C)c1cnc(-c2cc(Cl)ccc2F)cc1Nc1ccncc1C(=O)NC1COC1,7.920818753952375,1,CHEMBL5268400
CC(C)c1cnc(-c2cc(Cl)ccc2F)cc1Nc1ccncc1C(=O)NCC(N)=O,7.809668301829708,4,CHEMBL5290769
CC(C)c1cnc(-c2cc(Cl)ccc2F)cc1Nc1ccncc1C(=O)NCCN,8.154901959985743,1,CHEMBL5287327
CC(C)c1cnc(-c2cc(Cl)ccc2F)cc1Nc1ccncc1C(=O)NCCNC(=O)OC(C)(C)C,8.167491087293763,3,CHEMBL6036046
CC(C)c1cnc(-c2cc(Cl)ccc2F)cc1Nc1ccncc1C(=O)NCCNS(C)(=O)=O,7.462180904926726,4,CHEMBL5291016
CC(C)c1cnc(-c2cc(Cl)ccc2F)cc1Nc1ccncc1C(=O)NC[C@H](C)O,7.690369832574101,4,CHEMBL5289691
CC(C)c1cnc(-c2cc(Cl)ccc2F)cc1Nc1ccncc1C(=O)N[C@@H](C)CO,7.804100347590766,4,CHEMBL5288333
CC(C)c1cnc(-c2cc(Cl)ccc2F)cc1Nc1ccncc1C(=O)O,8.154901959985743,1,CHEMBL5274165
CC(C)c1cnc(-c2cc(Cl)ccc2F)cc1Nc1ccncc1C(N)=O,8.522878745280337,1,CHEMBL5267945
CC(C)c1cnc(-c2cc(Cl)ccc2F)cc1Nc1ncncc1C(=O)NC[C@H](C)O,7.756961951313706,3,CHEMBL5768318
CC(C)c1cnc(-c2ccccc2)cc1Nc1ccncc1C(=O)NC[C@H](C)O,6.2588484011482155,1,CHEMBL5934556
CC(C)c1nc(-c2ccc(F)c(NS(=O)(=O)c3c(F)cccc3F)c2)c(-c2ccnc(Nc3ccc(N4CCOCC4)nc3)n2)s1,8.0,1,CHEMBL1808264
CC(C)c1nc(C2CCOCC2)c(Oc2ccnc(Nc3ccnc(C(C)(C)O)c3)c2)s1,7.045757490560675,1,CHEMBL5841525
CC(C)n1cc(-c2cc(-c3ccc4c(c3)CC(=O)N4C)cnc2N)ccc1=O,5.251811972993799,1,CHEMBL5751619
CC(C)n1cc(-c2cncc(-c3cc(F)c4c(c3)CC(=O)N4C)c2)ccc1=O,5.031517051446064,1,CHEMBL5899023
CC(C)n1cc(-c2cncc(-c3cc4c(cc3F)N(C)C(=O)C4)c2)ccc1=O,5.275724130399211,1,CHEMBL5773795
CC(C)n1cc(-c2cncc(-c3ccc4c(c3)CC(=O)N4)c2)ccc1=O,5.468521082957745,1,CHEMBL5940192
CC(C)n1cc(-c2cncc(-c3ccc4c(c3)CC(=O)N4C)c2)ccc1=O,5.9107993292331225,2,CHEMBL5879231
CC(C)n1cc(-c2cncc(-c3ccc4c(c3)CC(=O)N4C)n2)ccc1=O,5.301029995663981,1,CHEMBL6010720
CC(C)n1cc(-c2cncc(-c3ccc4c(c3)CC(=O)N4CC3CCC3)c2)ccc1=O,5.468521082957745,1,CHEMBL5760866
CC(C)n1cc(-c2cncc(-c3ccc4c(c3)CC(=O)N4CCCO)c2)ccc1=O,5.376750709602099,1,CHEMBL5981444
CC(C)n1cc(-c2cncc(-c3ccc4c(c3)CC(=O)N4CCO)c2)ccc1=O,5.301029995663981,1,CHEMBL6007731
CC(C)n1cc(-c2cncc(-c3ccc4c(c3)CCCC(=O)N4C)c2)ccc1=O,5.853871964321762,1,CHEMBL5872458
CC(C)n1cc(-c2cncc(-c3ccc4c(c3)CS(=O)(=O)N4C)c2)ccc1=O,5.619788758288394,1,CHEMBL5868147
CC(C)n1cc(-c2cncc(-c3ccc4c(c3)CS(=O)(=O)N4CC3CCC3)c2)ccc1=O,5.568636235841012,1,CHEMBL6034905
CC(C)n1cc(-c2cncc(-c3ccc4c(c3)NC(=O)C4(C)C)c2)ccc1=O,6.161150909262744,1,CHEMBL5781575
CC(C)n1cc(-c2nc(-c3ccc4c(c3)CC(=O)N4C)cnc2N)ccc1=O,6.0,1,CHEMBL5910284
CC(C)n1cc(N(c2nc(C(N)=O)c(-c3ccc[nH]3)s2)C2CC2)cn1,6.508638306165727,1,CHEMBL5594194
CC(C)n1cc(NCc2ccn3nc(-c4ccccn4)nc(Nc4ccncc4F)c23)cn1,8.769551078621726,1,CHEMBL6054505
CC(C)n1ccc(-c2nc(-c3ccc(C(N)=O)cc3)[nH]c2-c2ccc3nccnc3c2)n1,6.051098239029786,1,CHEMBL5989628
CC(C)n1ccc(-c2nc(CNc3cc(F)cc(C#N)c3)[nH]c2-c2ccc3nccnc3c2)n1,6.860120913598763,1,CHEMBL5833200
CC(C)n1ccc(-c2nc(CNc3cc(F)cc(C(N)=O)c3)[nH]c2-c2ccc3nccnc3c2)n1,7.107905397309519,1,CHEMBL5821721
CC(C)n1ccc(-c2nc(CNc3cc(F)cc(F)c3)[nH]c2-c2ccc3nccnc3c2)n1,7.333482019445119,1,CHEMBL5754591
CC(C)n1ccc(-c2nc(CNc3cc(F)cc(F)c3)[nH]c2-c2ccc3ncnn3c2)n1,6.987162775294828,1,CHEMBL5797416
CC(C)n1ccc(-c2nc(CNc3ccc(Cl)c(Cl)c3)[nH]c2-c2ccc3nccnc3c2)n1,6.585026652029182,1,CHEMBL5908120
CC(C)n1ccc(-c2nc(CNc3cccc(C#N)c3)[nH]c2-c2ccc3nccnc3c2)n1,7.481486060122112,1,CHEMBL6027010
CC(C)n1ccc(-c2nc(CNc3cccc(Cl)c3)[nH]c2-c2ccc3nccnc3c2)n1,7.505845405981557,1,CHEMBL5777853
CC(C)n1ccc(-c2nc(CNc3cccc(F)c3)[nH]c2-c2ccc3ncc(C(N)=O)n3n2)n1,7.309803919971486,1,CHEMBL5963476
CC(C)n1ccc(-c2nc(CNc3ccccc3)[nH]c2-c2ccc3ncnn3c2)n1,6.578396073130168,1,CHEMBL5870903
CC(C)n1ccc(-c2nc(CNc3ccccc3F)[nH]c2-c2ccc3nccnc3c2)n1,6.892790030352131,1,CHEMBL5792976
CC(C)n1cnc(-c2ccc(F)c(Cl)c2)c1-c1ccc2ncc(C#N)n2n1,9.221848749616356,3,CHEMBL6046904
CC(C)n1cnc(-c2ccc(F)c(Cl)c2)c1-c1ccc2ncc(C(N)=O)n2n1,9.045757490560675,3,CHEMBL5896624
CC(C)n1cnc(-c2ccc(F)cc2)c1-c1ccc2ncc(C#N)n2c1,7.257274868695301,3,CHEMBL5871079
CC(C)n1cnc(-c2ccc(F)cc2)c1-c1ccc2ncc(C#N)n2n1,9.397940008672037,3,CHEMBL5908946
CC(C)n1cnc(-c2ccc(F)cc2)c1-c1ccc2ncc(C(N)=O)n2c1,9.301029995663981,3,CHEMBL5921032
CC(C)n1cnc(-c2ccc(F)cc2)c1-c1ccc2ncc(C(N)=O)n2n1,9.154901959985743,3,CHEMBL5883997
CC(C)n1nc(-c2cncc(-c3ccc4c(c3)CC(=O)N4C)c2)ccc1=O,5.2441251443275085,1,CHEMBL6040997
CC(C)n1nc(C(F)(F)F)cc1Oc1ccnc(Nc2ccnc(C(C)(C)O)c2)c1,7.180456064458131,1,CHEMBL5778818
CC(C1CC1)n1cnc(-c2ccc(F)cc2)c1-c1ccc2ncc(C#N)n2c1,7.714442690992226,3,CHEMBL6040426
CC(C1CC1)n1cnc(-c2ccc(F)cc2)c1-c1ccc2ncc(C(N)=O)n2c1,9.221848749616356,3,CHEMBL5822444
CC(CCO)n1cnc(-c2ccc(F)cc2)c1-c1ccc2ncc(C#N)n2c1,7.508638306165727,3,CHEMBL6026643
CC(CCO)n1cnc(-c2ccc(F)cc2)c1-c1ccc2ncc(C(N)=O)n2c1,8.638272163982407,3,CHEMBL5824873
CC(CO)n1cnc(-c2ccc(F)cc2)c1-c1ccc2ncc(C#N)n2c1,7.053056729302175,3,CHEMBL5812837
CC(CO)n1cnc(-c2ccc(F)cc2)c1-c1ccc2ncc(C(N)=O)n2c1,8.828788659588897,6,CHEMBL5781712
CC(F)(F)CN1C[C@@H]2C[C@]2(c2ccc(-c3cnc(N)c(C(=O)N[C@H]4CC[C@H](O)CC4)c3)cc2)C1,5.026872146400301,1,CHEMBL5904957
CC(F)(F)CN1C[C@H]2C[C@@]2(c2ccc(-c3cnc(N)c(C(=O)N[C@H]4CC[C@H](O)CC4)c3)cc2)C1,5.1938200260161125,1,CHEMBL5929964
CC(F)(F)Cn1cnc(-c2ccc(F)c(Cl)c2)c1-c1ccc2ncc(C#N)n2n1,9.096910013008056,3,CHEMBL5960307
CC(F)(F)Cn1cnc(-c2ccc(F)c(Cl)c2)c1-c1ccc2ncc(C(N)=O)n2n1,9.221848749616356,3,CHEMBL6013004
CC(F)(F)Cn1cnc(-c2ccc(F)cc2)c1-c1ccc2ncc(C#N)n2n1,8.920818753952375,3,CHEMBL5881379
CC(F)(F)Cn1cnc(-c2ccc(F)cc2)c1-c1ccc2ncc(C(N)=O)n2n1,9.221848749616356,3,CHEMBL5978831
CC(O)(c1cc(Nc2cc(Oc3cn(C4CC4)nc3C3CC(F)(F)C3)ccn2)ccn1)C(F)(F)F,7.460923901207224,1,CHEMBL4778362
CC(O)(c1cc(Nc2cc(Oc3cn(C4CC4)nc3C3CCOCC3)ccn2)ccn1)C1CC1,8.036212172654444,1,CHEMBL5193583
CC(O)CCNCc1ccn2nc(-c3ccccn3)nc(Nc3ccncc3F)c12,9.2839966563652,1,CHEMBL5826016
CC(O)CCn1cnc(-c2ccc(F)cc2)c1-c1ccc2ncc(C#N)n2c1,6.821023052706831,3,CHEMBL6011294
CC(O)CCn1cnc(-c2ccc(F)cc2)c1-c1ccc2ncc(C(N)=O)n2c1,8.366531544420413,3,CHEMBL5778112
CC(O)CNC(=O)c1cnccc1Nc1cc(-c2cc(Cl)ccc2F)ncc1Br,6.6020599913279625,1,CHEMBL5748725
CC(O)CNC(=O)c1cnccc1Nc1cc(-c2ccccc2)ncc1C(C)C,6.2588484011482155,2,CHEMBL5926789
CC(O)CNCc1ccn2nc(-c3ccccn3)nc(Nc3ccncc3F)c12,8.920818753952375,1,CHEMBL6059727
CC(O)Cn1cnc(-c2ccc(F)cc2)c1-c1ccc2ncc(C(N)=O)n2c1,8.2839966563652,4,CHEMBL5933185
CC(O)c1cccc(-c2nc(Nc3ccncc3F)c3cccn3n2)n1,7.154901959985743,1,CHEMBL5987991
CC(O)c1cnc2ccc(-c3c(-c4ccc(F)cc4)ncn3CC(F)F)cn12,6.863279432843593,3,CHEMBL5843655
CC(O)c1cnc2ccc(-c3c(-c4ccc(F)cc4)ncn3CC(F)F)nn12,8.958607314841775,3,CHEMBL6027780
CC(c1ccc(-c2cnc3c(-c4ccc(S(N)(=O)=O)c5ccccc45)cnn3c2)cc1)N1CCCC1,4.729321163855293,1,CHEMBL4283638
CC1(C#N)CN(c2cc(Nc3cc(Oc4cn(C5CC5)nc4C4CCOCC4)ccn3)ccn2)C1,7.853871964321762,1,CHEMBL5203962
CC1(C)Cc2c(-c3ccc(O)cc3)c(-c3ccccn3)nn2C1,5.702239488900866,1,CHEMBL4281195
CC1(C)Cc2c(-c3ccncc3)c(-c3ccccc3C#N)nn2C1,5.598944274228156,1,CHEMBL4277755
CC1(C)Cc2c(-c3ccncc3)c(-c3ccccn3)nn2C1,5.7121982700697735,1,CHEMBL4285692
CC1(C)OC(=N)c2ccc(Nc3cc(Oc4cc(C5CC5)nn4C4CCOCC4)ccn3)cc21,7.180456064458131,1,CHEMBL5903821
CC1(C)OC(=N)c2ccc(Nc3cc(Oc4cn(C5CC5)nc4C4CCOCC4)ccn3)cc21,7.657577319177793,1,CHEMBL6015214
CC1(C)OC(=O)c2ccc(Nc3cc(Oc4cc(C5CC5)nn4C4CCOCC4)ccn3)cc21,6.987162775294828,1,CHEMBL5845379
CC1(C)OC(=O)c2ccc(Nc3cc(Oc4cn(C5CC5)nc4C4CCOCC4)ccn3)cc21,7.537602002101044,1,CHEMBL5790130
CC1(CNCc2ccn3nc(-c4ccccn4)nc(Nc4ccncc4F)c23)CCC1,9.568636235841012,1,CHEMBL5821659
CC1(Cn2cc(Nc3cc(Oc4cn(C5CC5)nc4C4CCOCC4)ccn3)cn2)COC1,6.982966660701219,2,CHEMBL4637443
CC1(Cn2cnc(-c3ccc(F)c(Cl)c3)c2-c2ccc3ncc(C#N)n3n2)CC1,8.795880017344075,3,CHEMBL6059019
CC1(Cn2cnc(-c3ccc(F)c(Cl)c3)c2-c2ccc3ncc(C#N)n3n2)COC1,8.638272163982407,3,CHEMBL5930149
CC1(O)CCC(c2nn(C3CC3)cc2Oc2ccnc(Nc3ccnc(C(C)(C)O)c3)c2)CC1,8.086186147616283,1,CHEMBL4797447
CC1(O)CN(C(=O)c2cc(Nc3cc(Oc4cn(C5CC5)nc4C4CCOCC4)ccn3)ccc2C#N)C1,6.675717544702307,1,CHEMBL4645653
CC1(O)CN(C(=O)c2cc(Nc3cc(Oc4cn(C5CC5)nc4C4CCOCC4)ccn3)ccc2F)C1,6.913640169325252,1,CHEMBL4634207
CC1(O)CN(c2cc(Nc3cc(Oc4cn(C5CC5)nc4C4CCOCC4)ccn3)ccc2C#N)C1,7.4599394002452595,2,CHEMBL4641072
CC1(n2cnc(-c3ccc(F)c(Cl)c3)c2-c2ccc3ncc(C#N)n3n2)CC1,9.045757490560675,3,CHEMBL6019205
CC1(n2cnc(-c3ccc(F)c(Cl)c3)c2-c2ccc3ncc(C#N)n3n2)COC1,8.568636235841012,3,CHEMBL5856212
CC1C(=O)Nc2cc(-c3cncc(-c4ccc(=O)n(C(C)C)c4)c3)ccc21,5.568636235841012,1,CHEMBL6005142
CC1COCC(C)N1Cc1cc(Nc2cc(Oc3cn(C4CC4)nc3C3CC(F)(F)C3)ccn2)ccn1,6.380906669373257,1,CHEMBL4795745
CC1c2c(-c3ccc(O)cc3)c(-c3ccccc3C#N)nn2CC1(C)C,5.284498054706717,1,CHEMBL4279331
CC1c2c(-c3ccncc3)c(-c3ccccc3C#N)nn2CC1(C)C,5.890084136976206,1,CHEMBL4287261
CC=Cc1cnc(-c2cc(Cl)ccc2F)cc1Nc1ccncc1C(=O)N[C@@H](C)CO,7.790484985457369,1,CHEMBL5983777
CCC#CCn1cc(N(c2nc(C(N)=O)c(-c3ccc[nH]3)s2)C2CC2)cn1,7.080921907623926,1,CHEMBL5583778
CCC(=O)NCCc1nc(-c2nc(C)cs2)c(-c2ccc3ncsc3c2)[nH]1,7.244058319510563,2,CHEMBL2208012
CCC(=O)Nc1cc(Nc2nc(-c3cccc(C(F)(F)F)n3)nc3[nH]ccc23)ccn1,9.130768280269024,1,CHEMBL6056271
CCC(=O)Nc1cc(Nc2nc(-c3cccc(C(F)(F)F)n3)nn3cccc23)ccn1,9.050609993355087,1,CHEMBL6049087
CCC(C)(C)n1cnc(-c2ccc(F)cc2)c1-c1ccc2ncc(C#N)n2n1,8.036212172654444,3,CHEMBL5891056
CCC(C)n1cc(-c2cncc(-c3ccc4c(c3)CC(=O)N4C)c2)ccc1=O,5.356547323513812,1,CHEMBL5898983
CCC(C)n1cnc(-c2ccc(F)cc2)c1-c1ccc2ncc(C#N)n2c1,7.253365801062421,3,CHEMBL6009333
CCC(C)n1cnc(-c2ccc(F)cc2)c1-c1ccc2ncc(C(N)=O)n2c1,9.221848749616356,3,CHEMBL5985440
CCC(CC)CN1C(=O)Cc2cc(-c3cncc(-c4ccc(=O)n(C(C)C)c4)c3)ccc21,5.376750709602099,1,CHEMBL5739686
CCC(CC)n1cnc(-c2ccc(F)cc2)c1-c1ccc2ncc(C#N)n2c1,6.818156412055227,3,CHEMBL5825684
CCC(CF)n1cnc(-c2ccc(F)cc2)c1-c1ccc2ncc(C#N)n2n1,8.744727494896694,3,CHEMBL5745147
CCC(CF)n1cnc(-c2ccc(F)cc2)c1-c1ccc2ncc(C(N)=O)n2n1,8.823908740944319,3,CHEMBL5926328
CCC(CO)n1cnc(-c2ccc(F)cc2)c1-c1ccc2ncc(C#N)n2c1,6.723538195826755,3,CHEMBL5995193
CCC(CO)n1cnc(-c2ccc(F)cc2)c1-c1ccc2ncc(C(N)=O)n2c1,8.657577319177793,3,CHEMBL5997226
CCC(O)Cn1cnc(-c2ccc(F)cc2)c1-c1ccc2ncc(C#N)n2c1,6.910094888560602,3,CHEMBL5938120
CCC(O)Cn1cnc(-c2ccc(F)cc2)c1-c1ccc2ncc(C(N)=O)n2c1,8.200659450546418,2,CHEMBL5999288
CCCC(=O)CCc1nc(-c2nc(C)cs2)c(-c2ccc3ncsc3c2)[nH]1,7.711254100081387,2,CHEMBL2208006
CCCC(=O)N(C)Cc1nc(-c2nc(C)cs2)c(-c2ccc3ncsc3c2)[nH]1,7.255724641749778,2,CHEMBL2208004
CCCC(=O)NCCCc1nc(-c2nc(C)cs2)c(-c2ccc3c(c2)OCO3)[nH]1,6.037860356969059,2,CHEMBL1957658
CCCC(=O)NCCc1nc(-c2nc(C)cs2)c(-c2ccc3c(c2)OCO3)[nH]1,6.086315363473087,2,CHEMBL1957657
CCCC(=O)NCc1nc(-c2nc(C)cs2)c(-c2ccc(F)cc2)[nH]1,5.469273760456403,2,CHEMBL1957674
CCCC(=O)NCc1nc(-c2nc(C)cs2)c(-c2ccc(O)cc2)[nH]1,6.403437700822769,2,CHEMBL1957673
CCCC(=O)NCc1nc(-c2nc(C)cs2)c(-c2ccc3c(c2)OCO3)[nH]1,6.828295703098071,2,CHEMBL1957656
CCCC(=O)NCc1nc(-c2nc(C)cs2)c(-c2ccc3ncsc3c2)[nH]1,7.7905180846481885,2,CHEMBL1957675
CCCC(=O)Nc1nc(-c2nc(C)cs2)c(-c2ccc3c(c2)OCO3)[nH]1,5.6777807052660805,1,CHEMBL1957672
CCCCCCc1nc(-c2nc(C)cs2)c(-c2ccc3ncsc3c2)[nH]1,7.537860356969059,2,CHEMBL2207995
CCCCCOC(=O)NCc1nc(-c2nc(C)cs2)c(-c2ccc3ncsc3c2)[nH]1,7.406239639581768,2,CHEMBL2208021
CCCCNC(=O)c1ccc2c(c1)NC(=O)/C2=C(\Nc1ccc(CN2CCCCC2)cc1)c1ccccc1,7.040958607678906,1,CHEMBL1271578
CCCCNC(=O)c1nc(-c2nc(C)cs2)c(-c2ccc3ncsc3c2)[nH]1,6.861769097913378,2,CHEMBL2208007
CCCCNCc1nc(-c2nc(C)cs2)c(-c2ccc3ncsc3c2)[nH]1,7.514362075630947,2,CHEMBL2208005
CCCCOC(=O)NCc1nc(-c2nc(C)cs2)c(-c2ccc3ncsc3c2)[nH]1,7.585863443973965,2,CHEMBL2208020
CCCCS(=O)(=O)N1CCC(CCn2nc(-c3ccc4[nH]ccc4c3)c3c(N)ncnc32)CC1,7.168770306132936,1,CHEMBL5555142
CCCCc1nnn(-c2cccc(C)n2)c1-c1ccc2nccnc2c1,5.131943638176958,1,CHEMBL2321907
CCCN1C(=O)Cc2cc(-c3cncc(-c4ccc(=O)n(C(C)C)c4)c3)ccc21,5.823908740944319,1,CHEMBL5931938
CCCNC(=O)CCCCc1nc(-c2nc(C)cs2)c(-c2ccc3c(c2)OCO3)[nH]1,6.5054976921507315,2,CHEMBL1957667
CCCNC(=O)CCCc1nc(-c2nc(C)cs2)c(-c2ccc3c(c2)OCO3)[nH]1,6.030990451261895,2,CHEMBL1957666
CCCNC(=O)CCc1nc(-c2nc(C)cs2)c(-c2ccc3c(c2)OCO3)[nH]1,6.210108201691595,2,CHEMBL1957665
CCCNC(=O)c1cnccc1Nc1nc(-c2cccc(C(F)F)n2)nn2cccc12,7.853871964321762,1,CHEMBL5830499
CCCNC(=O)c1nc(-c2nc(C)cs2)c(-c2ccc3c(c2)OCO3)[nH]1,5.4089353929735005,1,CHEMBL1957664
CCCOC(=O)NCc1nc(-c2nc(C)cs2)c(-c2ccc3ncsc3c2)[nH]1,7.790187319556129,2,CHEMBL2208019
CCCS(=O)(=O)N1CCC(CCn2nc(-c3ccc4[nH]ccc4c3)c3c(N)ncnc32)CC1,7.095825631715837,1,CHEMBL5561604
CCCS(=O)(=O)NCc1nc(-c2nc(C)cs2)c(-c2ccc3ncsc3c2)[nH]1,7.296729909783022,2,CHEMBL2208015
CCC[C@@H](CO)NCc1ccn2nc(-c3ccccn3)nc(Nc3ccncc3F)c12,8.795880017344075,1,CHEMBL6047640
CCCc1nc(-c2nc(C)cs2)c(-c2ccc3ncsc3c2)[nH]1,7.786500520621731,2,CHEMBL2207991
CCCn1cc(N(c2nc(C(N)=O)c(-c3ccc[nH]3)s2)C2CC2)cn1,7.153044674980176,1,CHEMBL5583785
CCCn1cnc(-c2ccc(F)cc2)c1-c1ccc2ncc(C#N)n2c1,7.394694953858891,3,CHEMBL5903098
CCCn1cnc(-c2ccc(F)cc2)c1-c1ccc2ncc(C(N)=O)n2c1,8.958607314841775,3,CHEMBL5881749
CCN(C)C(=O)c1ccc2c(c1)NC(=O)/C2=C(\Nc1ccc(C(=O)O)cc1)c1ccccc1,6.106793246940152,1,CHEMBL1272181
CCN(C)C(=O)c1ccc2c(c1)NC(=O)/C2=C(\Nc1ccc(C(=O)OC)cc1)c1ccccc1,5.7055337738384075,1,CHEMBL1272236
CCN(C)C(=O)c1ccc2c(c1)NC(=O)/C2=C(\Nc1ccc(CCN(C)C)cc1)c1ccccc1,7.1938200260161125,1,CHEMBL1271631
CCN(C)C(=O)c1ccc2c(c1)NC(=O)/C2=C(\Nc1ccc(CN2CCCCC2)cc1)c1ccccc1,7.468521082957745,1,CHEMBL496862
CCN(C)C(=O)c1ccc2c(c1)NC(=O)/C2=C(\Nc1ccc(N(C)C(=O)CN(C)C)cc1)c1ccccc1,7.537602002101044,1,CHEMBL1271470
CCN(C)C(=O)c1ccc2c(c1)NC(=O)/C2=C(\Nc1ccc(N(C)C(=O)CN2CCN(C)CC2)cc1)c1ccccc1,8.154901959985743,1,CHEMBL1269806
CCN(C)C(=O)c1ccc2c(c1)NC(=O)/C2=C(\Nc1ccc(N(C)S(C)(=O)=O)cc1)c1ccccc1,6.636388020107855,1,CHEMBL1272127
CCN(C)C(=O)c1ccc2c(c1)NC(=O)/C2=C(\Nc1ccc(N(CC(=O)N(C)C)S(C)(=O)=O)cc1)c1ccccc1,7.0655015487564325,1,CHEMBL1271683
CCN(C)C(=O)c1ccc2c(c1)NC(=O)/C2=C(\Nc1ccc(N(CCCN(C)C)C(C)=O)cc1)c1ccccc1,8.045757490560675,1,CHEMBL1271796
CCN(C)C(=O)c1ccc2c(c1)NC(=O)/C2=C(\Nc1ccc(N(CCN(C)C)C(C)=O)cc1)c1ccccc1,8.096910013008056,1,CHEMBL1272291
CCN(C)C(=O)c1ccc2c(c1)NC(=O)/C2=C(\Nc1ccc(N(CCN(C)C)S(C)(=O)=O)cc1)c1ccccc1,8.154901959985743,1,CHEMBL1272182
CCN(C)C(=O)c1ccc2c(c1)NC(=O)/C2=C(\Nc1ccccc1)c1ccccc1,5.587371479455625,1,CHEMBL1272237
CCN(C)CCOc1ccc2c(-c3c(-c4ccccn4)nn4c3CCC4)ccnc2c1,7.070581074285707,1,CHEMBL411297
CCN(CC)C(=O)c1ccc2c(c1)NC(=O)/C2=C(\Nc1ccc(CN2CCCCC2)cc1)c1ccccc1,6.204119982655925,1,CHEMBL1271966
CCN(CC)CCCn1cnc2ccc(-c3c(-c4cccc(C)n4)nn4c3CCC4)cc21,6.913640169325252,3,CHEMBL203791
CCN(CC)CCNC(=O)c1ccc(N/C(=C2\C(=O)Nc3cc(C(=O)N(C)CC)ccc32)c2ccccc2)cc1,7.1938200260161125,1,CHEMBL1271576
CCN(CC)CCNC(=O)c1cnccc1Nc1nc(-c2ccccn2)nn2cccc12,7.721246399047171,1,CHEMBL6027662
CCN(CC)Cc1cccc(N/C(=C2\C(=O)Nc3cc(C(=O)N(C)CC)ccc32)c2ccccc2)c1,6.210419287835574,1,CHEMBL1272180
CCN(CC)c1ccc(NS(=O)(=O)c2cccc(S(=O)(=O)NCC3CCN(C(=O)OC(C)(C)C)CC3)c2)cc1,5.443697499232712,1,CHEMBL3701799
CCN(c1cn[nH]c1)c1nc(C(N)=O)c(-c2ccc[nH]2)s1,6.920818753952375,1,CHEMBL5589928
CCN1C(=O)Cc2cc(-c3cncc(-c4ccc(=O)n(C(C)C)c4)c3)ccc21,5.6020599913279625,1,CHEMBL5976704
CCN1c2ccc(-c3cncc(-c4ccc(=O)n(C(C)C)c4)c3)cc2CS1(=O)=O,5.537602002101044,1,CHEMBL6043425
CCNC(=O)/C=C/c1c(-c2c(-c3cccc(C)n3)nn3c2CCC3)ccc2ncnn12,6.505845405981557,1,CHEMBL6192773
CCNC(=O)CCc1nc(-c2nc(C)cs2)c(-c2ccc3ncsc3c2)[nH]1,7.53478020261665,2,CHEMBL2208008
CCNC(=O)NCc1nc(-c2nc(C)cs2)c(-c2ccc3ncsc3c2)[nH]1,7.422331981267469,2,CHEMBL2208014
CCNC(=O)Nc1cc2c(Nc3ccncc3F)nc(-c3cccc(OC)n3)nn2c1,6.431798275933005,1,CHEMBL6035615
CCNC(=O)OCc1nc(-c2nc(C)cs2)c(-c2ccc3ncsc3c2)[nH]1,7.587092277507399,2,CHEMBL2208011
CCNC(=O)c1c(OC)cc(-n2cnc3cc(-c4cnn(C)c4)ccc32)cc1OC,6.167554958825889,1,CHEMBL5403558
CCNC(=O)c1c(OC)cc(-n2cnc3cc(-c4cnn(C5CCOCC5)c4)ccc32)cc1OC,5.733063088840828,1,CHEMBL5396179
CCNC(=O)c1c(OC)cc(-n2cnc3cc(-c4cnn(CC#N)c4)ccc32)cc1OC,5.603103550857476,1,CHEMBL5397288
CCNC(=O)c1c(OC)cc(-n2cnc3cc(-c4cnn(CC)c4)ccc32)cc1OC,6.259163792942688,1,CHEMBL5401167
CCNC(=O)c1c(OC)cc(-n2cnc3cc(-c4cnn(CC)c4)ccc32)cc1OC(F)F,5.918292729902651,1,CHEMBL5431938
CCNC(=O)c1c(OC)cc(-n2cnc3cc(-c4cnn(CCOC)c4)ccc32)cc1OC,5.955460239607589,1,CHEMBL5395705
CCNC(=O)c1ccc(-c2nc(-c3ccn(C)n3)c(-c3ccc4ncsc4c3)[nH]2)cc1,7.335358024443875,1,CHEMBL5883572
CCNC(=O)c1ccc2c(c1)NC(=O)/C2=C(\Nc1ccc(C(=O)NCCN(CC)CC)cc1)c1ccccc1,7.481486060122112,1,CHEMBL1271524
CCNC(=O)c1ccc2c(c1)NC(=O)/C2=C(\Nc1ccc(CCN(C)C)cc1)c1ccccc1,7.327902142064282,1,CHEMBL1271577
CCNC(=O)c1ccc2c(c1)NC(=O)/C2=C(\Nc1ccc(CN(C)C)cc1)c1ccccc1,7.721246399047171,1,CHEMBL1272289
CCNC(=O)c1ccc2c(c1)NC(=O)/C2=C(\Nc1ccc(CN2CCCCC2)cc1)c1ccccc1,7.619788758288394,1,CHEMBL1271472
CCNC(=O)c1ccc2c(c1)NC(=O)/C2=C(\Nc1ccc(N(C)C(=O)CN(C)C)cc1)c1ccccc1,7.455931955649724,1,CHEMBL1272290
CCNC(=O)c1ccc2c(c1)NC(=O)/C2=C(\Nc1ccc(N(C)C(=O)CN2CCN(C)CC2)cc1)c1ccccc1,8.045757490560675,1,CHEMBL1271853
CCNC(=O)c1ccc2c(c1)NC(=O)/C2=C(\Nc1ccc(N(CCCN(C)C)C(C)=O)cc1)c1ccccc1,8.522878745280337,1,CHEMBL1271736
CCNC(=O)c1ccc2c(c1)NC(=O)/C2=C(\Nc1ccc(N(CCN(C)C)C(C)=O)cc1)c1ccccc1,8.522878745280337,1,CHEMBL1272238
CCNC(=O)c1ccc2c(c1)NC(=O)/C2=C(\Nc1ccc(N(CCN(C)C)S(C)(=O)=O)cc1)c1ccccc1,9.0,1,CHEMBL1272128
CCNC(=O)c1ccc2c(c1)NC(=O)/C2=C\Nc1ccc(CN2CCCCC2)cc1,7.161150909262744,1,CHEMBL1272021
CCNC(=O)c1ccc2c(c1)NC(=O)/C2=C\Nc1ccc(N(C)C(=O)CN(C)C)cc1,7.2839966563652006,1,CHEMBL1272076
CCNC(=O)c1ccc2c(c1)NC(=O)/C2=C\Nc1ccc(N(C)C(=O)CN2CCN(C)CC2)cc1,7.823908740944319,1,CHEMBL1272020
CCNC(=O)c1ccc2c(c1)NC(=O)/C2=C\Nc1ccc(N(CCCN(C)C)C(C)=O)cc1,7.769551078621726,1,CHEMBL1271965
CCNC(=O)n1ncc2nccc(Nc3ccnc(-c4cc(F)ccc4F)c3)c21,8.299988937677888,1,CHEMBL4075081
CCNCc1ccc(N/C(=C2\C(=O)Nc3cc(C(=O)N(C)CC)ccc32)c2ccccc2)cc1,7.494850021680094,1,CHEMBL1271471
CCNS(=O)(=O)c1cccc(Nc2cc(Oc3cn(C4CC4)nc3C3CCOCC3)ccn2)c1,7.920818753952375,1,CHEMBL4649726
CCNc1cc(-c2ccc3c(N)[nH]nc3c2)nc(N)n1,6.299997602857746,1,CHEMBL1614771
CCNc1cc(Nc2nc(-c3ccccn3)nn3ccc(CNCC(C)(C)O)c23)ccn1,8.346787486224656,1,CHEMBL6023317
CCOC(=O)/C=C/c1c(-c2c(-c3cccc(C)n3)nn3c2CCC3)ccc2ncnn12,6.489454989793388,1,CHEMBL6192374
CCOC(=O)CCNC(=O)c1cnccc1Nc1nc(-c2cccc(C(F)F)n2)nn2cccc12,7.275724130399211,1,CHEMBL5952517
CCOC(=O)CNC(=O)c1cnccc1Nc1nc(-c2cccc(C(F)F)n2)nn2cccc12,7.657577319177793,1,CHEMBL6000075
CCOC(=O)NCc1nc(-c2nc(C)cs2)c(-c2ccc3ncsc3c2)[nH]1,7.90135972093719,2,CHEMBL2208016
CCOC(=O)c1cc2c(Nc3ccncc3)nc(-c3cccc(C)n3)nn2c1,7.481486060122112,1,CHEMBL5801905
CCOC(=O)c1ccc(-c2c(-c3cccc(C)n3)nn3c2C(C)C(C)(C)C3)cc1,5.697236291527018,1,CHEMBL4294411
CCOC(=O)c1cn(-c2ccc3c(c2)OCO3)c(-c2cccc(C)n2)n1,5.614393726401688,1,CHEMBL2435043
CCOC(=O)c1cnc2ccc(-c3c(-c4ccc(F)cc4)ncn3CC(F)F)cn12,8.154901959985743,3,CHEMBL5777210
CCOC(=O)c1cnc2ccc(/C=C\c3cccc(OC)n3)cn12,7.251811972993799,1,CHEMBL5774807
CCOC(=O)c1cnn2ccc(-c3cccnc3-c3ccc(F)c(C)n3)nc12,7.853871964321762,1,CHEMBL6016902
CCOC(=O)c1cnn2ccc(-c3cccnc3-c3cccc(C(F)(F)F)n3)nc12,7.337242168318426,1,CHEMBL5765253
CCOC(=O)c1cnn2ccc(-c3cccnc3-c3cccc(C(F)F)n3)nc12,7.552841968657781,1,CHEMBL5841664
CCOCCCNC(=O)c1cnccc1Nc1nc(-c2cccc(C(F)F)n2)nn2cccc12,7.619788758288394,1,CHEMBL5882870
CCOCCn1cnc(-c2ccc(F)cc2)c1-c1ccc2ncc(C#N)n2c1,7.72584215073632,3,CHEMBL5942465
CCOCCn1cnc(-c2ccc(F)cc2)c1-c1ccc2ncc(C(N)=O)n2c1,8.721246399047171,3,CHEMBL5957285
CCOc1ccc2c(-c3c(-c4cccc(C)n4)nn4c3CCC4)ccnc2c1,7.055517327849831,1,CHEMBL120587
CCOc1cccc(-c2nc(Nc3ccncc3F)c3cccn3n2)n1,7.823908740944319,1,CHEMBL5740117
CCS(=O)(=O)N1CCC(CCn2nc(-c3ccc4[nH]ccc4c3)c3c(N)ncnc32)CC1,6.389446294682905,1,CHEMBL5542740
CCS(=O)(=O)c1ccc2c(-c3c(-c4ccccn4)nn4c3CCC4)ccnc2c1,5.031984286006358,1,CHEMBL331703
CCSc1ccc2c(-c3c(-c4ccccn4)nn4c3CCC4)ccnc2c1,6.958607314841775,1,CHEMBL119936
CC[C@@H](CO)NC(=O)c1cnccc1Nc1cc(-c2cc(Cl)ccc2F)ncc1C(C)C,7.3872161432802645,1,CHEMBL5285227
CC[C@@H](CO)n1cnc(-c2ccc(F)cc2)c1-c1ccc2ncc(C#N)n2n1,8.301029995663981,1,CHEMBL5785766
CC[C@@H](CO)n1cnc(-c2ccc(F)cc2)c1-c1ccc2ncc(C(N)=O)n2n1,8.585026652029182,3,CHEMBL6049335
CC[C@H](CO)n1cnc(-c2ccc(F)cc2)c1-c1ccc2ncc(C#N)n2n1,8.301029995663981,2,CHEMBL5980747
CCc1c[nH]c(-c2sc(N(c3cn[nH]c3)C3CC3)nc2C(N)=O)c1,5.498940737782249,1,CHEMBL5593640
CCc1cc(-c2cc3cnccc3s2)n(-c2cccc(C)n2)n1,6.96657624451305,7,CHEMBL3704650
CCc1cc(-c2ccc3ncn(C)c(=O)c3c2)n(-c2cccc(C)n2)n1,9.0,1,CHEMBL2024689
CCc1cc(-c2cncc(-c3ccc4c(c3)CC(=O)N4C)c2)cn(C(C)C)c1=O,6.142667503568731,1,CHEMBL6065151
CCc1cc2c(Nc3ccncc3F)nc(-c3cccc(OC)n3)nn2c1,7.295880017344075,2,CHEMBL5949687
CCc1ccc(-c2sc(N(c3cn[nH]c3)C3CC3)nc2C(N)=O)[nH]1,5.273272790973428,1,CHEMBL5590618
CCc1cccc(-c2[nH]c(CNc3ccc(C#N)cc3)nc2-c2ccc3c(c2)OCO3)n1,6.443697499232712,3,CHEMBL229497
CCc1cccc(-c2[nH]c(CNc3ccc(C#N)cc3)nc2-c2ccc3nccnc3c2)n1,7.327902142064282,3,CHEMBL229548
CCc1cccc(-c2[nH]c(CNc3ccc(C(N)=O)cc3)nc2-c2ccc3c(c2)OCO3)n1,6.414539270491499,3,CHEMBL389079
CCc1cccc(-c2[nH]c(CNc3ccc(C(N)=O)cc3)nc2-c2ccc3nccnc3c2)n1,7.036212172654444,3,CHEMBL226733
CCc1cccc(-c2[nH]c(CNc3cccc(C#N)c3)nc2-c2ccc3c(c2)OCO3)n1,7.136677139879544,3,CHEMBL229496
CCc1cccc(-c2[nH]c(CNc3cccc(C#N)c3)nc2-c2ccc3nccnc3c2)n1,6.924453038607469,2,CHEMBL229547
CCc1cccc(-c2[nH]c(CNc3cccc(C(N)=O)c3)nc2-c2ccc3c(c2)OCO3)n1,7.337242168318426,2,CHEMBL229598
CCc1cccc(-c2[nH]c(CNc3cccc(C(N)=O)c3)nc2-c2ccc3nccnc3c2)n1,7.823908740944319,2,CHEMBL376119
CCc1cccc(-c2c(-c3ccc4nccnc4c3)n(C)n(C)c2=O)c1,6.4089353929735005,1,CHEMBL594371
CCc1cccc(-c2nc(-n3ccc4cnccc43)c3cccn3n2)n1,8.920818753952375,1,CHEMBL5891940
CCc1cccc(-c2ncccc2-c2ccc3ncnc(N)c3c2)n1,8.045757490560675,1,CHEMBL5923981
CCc1cccc(-c2nn3c(c2-c2ccc(O)cc2)C(C)C(C)(C)C3)n1,7.008773924307505,1,CHEMBL4287654
CCc1cccc(-c2nn3c(c2-c2ccc(O)cc2)[C@@H](C)C(C)(C)C3)n1,6.583359492661719,1,CHEMBL4283308
CCc1cccc(-c2nn3c(c2-c2ccc(O)cc2)[C@H](C)C(C)(C)C3)n1,6.863279432843593,1,CHEMBL4288745
CCc1cccc(-c2nn3c(c2-c2ccc(OC)cc2)C(C)C(C)(C)C3)n1,6.094204119632131,1,CHEMBL4284266
CCc1cccc(-c2nn3c(c2-c2ccc4ncnn4c2/C=C/C(N)=O)CCC3)n1,6.376750709602099,1,CHEMBL6190183
CCc1cccc(-c2nn3c(c2-c2ccnc(Cl)c2)C(C)C(C)(C)C3)n1,5.561457651213889,1,CHEMBL4287412
CCc1cccc(-c2nn3c(c2-c2ccnc(Nc4ccc(S(N)(=O)=O)cc4)c2)C(C)C(C)(C)C3)n1,6.6401645176601125,1,CHEMBL4279172
CCc1cccc(-c2nn3c(c2-c2ccnc4ccccc24)CCC3)n1,7.1487416512809245,1,CHEMBL122583
CCc1cccc(-c2nn3c(c2-c2ccncc2)C(C)C(C)(C)C3)n1,6.73754891026957,1,CHEMBL4281030
CCc1cccc(NCc2nc(-c3ccc4ncnn4c3)c(-c3cccc(C)n3)[nH]2)c1,8.096910013008056,1,CHEMBL3260585
CCc1ccccc1NCc1nc(-c2ccc3ncnn3c2)c(-c2cccc(C)n2)[nH]1,7.958607314841775,1,CHEMBL3260571
CCc1cn2ncc(-c3ccnc(OC)c3)c2nc1NC,5.721246399047171,1,CHEMBL4741185
CCc1cnc(-c2cc(Cl)ccc2F)cc1Nc1ccnc2cccc(OC)c12,7.599980364934842,1,CHEMBL4066735
CCc1cnc(-c2cc(Cl)ccc2F)cc1Nc1ccncc1C(=O)NC[C@H](C)O,7.474955192963154,3,CHEMBL5857202
CCc1cnn(-c2cccc(C)n2)c1-c1cc2cnccc2s1,8.363512103646634,8,CHEMBL3704651
CCc1cnn(-c2cccc(C)n2)c1-c1ccc2nc[nH]c(=O)c2c1,8.698970004336019,1,CHEMBL2024691
CCc1csc(-c2nc(-c3ccc(C(N)=O)cc3)[nH]c2-c2ccc3c(c2)OCO3)n1,6.293853745338477,2,CHEMBL1957650
CCc1nc(-c2ccc(F)c(C)c2)c(-c2ccc3cn[nH]c3c2)[nH]1,8.721246399047171,1,CHEMBL6022575
CCc1nc(-c2ccc(OC)cc2)[nH]c1-c1ccncc1,4.522878745280337,1,CHEMBL278724
CCc1nc(-c2cccc(C)c2)c(-c2ccc3ncnn3c2)[nH]1,8.337242168318426,1,CHEMBL6018130
CCc1nc(-c2nc(C)cs2)c(-c2ccc3ncsc3c2)[nH]1,7.7508447231052,2,CHEMBL2207990
CCc1nnc(CNC(=O)c2cnccc2Nc2nc(-c3cccc(C(F)F)n3)nn3cccc23)o1,7.795880017344075,1,CHEMBL6023944
CCn1c(=O)n(-c2cc(-c3cc(Cl)ccc3F)ncc2C)c2ccncc21,7.899974269892137,1,CHEMBL4569690
CCn1cc(-c2ccc3c(c2)ncn3-c2cc(OC)c(C(=O)NC)c(OC)c2)cn1,6.328827157284916,1,CHEMBL5415699
CCn1cc(-c2ccc3c(c2)ncn3-c2cc(OC)c(C(=O)NC3CC3)c(OC)c2)cn1,5.992679047077255,1,CHEMBL5412961
CCn1cc(-c2ccc3c(c2)ncn3-c2cc(OC)c(C(=O)NCC(F)(F)F)c(OC)c2)cn1,5.809668301829708,1,CHEMBL5404502
CCn1cc(-c2ccc3c(c2)ncn3-c2cc(OC)c(C(=O)O)c(OC)c2)cn1,6.7055337738384075,1,CHEMBL5428147
CCn1cc(-c2ccc3c(c2)ncn3-c2cc(OC)c(C(=O)OC)c(OC)c2)cn1,6.598599459218455,1,CHEMBL5430774
CCn1cc(-c2ccc3c(c2)ncn3-c2cc(OC)c(C(N)=O)c(OC)c2)cn1,8.3767507096021,1,CHEMBL5438171
CCn1cc(-c2ccc3c(c2)ncn3-c2cc(OC)c(CO)c(OC)c2)cn1,6.7055337738384075,1,CHEMBL5427025
CCn1cc(N(c2nc(C(N)=O)c(-c3ccc[nH]3)s2)C2CC2)cn1,6.978810700930062,1,CHEMBL5589852
CCn1cc2nccc(Nc3cc(-c4cc(C)ccc4F)ncc3C)c2n1,8.0,1,CHEMBL4082868
CCn1cnc(-c2ccc(F)c(Cl)c2)c1-c1ccc2ncc(C#N)n2c1,7.882728704344236,3,CHEMBL5866791
CCn1cnc(-c2ccc(F)c(Cl)c2)c1-c1ccc2ncc(C#N)n2n1,9.045757490560675,3,CHEMBL5863226
CCn1cnc(-c2ccc(F)c(Cl)c2)c1-c1ccc2ncc(C(N)=O)n2c1,9.397940008672037,3,CHEMBL5774806
CCn1cnc(-c2ccc(F)c(Cl)c2)c1-c1ccc2ncc(C(N)=O)n2n1,9.221848749616356,3,CHEMBL5833398
CCn1cnc(-c2ccc(F)cc2)c1-c1ccc2ncc(C#N)n2c1,7.441291429466834,3,CHEMBL5986231
CCn1cnc(-c2ccc(F)cc2)c1-c1ccc2ncc(C#N)n2n1,8.602059991327963,3,CHEMBL6049670
CCn1cnc(-c2ccc(F)cc2)c1-c1ccc2ncc(C(N)=O)n2c1,9.096910013008056,3,CHEMBL5929381
CCn1cnc(-c2ccc(F)cc2)c1-c1ccc2ncc(C(N)=O)n2n1,9.154901959985743,3,CHEMBL5777915
CCn1cnc2ccc(-c3ccnn3-c3cccc(C)n3)cc2c1=O,7.161150909262744,1,CHEMBL2024692
CCn1nc(-c2ccc3scnc3c2)c(C(N)=O)c1N,6.494850021680094,1,CHEMBL4561931
CCn1nc(-c2ccc3scnc3c2)c(C(N)=O)c1NC,6.102372908709558,1,CHEMBL4475515
CCn1nc(C(F)(F)F)cc1Oc1ccnc(Nc2ccnc(C(C)(C)O)c2)c1,7.267606240177031,1,CHEMBL6052967
CCn1ncc2cc(-c3nc(NCc4cccc(F)c4)[nH]c3-c3cccc(C)n3)ccc21,8.013228265733755,1,CHEMBL5278109
CCn1ncc2nccc(Nc3cc(-c4cc(C)ccc4F)ncc3C)c21,8.700057099977233,1,CHEMBL4104104
CN(C(=O)c1ccc(-c2cc(-c3c[nH]nc3-c3ccccn3)ccn2)cc1)C1CCOCC1,6.669586226650809,2,CHEMBL205271
CN(C)C(=O)N[C@@H](CO)C(=O)O,7.853871964321762,1,CHEMBL5267264
CN(C)C(=O)c1ccc(-c2nc(-c3ccn(C)n3)c(-c3ccc4ncsc4c3)[nH]2)cc1,6.54515513999149,1,CHEMBL5916317
CN(C)C(=O)c1ccc(Oc2ccc3c(-c4c(-c5ccccn5)nn5c4CCC5)ccnc3c2)cc1,5.958607314841775,1,CHEMBL261702
CN(C)C(=O)c1ccc2c(c1)/C(=C(/Nc1ccc(CN3CCCCC3)cc1)c1ccccc1)C(=O)N2,6.730487055782083,1,CHEMBL1272078
CN(C)C(=O)c1ccc2c(c1)NC(=O)/C2=C(\Nc1ccc(CN2CCCCC2)cc1)c1ccccc1,7.455931955649724,1,CHEMBL496861
CN(C)C(=O)c1cnc2ccc(-c3c(-c4ccc(F)cc4)ncn3CC(F)F)nn12,8.522878745280337,3,CHEMBL5994970
CN(C)C1CCC(NCc2ccn3nc(-c4ccccn4)nc(Nc4ccncc4F)c23)CC1,9.0,1,CHEMBL5862068
CN(C)CC(=O)Nc1ccc2c(-c3c(-c4ccccn4)nn4c3CCC4)ccnc2c1,7.1938200260161125,1,CHEMBL259821
CN(C)CCC(=O)Nc1cc(Nc2cnnc(-c3cc(Cl)ccc3F)c2)ccn1,7.189969213594161,1,CHEMBL6172040
CN(C)CCCCCOc1ccc2c(-c3c(-c4ccccn4)nn4c3CCC4)ccnc2c1,7.327902142064282,1,CHEMBL411855
CN(C)CCCNC(=O)Nc1ccc2c(-c3c(-c4ccccn4)nn4c3CCC4)ccnc2c1,6.5934598195660445,1,CHEMBL585109
CN(C)CCCOc1ccc(-c2cc(-c3c[nH]nc3-c3ccccn3)ccn2)cn1,7.958607314841775,1,CHEMBL1829511
CN(C)CCCOc1ccc(-c2cnc3c(-c4ccnc5ccccc45)cnn3c2)cc1,6.000438859087887,2,CHEMBL3668019
CN(C)CCCc1cccc(-c2cc(-c3c[nH]nc3-c3ccccn3)ccn2)c1,7.823908740944319,1,CHEMBL567706
CN(C)CCCn1cnc(-c2ccc(F)cc2)c1-c1ccc2ncc(C(N)=O)n2c1,7.496209316942819,3,CHEMBL5777322
CN(C)CCCn1cnc2cc(-c3c(-c4ccccn4)nn4c3CCC4)ccc21,6.400116927926312,1,CHEMBL565644
CN(C)CCCn1cnc2ccc(-c3c(-c4ccccn4)nn4c3CCC4)cc21,6.691541794313766,2,CHEMBL202730
CN(C)CCNC(=O)Nc1ccc2c(-c3c(-c4ccccn4)nn4c3CCC4)ccnc2c1,7.7447274948966935,1,CHEMBL565814
CN(C)CCNCc1ccn2nc(-c3ccccn3)nc(Nc3ccncc3F)c12,8.853871964321762,1,CHEMBL6057576
CN(C)CCOc1ccc(-c2cc(-c3c[nH]nc3-c3ccccn3)ccn2)cc1,7.772577569995745,2,CHEMBL424676
CN(C)CCOc1ccc2c(-c3c(-c4ccccn4)nn4c3CCC4)ccnc2c1,7.619788758288394,1,CHEMBL409525
CN(C)CCn1cc(-c2ccc3c(-c4cnc5ccc(-c6cc(F)ccc6F)cn45)ccnc3c2)cn1,7.894830572000668,1,CHEMBL4853270
CN(C)CCn1cc(-c2ccc3c(-n4ccc5cnc(-c6cc(F)ccc6F)nc54)ccnc3c2)cn1,7.037535953942099,1,CHEMBL4870460
CN(C)CCn1cc(-c2ccc3c(N4CCn5ccc(-c6cc(F)ccc6F)c54)ccnc3c2)cn1,6.20690839982342,1,CHEMBL4865192
CN(C)CCn1cc(-c2ccc3c(Nc4ccnc(-c5cc(F)ccc5F)c4)ccnc3c2)cn1,8.987162775294827,1,CHEMBL4850787
CN(C)CCn1cc(-c2ccc3c(Nc4ccnc(-c5ccc(C(C)(C)C)cc5)c4)ccnc3c2)cn1,5.366986276628456,1,CHEMBL4868742
CN(C)CCn1cc(-c2ccc3c(Nc4ccnc(-c5ccc(F)cc5)c4)ccnc3c2)cn1,7.835349784065703,1,CHEMBL4867342
CN(C)CCn1cc(-c2ccc3c(Nc4ccnc(-c5cccc(F)c5)c4)ccnc3c2)cn1,9.200659450546418,1,CHEMBL4872045
CN(C)CCn1cc(-c2ccc3c(Nc4ccnc(-c5ccccc5)c4)ccnc3c2)cn1,9.455931955649724,1,CHEMBL4877947
CN(C)CCn1cc(-c2ccc3c(Nc4ccnc(-c5ccccc5F)c4)ccnc3c2)cn1,9.086186147616283,1,CHEMBL4863867
CN(C)CCn1cc(-c2ccc3c(Nc4ccnc(-c5ccoc5)c4)ccnc3c2)cn1,9.292429823902063,1,CHEMBL4846578
CN(C)CCn1cc(-c2ccc3c(Nc4ccnc(-c5ccsc5)c4)ccnc3c2)cn1,8.8153085691824,1,CHEMBL4875547
CN(C)CCn1cc(N(c2nc(C(N)=O)c(-c3cc(C(=O)N4CCOCC4)c[nH]3)s2)C2CC2)cn1,6.359121221298382,1,CHEMBL6171924
CN(C)Cc1ccc(Oc2ccc3c(-c4c(-c5ccccn5)nn5c4CCC5)ccnc3c2)cc1,6.1249387366083,1,CHEMBL260239
CN(C)c1cc(-c2ccc3c(N)n[nH]c3c2)nc(N)n1,5.300000202445418,1,CHEMBL1765877
CN(C)c1ccc(-c2ccc3c(Nc4ccnc(-c5cc(F)ccc5F)c4)ccnc3c2)cn1,7.531652669587842,1,CHEMBL4857982
CN(C)c1ccc(NS(=O)(=O)c2cccc(S(=O)(=O)NCC3CCN(C(=O)OC(C)(C)C)CC3)c2)cc1,4.823908740944319,1,CHEMBL3701800
CN(C)c1ccc(NS(=O)(=O)c2cccc(S(=O)(=O)NCC3CCN(C(=O)OC(C)(C)C)CC3)c2)cc1-c1ccco1,6.221848749616356,1,CHEMBL3701806
CN(c1ccncc1)c1nc(-c2cccc(C(F)(F)F)n2)nc2[nH]ccc12,9.229147988357855,1,CHEMBL5910145
CN(c1ccncc1)c1nc(-c2cccc(NS(C)(=O)=O)n2)nc2[nH]ccc12,8.366531544420413,1,CHEMBL5841685
CN1C(=O)Cc2cc(-c3cncc(-c4ccc(=O)n(C5CCC5)c4)c3)ccc21,5.275724130399211,1,CHEMBL5749978
CN1C(=O)Cc2cc(-c3cncc(-c4ccc(=O)n(C5CCCC5)c4)c3)ccc21,5.017728766960431,1,CHEMBL5949391
CN1C(=O)[C@@H](N2CCc3c(nn(Cc4ccccc4)c3Br)C2=O)COc2ccccc21,6.0,1,CHEMBL4549667
CN1C(=O)[C@@H](N2CCc3cn(CC4CCS(=O)(=O)CC4)nc3C2=O)COc2ccccc21,6.0,1,CHEMBL4097778
CN1C(=O)[C@@H](N2CCc3cn(Cc4ccccc4)nc3C2=O)COc2ccccc21,6.0,1,CHEMBL4088216
CN1CCC(C(=O)Nc2cc(Nc3cnnc(-c4cc(Cl)ccc4F)c3)ccn2)CC1,5.6099998081597775,1,CHEMBL6166811
CN1CCC(CCNCc2ccn3nc(-c4ccccn4)nc(Nc4ccncc4F)c23)CC1,8.267606240177031,1,CHEMBL6045873
CN1CCC(N(C)Cc2ccn3nc(-c4ccccn4)nc(Nc4ccncc4F)c23)CC1,7.920818753952375,1,CHEMBL5968611
CN1CCC(OCc2ccn3nc(-c4ccccn4)nc(Nc4ccncc4F)c23)CC1,7.886056647693163,1,CHEMBL5828308
CN1CCCC1CCCOc1ccc2c(-c3c(-c4ccccn4)nn4c3CCC4)ccnc2c1,7.142667503568731,1,CHEMBL406411
CN1CCN(C(=O)COc2ccc3c(-c4c(-c5ccccn5)nn5c4CCC5)ccnc3c2)CC1,7.309803919971486,1,CHEMBL409356
CN1CCN(C(=O)c2ccc(-c3cnc(N)c(C(=O)NC4CCCCC4)c3)cc2)CC1,5.568636235841012,1,CHEMBL5871318
CN1CCN(CC(=O)Nc2cc(Nc3nc(-c4cccc(C(F)(F)F)n4)nc4[nH]ccc34)ccn2)CC1,9.275724130399212,1,CHEMBL5995381
CN1CCN(CC(=O)Nc2cc(Nc3nc(-c4cccc(C(F)(F)F)n4)nn4cccc34)ccn2)CC1,9.0,1,CHEMBL5973005
CN1CCN(CCC(=O)Nc2cc(Nc3cnnc(-c4cc(Cl)ccc4F)c3)ccn2)CC1,6.819988880942283,1,CHEMBL6152275
CN1CCN(CCCNC(=O)c2cnccc2Nc2nc(-c3cccc(C(F)F)n3)nn3cccc23)CC1,8.070581074285707,1,CHEMBL6007923
CN1CCN(CCCNCc2ccn3nc(-c4ccccn4)nc(Nc4ccncc4F)c23)CC1,7.920818753952375,1,CHEMBL6029740
CN1CCN(CCCNc2cc(Nc3cnnc(-c4cc(Cl)ccc4F)c3)ccn2)CC1,5.660000322371772,1,CHEMBL6162771
CN1CCN(CCCOc2ccc3c(-c4c(-c5ccccn5)nn5c4CCC5)ccnc3c2)CC1,7.130768280269024,1,CHEMBL261674
CN1CCN(CCNC(=O)c2ccc(-c3cnc(N)c(C(=O)NC4CCCCC4)c3)cc2)CC1,5.769551078621726,1,CHEMBL5855194
CN1CCN(CCOc2ccc3c(-c4c(-c5ccccn5)nn5c4CCC5)ccnc3c2)CC1,7.0,1,CHEMBL409331
CN1CCN(Cc2c[nH]c3nc(-c4cccc(C(F)F)n4)nc(Nc4ccncc4F)c23)CC1,8.431798275933005,1,CHEMBL5841054
CN1CCN(Cc2ccn3nc(-c4ccc(F)cn4)nc(Nc4ccncc4F)c23)CC1,8.522878745280337,1,CHEMBL6037497
CN1CCN(Cc2ccn3nc(-c4cccc(C(F)(F)F)n4)nc(Nc4ccncc4F)c23)CC1,7.494850021680094,1,CHEMBL5825593
CN1CCN(Cc2ccn3nc(-c4cccc(C(F)F)n4)nc(Nc4ccncc4F)c23)CC1,8.232986946971932,2,CHEMBL5927583
CN1CCN(Cc2ccn3nc(-c4ccccn4)nc(Nc4ccncc4F)c23)CC1,8.040958607678906,1,CHEMBL5909891
CN1CCN(c2ccc(-c3cc(-c4c[nH]nc4-c4ccccn4)ccn3)cn2)CC1,7.494850021680094,1,CHEMBL1829512
CN1CCN(c2ccc(-c3cnc4c(-c5ccnc6ccccc56)cnn4c3)cc2)CC1,7.1249387366083,1,CHEMBL2385596
CN1CCn2c(nc(-c3ccc(F)cc3)c2-c2ccc3ncc(C(N)=O)n3c2)C1,7.363512103646634,3,CHEMBL5766658
CNC(=O)/C(=C/c1cccc(C)n1)c1ccc2ncc(C(N)=O)n2c1,6.684029654543082,1,CHEMBL5799088
CNC(=O)/C=C/c1c(-c2c(-c3cccc(C)n3)nn3c2CCC3)ccc2ncnn12,6.605548319173783,1,CHEMBL6189222
CNC(=O)CCCc1nc(-c2nc(C)cs2)c(-c2ccc3ncsc3c2)[nH]1,7.035035219957706,2,CHEMBL2208009
CNC(=O)Cn1cc2nccc(Nc3cc(-c4cc(C)ccc4F)ncc3C)c2n1,7.50003813440381,1,CHEMBL4064329
CNC(=O)Cn1ncc2nccc(Nc3cc(-c4cc(C)ccc4F)ncc3C)c21,7.79997073344623,1,CHEMBL4103188
CNC(=O)c1cc2c(Nc3ccncc3)nc(-c3cccc(C)n3)nn2c1,7.958607314841775,1,CHEMBL5896484
CNC(=O)c1ccc(-c2nc(-c3ccn(C)n3)c(-c3ccc4ncsc4c3)[nH]2)cc1,7.350665141287858,1,CHEMBL6033357
CNC(=O)c1ccc2c(c1)NC(=O)/C2=C(\Nc1ccc(CN2CCCCC2)cc1)c1ccccc1,7.494850021680094,1,CHEMBL497724
CNC(=O)c1cnc2ccc(-c3c(-c4ccc(F)cc4)ncn3CC(F)F)nn12,9.045757490560675,3,CHEMBL5770286
CNC(=O)c1cnc2ccc(-c3cc(F)ccc3-c3cccc(C)n3)cn12,7.886056647693163,1,CHEMBL5890704
CNC(=O)c1cnc2ccc(-c3ccccc3-c3cccc(C)n3)cn12,7.644941317444092,2,CHEMBL5832146
CNC(=O)c1cnc2ccc(-c3cccnc3-c3cccc(C)n3)cn12,8.698970004336019,1,CHEMBL5811605
CNC(=O)c1cnc2ccc(-c3ncccc3-c3cccc(C)n3)cn12,7.119186407719209,1,CHEMBL5818190
CNC(=O)c1cnc2ccc(/C=C/c3cccc(C)n3)cn12,7.055517327849831,1,CHEMBL5834510
CNC(=O)c1cnc2ccc(/C=C\c3cccc(C)n3)cn12,8.036212172654444,1,CHEMBL5906958
CNC(=O)c1cnn2ccc(-c3cccnc3-c3cccc(C(F)(F)F)n3)nc12,6.4698003017969175,1,CHEMBL5945672
CNC(=O)c1cnn2ccc(-c3cccnc3-c3cccc(C)n3)nc12,6.892790030352131,1,CHEMBL5987913
CNC(=O)n1ncc2nccc(Nc3cc(-c4cc(Cl)ccc4F)ncc3C)c21,7.79997073344623,1,CHEMBL4093090
CNC(=O)n1ncc2nccc(Nc3cc(-c4cc(F)ccc4F)ncc3C)c21,9.0,1,CHEMBL4101751
CNC(=O)n1ncc2nccc(Nc3ccnc(-c4cc(Cl)ccc4F)c3)c21,8.500038134403809,1,CHEMBL4063730
CNC(=O)n1ncc2nccc(Nc3ccnc(-c4cc(F)ccc4F)c3)c21,8.599980364934842,1,CHEMBL4060987
CNCCC(=O)Nc1cc(Nc2cnnc(-c3cc(Cl)ccc3F)c2)ccn1,6.459996055149974,1,CHEMBL6167117
CNCCNC(=O)c1cnccc1Nc1cc(-c2ccc(F)cc2F)nc2[nH]ccc12,7.899974269892137,1,CHEMBL4470980
CNCc1cnc2ccc(-c3c(-c4ccc(F)cc4)ncn3CC(F)F)nn12,7.623423042943488,3,CHEMBL5902673
CNS(=O)(=O)c1cccc(Nc2cc(Oc3cn(C4CC4)nc3C3CCOCC3)ccn2)c1,7.42841450339991,2,CHEMBL4637746
CN[C@@H]1C[C@H]2O[C@@](C)([C@@H]1OC)n1c3ccccc3c3c4c(c5c6ccccc6n2c5c31)C(=O)NC4,5.16304326294045,1,CHEMBL388978
CNc1cc(-c2ccc3c(N)n[nH]c3c2)nc(N)n1,6.399996913372259,1,CHEMBL1765760
CNc1ccn2ncc(-c3ccnc(OC)c3)c2n1,5.3872161432802645,1,CHEMBL4795223
CNc1nc2c(-c3ccnc(OC)c3)cnn2cc1C,5.698970004336019,1,CHEMBL4779579
CNc1nc2c(-c3ccnc(OC)c3)cnn2cc1C1CC1,5.050609993355087,1,CHEMBL4744988
CNc1nc2c(-c3ccnc(OC)c3)cnn2cc1OC,6.1487416512809245,1,CHEMBL4752199
CNc1ncc(-c2ccc(N3CCNCC3)cc2)cc1-c1cc(OC)c(OC)c(OC)c1,4.552841968657781,1,CHEMBL3341954
COC(=O)/C(=C/c1cccc(C)n1)c1ccc2ncc(C(N)=O)n2c1,8.130768280269024,1,CHEMBL6020009
COC(=O)C(=O)N[C@@H](CO)C(=O)O,6.434152181326482,1,CHEMBL5278370
COC(=O)N1CC(n2cnc(-c3ccc(F)cc3)c2-c2ccc3ncc(C#N)n3n2)C1,7.278189384787454,3,CHEMBL5940066
COC(=O)N1CCn2c(nc(-c3ccc(F)cc3)c2-c2ccc3ncc(C(N)=O)n3c2)C1,7.515700160653214,3,CHEMBL5862543
COC(=O)N1C[C@@H](C)N(c2ncc3[nH]nc(-c4ccc(N5CCN(C)CC5)c(F)c4)c3n2)[C@@H](C)C1,6.684029654543082,1,CHEMBL5181872
COC(=O)N1C[C@@H](C)N(c2ncc3[nH]nc(-c4ccc(N5CCN(C)CC5)cc4)c3n2)[C@@H](C)C1,7.0,1,CHEMBL5181536
COC(=O)N1C[C@@H](C)N(c2ncc3[nH]nc(-c4ccc(N5CCN(C)CC5)nc4)c3n2)[C@@H](C)C1,7.008773924307505,1,CHEMBL5186341
COC(=O)N1C[C@@H](C)N(c2ncc3[nH]nc(-c4ccc(N5CCN[C@H](C)C5)nc4)c3n2)[C@@H](C)C1,7.585026652029182,1,CHEMBL5184000
COC(=O)NCc1cnc2ccc(-c3c(-c4ccc(F)cc4)ncn3CC(F)F)nn12,7.920818753952375,3,CHEMBL5903999
COC(=O)NCc1nc(-c2nc(C)cs2)c(-c2ccc3ncsc3c2)[nH]1,7.766862839105354,2,CHEMBL2208018
COC(=O)N[C@@H](CO)C(=O)O,7.102372908709558,1,CHEMBL5277114
COC(=O)Nc1cc(Nc2nc(-c3cccc(C(F)(F)F)n3)nc3[nH]ccc23)ccn1,8.602059991327963,1,CHEMBL6019562
COC(=O)Nc1cc(Nc2nc(-c3cccc(C(F)(F)F)n3)nn3cccc23)ccn1,9.060480747381382,1,CHEMBL6019421
COC(=O)Nc1cc(Nc2nc(-c3cccc(C(F)F)n3)nc3[nH]ccc23)ccn1,9.119186407719209,1,CHEMBL5969135
COC(=O)Nc1cc(Nc2nc(-c3cccc(OC)n3)nn3cccc23)ccn1,8.301029995663981,1,CHEMBL5848670
COC(=O)Nc1cc2c(Nc3ccncc3F)nc(-c3cccc(OC)n3)nn2c1,7.130768280269024,1,CHEMBL5960574
COC(=O)Nc1ccc2c(-c3c(-c4ccccn4)nn4c3CCC4)ccnc2c1,7.3979400086720375,1,CHEMBL584928
COC(=O)Nc1cnc2ccc(-c3c(-c4ccc(F)cc4)ncn3CC(F)F)cn12,6.370590400897282,3,CHEMBL5912808
COC(=O)Nc1cnc2ccc(-c3c(-c4ccc(F)cc4)ncn3CC(F)F)nn12,8.346787486224656,3,CHEMBL5998197
COC(=O)c1ccc(-c2cc(-c3c(-c4cccc(C)n4)nc4n3C3CCC4C3)ccn2)cc1,7.060480747381382,1,CHEMBL5865573
COC(=O)c1ccc(-c2cc(-c3c[nH]nc3-c3ccccn3)ccn2)cc1,7.568636235841012,1,CHEMBL203436
COC(=O)c1ccc(-c2ncccc2-c2ccc3ncc(C#N)n3c2)nc1,5.349012905616554,1,CHEMBL5756004
COC(=O)c1ccc(-c2ncccc2-c2ccc3ncc(C(N)=O)n3c2)nc1,5.11628179803604,1,CHEMBL5813309
COC(=O)c1ccc(NCc2nc(-c3ccc4ncnn4c3)c(-c3cccc(C)n3)[nH]2)cc1,7.107905397309519,1,CHEMBL3260611
COC(=O)c1ccc2nccc(-c3c(-c4cccc(C)n4)nn4c3CCC4)c2c1,6.279014255846261,1,CHEMBL408181
COC(=O)c1cccc(NCc2nc(-c3ccc4ncnn4c3)c(-c3cccc(C)n3)[nH]2)c1,7.769551078621726,1,CHEMBL3260595
COC(=O)c1ccnc(-c2cccc(C)n2)c1-c1ccc2ncc(C#N)n2c1,6.185752404268079,1,CHEMBL5834636
COC(=O)c1cnccc1Nc1cc(-c2cc(Cl)ccc2F)ncc1C(C)C,7.3979400086720375,1,CHEMBL5287924
COC(C)(C)c1cnc(-c2cc(Cl)ccc2F)cc1Nc1ccncc1C(=O)NCC(C)O,7.29413628771608,3,CHEMBL5761663
COCC(=O)Nc1cc(Nc2nc(-c3cccc(C(F)(F)F)n3)nn3cccc23)ccn1,8.795880017344075,1,CHEMBL5789706
COCC(C1CC1)n1cnc(-c2ccc(F)cc2)c1-c1ccc2ncc(C#N)n2n1,8.638272163982407,2,CHEMBL5897050
COCC(C1CC1)n1cnc(-c2ccc(F)cc2)c1-c1ccc2ncc(C(N)=O)n2n1,8.67778070526608,3,CHEMBL5833046
COCC1c2c(-c3ccncc3)c(-c3cccc(C)n3)nn2CC1(C)C,6.129011186239424,1,CHEMBL4292878
COCCC(=O)Nc1cc(Nc2nc(-c3cccc(C(F)(F)F)n3)nn3cccc23)ccn1,8.744727494896694,1,CHEMBL5959909
COCCC(=O)Nc1ccc2c(-c3c(-c4ccccn4)nn4c3CCC4)ccnc2c1,7.468521082957745,1,CHEMBL565645
COCCCN1C(=O)Cc2cc(-c3cncc(-c4ccc(=O)n(C(C)C)c4)c3)ccc21,5.221848749616356,1,CHEMBL5933460
COCCN1C(=O)Cc2cc(-c3cncc(-c4ccc(=O)n(C(C)C)c4)c3)ccc21,5.167491087293763,1,CHEMBL5831304
COCCN1C[C@@H]2C[C@]2(c2ccc(-c3cnc(N)c(C(=O)NC45CCC(O)(CC4)CC5)c3)cc2)C1,5.2636034977233574,1,CHEMBL6008024
COCCN1C[C@@H]2C[C@]2(c2ccc(-c3cnc(N)c(C(=O)N[C@H]4CC[C@H](O)CC4)c3)cc2)C1,5.42021640338319,1,CHEMBL5958247
COCCN1C[C@H]2C[C@@]2(c2ccc(-c3cnc(N)c(C(=O)N[C@H]4CC[C@H](O)CC4)c3)cc2)C1,5.337242168318426,1,CHEMBL5811784
COCCNC(=O)c1ccc(-c2cc(-c3c[nH]nc3-c3ccccn3)ccn2)cc1,7.040958607678906,2,CHEMBL205151
COCCNC(=O)c1cnc2ccc(-c3cccnc3-c3cccc(C)n3)cn12,8.397940008672037,1,CHEMBL5746723
COCCn1cc(N(c2nc(C(N)=O)c(-c3cc(C(=O)N4CCOCC4)c[nH]3)s2)C2CC2)cn1,7.787812395596042,1,CHEMBL6145514
COCCn1cnc(-c2ccc(F)c(Cl)c2)c1-c1ccc2ncc(C#N)n2n1,8.823908740944319,2,CHEMBL5758884
COCCn1cnc(-c2ccc(F)c(Cl)c2)c1-c1ccc2ncc(C(N)=O)n2n1,8.886056647693163,2,CHEMBL5984988
COCc1cccc(-c2c(-c3ccc4nccnc4c3)n(C)n(C)c2=O)c1,5.432973633840939,1,CHEMBL606919
COCc1noc(CNC(=O)c2cnccc2Nc2nc(-c3cccc(C(F)F)n3)nn3cccc23)n1,7.657577319177793,1,CHEMBL5880137
CONC(=O)c1cnc2ccc(-c3c(-c4ccc(F)cc4)ncn3CC(F)F)nn12,9.154901959985743,3,CHEMBL6023378
COc1cc(-c2cc(-c3ccc(N4CCNCC4)cc3)cnc2C)cc(OC)c1OC,5.522878745280337,3,CHEMBL3341789
COc1cc(-c2cc(-c3ccc(N4CCNCC4)cc3)cnc2Cl)cc(OC)c1OC,4.00436480540245,1,CHEMBL3341788
COc1cc(-c2cc(-c3ccc(N4CCNCC4)cc3)cnc2N(C)C)cc(OC)c1OC,3.939302159646388,1,CHEMBL3341955
COc1cc(-c2cc(-c3ccc(N4CCNCC4)cc3)cnc2N)cc(OC)c1OC,6.8652435278910415,2,CHEMBL3341945
COc1cc(-c2cc(-c3ccc(N4CCNCC4)cc3)cnc2N)ccc1C,4.563776176105494,2,CHEMBL3341953
COc1cc(-c2cc(-c3ccc(N4CCNCC4)cc3)cnc2N)ccc1Cl,5.4777693195946675,2,CHEMBL3341952
COc1cc(-c2cc(-c3ccc(N4CCNCC4)cc3)cnc2OC)cc(OC)c1OC,4.086186147616283,1,CHEMBL3341790
COc1cc(-c2cc(-c3ccc(O)cc3)cnc2N)cc(OC)c1OC,6.236572006437063,1,CHEMBL3341941
COc1cc(-c2cc(-c3cccc(N4CCNCC4)c3)cnc2N)cc(OC)c1OC,7.13420561740663,2,CHEMBL3341944
COc1cc(-c2cc(-c3cccc(NS(C)(=O)=O)c3)cnc2N)cc(OC)c1OC,6.664877073462938,2,CHEMBL3341943
COc1cc(-c2cc(-c3cccc(O)c3)cnc2N)cc(OC)c1OC,6.010681525807763,2,CHEMBL1230714
COc1cc(-c2ccc3c(N)n[nH]c3c2)nc(N)n1,5.499999678657065,1,CHEMBL1765759
COc1cc(-c2cn(C)c(=O)c3cnccc23)c(OC)cc1CN(C)C,5.289036881004725,1,CHEMBL3823101
COc1cc(-c2cn(C)c(=O)c3cnccc23)cc(OC)c1CN(C)C,5.414539270491499,1,CHEMBL3823478
COc1cc(-c2cnc(N)c(-c3cc(OC)c(OC)c(OC)c3)c2)ccc1O,5.638272163982407,1,CHEMBL3341942
COc1cc(-c2cncc(-c3ccc(C4=CCN(C)CC4)cc3)c2C)cc(OC)c1OC,5.35316892615146,2,CHEMBL4646444
COc1cc(-c2cncc(-c3ccc(C4=CCNCC4)cc3)c2C)cc(OC)c1OC,5.123089688655373,1,CHEMBL4641530
COc1cc(-c2cncc(-c3ccc(C4CCN(C)CC4)cc3)c2C)cc(OC)c1OC,5.4780777551165,1,CHEMBL4633241
COc1cc(-c2cncc(-c3ccc(C4CCNCC4)cc3)c2C)cc(OC)c1OC,5.612025747259869,2,CHEMBL4635321
COc1cc(-c2cncc(-c3ccc(CN4CCN(C)CC4)cc3)c2C)cc(OC)c1OC,5.57790283686829,1,CHEMBL4638893
COc1cc(-c2cncc(-c3ccc(N4CCCNCC4)cc3)c2C)cc(OC)c1OC,5.429753049237014,2,CHEMBL4639700
COc1cc(-c2cncc(-c3ccc(N4CCN(C(C)=O)CC4)cc3)c2C)cc(OC)c1OC,5.597910649427903,1,CHEMBL4648707
COc1cc(-c2cncc(-c3ccc(N4CCN(C(C)C)CC4)cc3)c2C)cc(F)c1C(N)=O,5.668775218979268,5,CHEMBL4548795
COc1cc(-c2cncc(-c3ccc(N4CCN(C(C)C)CC4)cc3)c2C)cc(OC)c1C(N)=O,6.869773491196456,2,CHEMBL4468389
COc1cc(-c2cncc(-c3ccc(N4CCN(C(C)C)CC4)cc3)c2C)cc(OC)c1OC,5.694751683396609,2,CHEMBL4644571
COc1cc(-c2cncc(-c3ccc(N4CCN(C)CC4)cc3)c2C)cc(F)c1C(N)=O,5.672822673623079,2,CHEMBL4575655
COc1cc(-c2cncc(-c3ccc(N4CCN(C)CC4)cc3)c2C)cc(OC)c1C(N)=O,6.864369694756282,2,CHEMBL4435320
COc1cc(-c2cncc(-c3ccc(N4CCN(C)CC4)cc3)c2C)cc(OC)c1OC,5.314526980277241,1,CHEMBL4643265
COc1cc(-c2cncc(-c3ccc(N4CCN(CCF)CC4)cc3)c2C)cc(OC)c1OC,5.492819022739759,1,CHEMBL4647991
COc1cc(-c2cncc(-c3ccc(N4CCN(S(C)(=O)=O)CC4)cc3)c2C)cc(OC)c1OC,5.448520259744381,2,CHEMBL4638544
COc1cc(-c2cncc(-c3ccc(N4CCNCC4)cc3)c2)cc(OC)c1OC,6.373234078236497,4,CHEMBL3341787
COc1cc(-c2cncc(-c3ccc(N4CCNCC4)cc3)c2C#N)cc(OC)c1F,6.06660328722317,2,CHEMBL4646278
COc1cc(-c2cncc(-c3ccc(N4CCNCC4)cc3)c2C#N)cc(OC)c1OC,6.152106424380818,2,CHEMBL4638273
COc1cc(-c2cncc(-c3ccc(N4CCNCC4)cc3)c2C)cc(Cl)c1C(N)=O,5.681936665037238,1,CHEMBL4434694
COc1cc(-c2cncc(-c3ccc(N4CCNCC4)cc3)c2C)cc(F)c1C(N)=O,5.582990673913583,2,CHEMBL4440168
COc1cc(-c2cncc(-c3ccc(N4CCNCC4)cc3)c2C)cc(OC)c1C(N)=O,7.001394208583747,2,CHEMBL4565968
COc1cc(-c2cncc(-c3ccc(N4CCNCC4)cc3)c2C)cc(OC)c1F,5.39139164744968,2,CHEMBL4636120
COc1cc(-c2cncc(-c3ccc(N4CCNCC4)cc3)c2C)cc(OC)c1OC,5.590820269236519,4,CHEMBL4517408
COc1cc(-c2cncc(-c3ccc(N4CCNCC4)cc3)c2C)ccc1C(N)=O,6.196002428717338,2,CHEMBL4553210
COc1cc(-c2cncc(-c3ccc(N4CCNCC4)cc3)c2C2CC2)cc(OC)c1OC,5.331800515801338,1,CHEMBL4646409
COc1cc(-c2cncc(-c3ccc(N4CCNCC4)cc3)c2Cl)cc(OC)c1OC,5.45026638053301,2,CHEMBL4642165
COc1cc(-c2cncc(-c3ccc(N4CCNCC4)cc3)c2F)cc(OC)c1OC,5.858231796070346,2,CHEMBL4633121
COc1cc(-c2cncc(-c3ccc(N4CCOCC4)cc3)c2C)cc(OC)c1OC,5.6278247138849355,1,CHEMBL4642622
COc1cc(-c2cncc(-c3ccc(N4CCS(=O)(=O)CC4)cc3)c2C)cc(OC)c1OC,5.910448117113546,1,CHEMBL4648735
COc1cc(-c2cncc(-c3ccc(N4C[C@@H](C)N(C)[C@@H](C)C4)cc3)c2C)cc(F)c1C(N)=O,5.536107011014092,1,CHEMBL4434717
COc1cc(-c2cncc(-c3ccc(N4C[C@@H](C)N(C)[C@@H](C)C4)cc3)c2C)cc(OC)c1C(N)=O,6.916105110420455,2,CHEMBL4526828
COc1cc(-c2cncc(-c3ccc(N4C[C@@H](C)N[C@@H](C)C4)cc3)c2C)cc(OC)c1OC,5.912193363907708,2,CHEMBL4634857
COc1cc(-c2cncc(-c3ccc(OC4CCN(C)CC4)cc3)c2C)cc(OC)c1OC,5.730769689221635,2,CHEMBL4647724
COc1cc(-c2cncc(-c3ccc(OC4CCNCC4)cc3)c2C)cc(OC)c1OC,5.631983830426648,2,CHEMBL4648102
COc1cc(-c2cncc(-c3ccc4c(c3)CC(=O)N4C)c2)cn(C(C)C)c1=O,6.214670164989233,1,CHEMBL5761521
COc1cc(-c2cncc3c2CCOc2cc(N4CCN(C)CC4)ccc2-3)cc(OC)c1OC,6.189645755989691,2,CHEMBL5631116
COc1cc(-c2cncc3c2CCOc2cc(N4CCNCC4)ccc2-3)cc(OC)c1OC,6.4883655372684705,2,CHEMBL5630109
COc1cc(-c2cncc3c2CN(C)Cc2cc(N4CCN(C)CC4)ccc2-3)cc(OC)c1OC,5.4045672938964,2,CHEMBL5630942
COc1cc(-c2cncc3c2CN(C)Cc2cc(N4CCNCC4)ccc2-3)cc(OC)c1OC,5.687086643357144,2,CHEMBL5630485
COc1cc(-c2cncc3c2COCc2cc(N4CCN(C)CC4)ccc2-3)cc(OC)c1OC,6.593914459336314,2,CHEMBL5630025
COc1cc(-c2cncc3c2COCc2cc(N4CCNCC4)ccc2-3)cc(OC)c1OC,6.816359321183528,2,CHEMBL5630864
COc1cc(-c2cncc3c2COc2cc(N4CCN(C)CC4)ccc2-3)cc(OC)c1OC,5.786073794584466,2,CHEMBL5630245
COc1cc(-c2cncc3c2oc2cc(N4CCN(C)CC4)ccc23)cc(OC)c1OC,5.114017188645027,1,CHEMBL5624556
COc1cc(-c2cnn3cc(-c4ccc(N5CCNCC5)cc4)cnc23)cc(OC)c1OC,6.821032576499773,2,CHEMBL3341794
COc1cc(-c2ncn(CC(F)F)c2-c2ccc3ncc(C#N)n3n2)ccc1F,8.2839966563652,3,CHEMBL6025178
COc1cc(CNc2nc(-c3cccc(C)n3)c(-c3ccc4ncnn4c3)s2)cc(OC)c1,7.782516055786093,1,CHEMBL2088218
COc1cc(NC(=S)n2cc(-c3ccc4ncnn4c3)c(-c3cccc(C)n3)n2)cc(OC)c1,7.106432772900442,2,CHEMBL1835630
COc1cc(NCc2nc(-c3ccc4ncnn4c3)c(-c3cccc(C)n3)[nH]2)cc(OC)c1,7.853871964321762,1,CHEMBL3260626
COc1cc(Nc2cc(Oc3cc(C)c(C)nc3-c3ccccn3)ccn2)cc(OC)c1OC,7.308092317009784,2,CHEMBL575099
COc1cc(Nc2cc(Oc3ccc(C)nc3)ccn2)cc(OC)c1OC,6.758163568096844,2,CHEMBL573735
COc1cc(Nc2cc(Oc3ccc(C)nc3-c3ccccn3)ccn2)cc(OC)c1OC,7.792513326014591,2,CHEMBL583964
COc1cc(Nc2cc(Oc3ccc(C)nc3C)ccn2)cc(OC)c1OC,7.566856330457902,2,CHEMBL574415
COc1cc(Nc2cc(Oc3cccnc3)ccn2)cc(OC)c1OC,6.6439741428068775,1,CHEMBL574621
COc1cc(Nc2cc(Oc3cccnc3C)ccn2)cc(OC)c1OC,6.586328289288797,2,CHEMBL572823
COc1cc(O)c2c(c1)CCC[C@H](O)[C@H](O)C(=O)CCC[C@H](C)OC2=O,5.141884067809934,1,CHEMBL4099337
COc1cc(OC)c(-c2ccc3c(Nc4ccnc(-c5cc(F)ccc5F)c4)ccnc3c2)c(OC)c1,6.158640529545146,1,CHEMBL4874250
COc1cc(OC)c2nccc(-c3c(-c4cccc(C)n4)nn4c3CCC4)c2c1,5.41907502432438,1,CHEMBL261625
COc1cc(OC)cc(-c2cc(-c3ccc(N4CCNCC4)cc3)cnc2N)c1,6.093543321678572,2,CHEMBL3341947
COc1cc(OC)cc(-c2cncc(-c3ccc(N4CCNCC4)cc3)c2)c1,4.585026652029182,1,CHEMBL3341795
COc1cc(Oc2ccnc(Nc3ccnc(C(C)(C)O)c3)c2)n(C2CCOCC2)n1,6.899629454882437,1,CHEMBL6055622
COc1cc2c(-c3cnn4cc(N5CCC(N6CCN(C)CC6)CC5)cnc34)ccnc2cc1F,5.049391775215769,1,CHEMBL5956963
COc1cc2nccc(Oc3cc(C)c(C)cc3C(C)=O)c2cc1OC,6.200659450546418,1,CHEMBL500149
COc1cc2nccc(Oc3ccc(C)cc3C(=O)c3ccccc3)c2cc1OC.Cl,5.568636235841012,1,CHEMBL482729
COc1cc2nccc(Oc3ccc(C)cc3C(C)=O)c2cc1OC,5.356547323513812,1,CHEMBL484907
COc1cc2nccc(Oc3ccccc3C(=O)c3ccccc3)c2cc1OC,4.795880017344075,1,CHEMBL482728
COc1ccc(-c2c(-c3cccc(C)n3)nn3c2C(C)C(C)(C)C3)cc1,6.213248577854438,1,CHEMBL4292170
COc1ccc(-c2c(-c3ccccn3)nc3n2CCC3)cc1,5.292429823902063,2,CHEMBL6204
COc1ccc(-c2c(-c3ccccn3)nn3c2CCC3)cc1,6.189767482004916,1,CHEMBL120907
COc1ccc(-c2c(-c3ccnc(NC(C)=O)c3)[nH]c3cccnc23)cn1,8.522878745280337,1,CHEMBL4279160
COc1ccc(-c2c(-c3ccnc(NC(C)=O)c3)[nH]c3cccnc23)nc1,8.221848749616356,1,CHEMBL4288634
COc1ccc(-c2cc(-c3c[nH]nc3-c3ccccn3)ccn2)cc1,7.619788758288394,1,CHEMBL202891
COc1ccc(-c2cc(-c3ccc(N4CCNCC4)cc3)cnc2N)cc1,4.022276394711152,1,CHEMBL3341950
COc1ccc(-c2cc(-c3ccc(N4CCNCC4)cc3)cnc2N)cc1OC,5.0219398068034895,2,CHEMBL3341946
COc1ccc(-c2ccc3c(Nc4ccnc(-c5cc(F)ccc5F)c4)ccnc3c2)c(OC)c1,5.3568929225058834,1,CHEMBL4861173
COc1ccc(-c2ccc3c(Nc4ccnc(-c5cc(F)ccc5F)c4)ccnc3c2)cc1,7.658961368322477,1,CHEMBL4857030
COc1ccc(-c2cccc(C)n2)c(-c2ccc3ncc(C(N)=O)n3c2)c1,7.42021640338319,1,CHEMBL5740109
COc1ccc(-c2cn(C)nc2-c2cccc(C)n2)cc1,7.327902142064282,3,CHEMBL129760
COc1ccc(-c2cnc3c(-c4ccnc5ccccc45)cnn3c2)cc1,4.47755576649368,1,CHEMBL511563
COc1ccc(-c2ncn(CC(F)F)c2-c2ccc3ncc(C#N)n3n2)cc1,8.301029995663981,3,CHEMBL5798817
COc1ccc(CNc2nc(-c3cccc(C)n3)c(-c3ccc4ncnn4c3)s2)cc1,7.614393726401688,1,CHEMBL2087975
COc1ccc(CNc2nc(-c3cccc(C)n3)c(-c3ccc4ncnn4c3)s2)cc1OC,7.3214816209598865,1,CHEMBL2088217
COc1ccc(Cn2ccc3c(Nc4cc(-c5cc(Cl)ccc5F)ncc4C(C)C)ncnc32)cc1,8.086186147616283,3,CHEMBL5813038
COc1ccc(Cn2ccc3c(Nc4cc(-c5ncccc5F)ncc4C(C)C)ccnc32)cc1,7.785156151952302,3,CHEMBL5818096
COc1ccc(Cn2ccc3c(Nc4cc(-c5ncccc5F)ncc4C(C)C)ncnc32)cc1,7.578396073130169,3,CHEMBL5800993
COc1ccc(Cn2ncc3c(Nc4cc(-c5cc(Cl)ccc5F)ncc4C(C)C)ncnc32)cc1,7.752026733638194,3,CHEMBL5903130
COc1ccc(NC(=S)n2cc(-c3ccc4ncnn4c3)c(-c3cccc(C)n3)n2)cc1,7.220334014339548,2,CHEMBL1835530
COc1ccc(NC(=S)n2cc(-c3ccc4ncnn4c3)c(-c3cccc(C)n3)n2)cc1OC,6.887593669331023,2,CHEMBL1835629
COc1ccc(NCc2nc(-c3ccc4ncnn4c3)c(-c3cccc(C)n3)[nH]2)cc1,7.318758762624412,1,CHEMBL3260603
COc1ccc(NCc2nc(-c3ccc4ncnn4c3)c(-c3cccc(C)n3)[nH]2)cc1OC,7.356547323513812,1,CHEMBL3260622
COc1ccc(NS(=O)(=O)c2c[nH]c3ncccc23)cc1,5.96657624451305,1,CHEMBL6192669
COc1ccc(NS(=O)(=O)c2cccc(S(=O)(=O)NCC3CCN(C(=O)OC(C)(C)C)CC3)c2)cc1,4.769551078621726,1,CHEMBL3701791
COc1ccc(Nc2cc(Oc3cc(C)c(C)nc3-c3ccccn3)ccn2)cc1,7.489405350465031,2,CHEMBL573287
COc1ccc(OC)c(-c2ccc3c(Nc4ccnc(-c5cc(F)ccc5F)c4)ccnc3c2)c1,6.048516769247707,1,CHEMBL4855865
COc1ccc(OC)c(/C=C/C(=O)Nc2sc3c(c2C#N)CCC3)c1,7.053119118971028,2,CHEMBL5220468
COc1ccc(OC)c(/C=C/C(=O)Nc2sc3c(c2C#N)CCCC3)c1,7.060480747381382,1,CHEMBL5218580
COc1ccc(Oc2ccnc(Nc3ccnc(C(C)(C)O)c3)c2)c(C)n1,7.494850021680094,1,CHEMBL5808737
COc1ccc(Oc2ccnc(Nc3ccnc(C(C)(C)O)c3)c2)c(C2CCOCC2)n1,6.657577319177793,1,CHEMBL5954251
COc1ccc(S(=O)(=O)N2CCC(CCn3nc(-c4ccc5[nH]ccc5c4)c4c(N)ncnc43)CC2)cc1,6.187755303199631,1,CHEMBL5566210
COc1ccc2c(Nc3nc(-c4cccc(C(F)(F)F)n4)nn4cccc34)ccnc2c1,8.3767507096021,1,CHEMBL5978987
COc1ccc2c(Nc3nc(-c4cccc(C(F)F)n4)nn4cccc34)ccnc2c1,8.744727494896694,1,CHEMBL5829819
COc1ccc2c(Nc3nc(-c4cccc(C)n4)nn4cccc34)ccnc2c1,8.958607314841775,1,CHEMBL5848647
COc1ccc2cc(-c3c(-c4ccncc4)nc(-c4ccc([S+](C)[O-])cc4C)n3C)ccc2c1,6.528708288941061,1,CHEMBL237570
COc1ccc2nccc(Nc3nc(-c4cccc(C)n4)nn4cccc34)c2c1,8.193820026016112,1,CHEMBL6021526
COc1cccc(-c2c(-c3ccc4nccnc4c3)n(C)n(C)c2=O)c1,5.853871964321762,1,CHEMBL606376
COc1cccc(-c2cc(-c3c[nH]nc3-c3ccccn3)ccn2)c1,6.939302159646388,2,CHEMBL382799
COc1cccc(-c2cc(-c3ccc(N4CCNCC4)cc3)cnc2N)c1,5.165155645971896,2,CHEMBL3341948
COc1cccc(-c2ccccc2-c2ccc3ncc(C(N)=O)n3c2)n1,7.346787486224656,1,CHEMBL5842703
COc1cccc(-c2nc(-n3ccc4cnccc43)c3c(Cl)ccn3n2)n1,8.0,1,CHEMBL5896153
COc1cccc(-c2nc(-n3ccc4cnccc43)c3cccn3n2)n1,8.207608310501746,1,CHEMBL5996376
COc1cccc(-c2nc(-n3ncc4cnccc43)c3cccn3n2)n1,7.173925197299173,1,CHEMBL5991203
COc1cccc(-c2nc(NCc3ccncc3)c3cccn3n2)n1,6.09151498112135,1,CHEMBL5842583
COc1cccc(-c2nc(Nc3ccc4ncccc4c3)c3cccn3n2)n1,4.886056647693163,1,CHEMBL5931204
COc1cccc(-c2nc(Nc3ccnc(C)c3)c3cccn3n2)n1,5.823908740944319,1,CHEMBL6002391
COc1cccc(-c2nc(Nc3ccnc(Cl)c3)c3cccn3n2)n1,5.180456064458131,1,CHEMBL5974268
COc1cccc(-c2nc(Nc3ccnc(F)c3)c3c(C)ccn3n2)n1,6.187086643357144,1,CHEMBL5865781
COc1cccc(-c2nc(Nc3ccnc(F)c3)c3cccn3n2)n1,6.200659450546418,1,CHEMBL5745118
COc1cccc(-c2nc(Nc3ccnc(N4CCOCC4)c3)c3cccn3n2)n1,5.537602002101044,1,CHEMBL5793076
COc1cccc(-c2nc(Nc3ccnc(NC(C)=O)c3)c3cccn3n2)n1,8.537602002101044,1,CHEMBL5833392
COc1cccc(-c2nc(Nc3ccnc(NCC(C)(C)O)c3)c3c(C)ccn3n2)n1,5.180456064458131,1,CHEMBL5780283
COc1cccc(-c2nc(Nc3ccnc(NCC(C)(C)O)c3)c3cccn3n2)n1,5.481486060122112,1,CHEMBL5826305
COc1cccc(-c2nc(Nc3ccnc(NCCC(C)(C)O)c3)c3cccn3n2)n1,6.443697499232712,1,CHEMBL5894541
COc1cccc(-c2nc(Nc3ccnc(NCCCN(C)C)c3)c3cccn3n2)n1,7.055517327849831,1,CHEMBL5794241
COc1cccc(-c2nc(Nc3ccnc(NCCN4CCC(F)(F)CC4)c3)c3cccn3n2)n1,6.318758762624412,1,CHEMBL6064842
COc1cccc(-c2nc(Nc3ccnc(NCCN4CCC(O)CC4)c3)c3c(C)ccn3n2)n1,6.142667503568731,1,CHEMBL5788376
COc1cccc(-c2nc(Nc3ccnc(NCCN4CCC(O)CC4)c3)c3cccn3n2)n1,6.154901959985743,1,CHEMBL5809619
COc1cccc(-c2nc(Nc3ccnc(NCCN4CCOCC4)c3)c3c(C)ccn3n2)n1,6.920818753952375,1,CHEMBL5794077
COc1cccc(-c2nc(Nc3ccnc(NCCN4CCOCC4)c3)c3cccn3n2)n1,6.721246399047171,1,CHEMBL5931239
COc1cccc(-c2nc(Nc3ccncc3)c3c(C)ccn3n2)n1,8.0268721464003,1,CHEMBL5836491
COc1cccc(-c2nc(Nc3ccncc3)c3c(Cl)ccn3n2)n1,7.309803919971486,1,CHEMBL5844905
COc1cccc(-c2nc(Nc3ccncc3)c3cccn3n2)n1,7.803651523370167,2,CHEMBL4218893
COc1cccc(-c2nc(Nc3ccncc3C(F)F)c3cccn3n2)n1,8.0,1,CHEMBL6049338
COc1cccc(-c2nc(Nc3ccncc3C(N)=O)c3cccn3n2)n1,8.040958607678906,1,CHEMBL5769878
COc1cccc(-c2nc(Nc3ccncc3CO)c3cccn3n2)n1,8.036212172654444,1,CHEMBL5961399
COc1cccc(-c2nc(Nc3ccncc3COCCCN3CCOCC3)c3cccn3n2)n1,6.167491087293763,1,CHEMBL6029136
COc1cccc(-c2nc(Nc3ccncc3Cl)c3cccn3n2)n1,8.267606240177031,1,CHEMBL5934626
COc1cccc(-c2nc(Nc3ccncc3F)c3c(C(C)(C)O)ccn3n2)n1,7.494850021680094,1,CHEMBL6006298
COc1cccc(-c2nc(Nc3ccncc3F)c3c(C(O)CN4CCC(F)(F)CC4)ccn3n2)n1,7.42021640338319,1,CHEMBL5978562
COc1cccc(-c2nc(Nc3ccncc3F)c3c(C(O)CN4CCC(N(C)C)CC4)ccn3n2)n1,6.585026652029182,1,CHEMBL5820607
COc1cccc(-c2nc(Nc3ccncc3F)c3c(C(O)CN4CCN(C)CC4)ccn3n2)n1,6.022276394711152,1,CHEMBL6000009
COc1cccc(-c2nc(Nc3ccncc3F)c3c(C(O)CNCCN4CCCCC4)ccn3n2)n1,6.267606240177031,1,CHEMBL5807640
COc1cccc(-c2nc(Nc3ccncc3F)c3c(C(O)CNCCN4CCS(=O)(=O)CC4)ccn3n2)n1,7.251811972993799,1,CHEMBL5936131
COc1cccc(-c2nc(Nc3ccncc3F)c3c(C(O)CO)ccn3n2)n1,7.795880017344075,1,CHEMBL5883599
COc1cccc(-c2nc(Nc3ccncc3F)c3c(CCN4CCC(N)CC4)ccn3n2)n1,6.585026652029182,1,CHEMBL5884267
COc1cccc(-c2nc(Nc3ccncc3F)c3c(CCN4CCN(C)CC4)ccn3n2)n1,6.443697499232712,1,CHEMBL5792703
COc1cccc(-c2nc(Nc3ccncc3F)c3c(CCN4CCOCC4)ccn3n2)n1,6.920818753952375,1,CHEMBL5879190
COc1cccc(-c2nc(Nc3ccncc3F)c3c(CCO)ccn3n2)n1,8.522878745280337,1,CHEMBL5840049
COc1cccc(-c2nc(Nc3ccncc3F)c3c(CN4CCC(F)(F)CC4)ccn3n2)n1,8.045757490560675,1,CHEMBL5885142
COc1cccc(-c2nc(Nc3ccncc3F)c3c(CN4CCN(C)CC4)ccn3n2)n1,7.657577319177793,1,CHEMBL5947790
COc1cccc(-c2nc(Nc3ccncc3F)c3c(CNCC(C)(C)O)ccn3n2)n1,8.013228265733755,1,CHEMBL5978867
COc1cccc(-c2nc(Nc3ccncc3F)c3c(CNCCN4CCCC4)ccn3n2)n1,7.200659450546418,1,CHEMBL5909237
COc1cccc(-c2nc(Nc3ccncc3F)c3c(CNC[C@@H](F)C(C)(C)O)ccn3n2)n1,7.008773924307505,1,CHEMBL5895311
COc1cccc(-c2nc(Nc3ccncc3F)c3c(OCCN4CCCC4)ccn3n2)n1,5.309803919971486,1,CHEMBL5757728
COc1cccc(-c2nc(Nc3ccncc3F)c3cc(/C=C/CCO)cn3n2)n1,7.522878745280337,1,CHEMBL5903325
COc1cccc(-c2nc(Nc3ccncc3F)c3cc(C(C)(C)O)cn3n2)n1,5.795880017344075,1,CHEMBL5800625
COc1cccc(-c2nc(Nc3ccncc3F)c3cc(CCCCN4CCN(C)CC4)cn3n2)n1,5.657577319177793,1,CHEMBL5838443
COc1cccc(-c2nc(Nc3ccncc3F)c3cc(CCN4CCN(C)CC4)cn3n2)n1,5.769551078621726,1,CHEMBL5741800
COc1cccc(-c2nc(Nc3ccncc3F)c3cc(CN4CCC(F)(F)CC4)cn3n2)n1,6.638272163982407,1,CHEMBL5989441
COc1cccc(-c2nc(Nc3ccncc3F)c3cc(CNCC(C)(C)O)cn3n2)n1,5.769551078621726,1,CHEMBL5923093
COc1cccc(-c2nc(Nc3ccncc3F)c3cc(CNCCCN4CCS(=O)(=O)CC4)cn3n2)n1,5.113509274827518,1,CHEMBL5942441
COc1cccc(-c2nc(Nc3ccncc3F)c3cc(CNC[C@@H](F)C(C)(C)O)cn3n2)n1,6.055517327849831,1,CHEMBL5924524
COc1cccc(-c2nc(Nc3ccncc3F)c3cc(N)cn3n2)n1,6.853871964321762,1,CHEMBL5808761
COc1cccc(-c2nc(Nc3ccncc3F)c3cc(NC(=O)CN)cn3n2)n1,5.795880017344075,1,CHEMBL5966443
COc1cccc(-c2nc(Nc3ccncc3F)c3cc(NC(=O)CN4CCOCC4)cn3n2)n1,5.853871964321762,1,CHEMBL6057432
COc1cccc(-c2nc(Nc3ccncc3F)c3cc(NC(=O)CNC(=O)OC(C)(C)C)cn3n2)n1,6.481486060122112,1,CHEMBL5782352
COc1cccc(-c2nc(Nc3ccncc3F)c3cc(NC(=O)CNS(C)(=O)=O)cn3n2)n1,6.886056647693163,1,CHEMBL5803593
COc1cccc(-c2nc(Nc3ccncc3F)c3cc(NC(=O)N4CCOCC4)cn3n2)n1,6.161150909262744,1,CHEMBL5850639
COc1cccc(-c2nc(Nc3ccncc3F)c3cc(NC(C)=O)cn3n2)n1,7.0655015487564325,1,CHEMBL5913527
COc1cccc(-c2nc(Nc3ccncc3F)c3cc(NS(=O)(=O)C4CC4)cn3n2)n1,7.0915149811213505,1,CHEMBL5788659
COc1cccc(-c2nc(Nc3ccncc3F)c3cc(NS(C)(=O)=O)cn3n2)n1,7.251811972993799,1,CHEMBL6002264
COc1cccc(-c2nc(Nc3ccncc3F)c3ccc(F)n3n2)n1,7.060480747381382,1,CHEMBL5822867
COc1cccc(-c2nc(Nc3ccncc3F)c3cccn3n2)n1,8.397940008672037,1,CHEMBL5787410
COc1cccc(-c2nc(Nc3ccncc3N)c3cccn3n2)n1,7.698970004336019,1,CHEMBL5781475
COc1cccc(-c2nc(Nc3ccncc3NC(=O)CN3CCOCC3)c3cccn3n2)n1,5.522878745280337,1,CHEMBL5825803
COc1cccc(-c2nc(Nc3ccncc3NC(C)=O)c3cccn3n2)n1,6.7447274948966935,1,CHEMBL5820957
COc1cccc(-c2nc(Nc3ccncn3)c3cccn3n2)n1,7.259637310505756,1,CHEMBL5803969
COc1cccc(-c2ncccc2-c2ccc3ncc(C#N)n3c2)n1,8.045757490560675,1,CHEMBL5798224
COc1cccc(-c2ncccc2-c2ccc3ncc(C#N)n3n2)n1,7.366531544420414,1,CHEMBL5960677
COc1cccc(-c2ncccc2-c2ccc3ncc(C(N)=O)n3c2)n1,9.0,1,CHEMBL5847722
COc1cccc(-c2ncccc2-c2ccc3ncc(C(N)=O)n3n2)n1,7.6777807052660805,1,CHEMBL6012482
COc1cccc(/C=C\c2ccc3ncc(C(N)=O)n3c2)n1,7.823908740944319,1,CHEMBL6038395
COc1cccc(CNc2nc(-c3cccc(C)n3)c(-c3ccc4ncnn4c3)s2)c1,7.943095148663527,1,CHEMBL2087969
COc1cccc(CNc2nc(-c3cccc(C)n3)c(-c3ccc4ncnn4c3)s2)c1OC,7.361510743045363,1,CHEMBL2088216
COc1cccc(NC(=S)n2cc(-c3ccc4ncnn4c3)c(-c3cccc(C)n3)n2)c1,8.645891560852599,1,CHEMBL1835522
COc1cccc(NCc2nc(-c3ccc4ncnn4c3)c(-c3cccc(C)n3)[nH]2)c1,7.853871964321762,1,CHEMBL3260587
COc1cccc(NCc2nc(-c3ccc4ncnn4c3)c(-c3cccc(C)n3)[nH]2)c1OC,7.236572006437063,1,CHEMBL3260617
COc1cccc(NS(=O)(=O)c2cccc(S(=O)(=O)NCC3CCN(C(=O)OC(C)(C)C)CC3)c2)c1,4.657577319177793,1,CHEMBL3701792
COc1cccc(Nc2cc(Oc3cc(C)c(C)nc3-c3ccccn3)ccn2)c1,7.946395015176066,2,CHEMBL575721
COc1cccc(OC)c1-c1ccc2c(Nc3ccnc(-c4cc(F)ccc4F)c3)ccnc2c1,6.788345599446817,1,CHEMBL4854040
COc1cccc2nccc(Nc3cc(-c4cc(C)ccc4F)ncc3C)c12,7.899974269892137,1,CHEMBL4097629
COc1cccc2nccc(Nc3cc(-c4cc(Cl)ccc4F)ncc3C)c12,7.899974269892137,1,CHEMBL4101991
COc1cccc2nccc(Nc3cc(-c4cc(Cl)ccc4F)ncc3C3CC3)c12,7.299988937677888,1,CHEMBL4094260
COc1cccc2nccc(Nc3cc(-c4cccc(C)n4)ncc3C)c12,8.299988937677888,1,CHEMBL4074485
COc1cccc2nccc(Nc3cc(-c4cccc(Cl)c4)ncc3C)c12,7.50003813440381,1,CHEMBL4078651
COc1cccc2nccc(Nc3cc(-c4nc(C)ccc4F)ncc3C)c12,8.599980364934842,1,CHEMBL4094958
COc1cccc2nccc(Nc3ccnc(-c4cc(C)ccc4F)c3)c12,7.599980364934842,1,CHEMBL4070456
COc1cccc2nccc(Nc3ccnc(-c4cc(Cl)ccc4F)c3)c12,7.700057099977233,1,CHEMBL4077722
COc1cccc2nccc(Nc3ccnc(-c4cccc(Cl)c4)c3)c12,6.499996931948306,1,CHEMBL4096668
COc1cccc2nccc(Nc3ccnc(-c4ccccc4)c3)c12,6.199998172182031,1,CHEMBL4086498
COc1cccc2nccc(Nc3ccnc(-c4nc(C)ccc4F)c3)c12,7.400007822415902,1,CHEMBL4100266
COc1ccccc1-c1nnn(-c2cccc(C)n2)c1-c1ccc2nccnc2c1,4.462180904926726,1,CHEMBL2324833
COc1ccccc1NC(=S)n1cc(-c2ccc3ncnn3c2)c(-c2cccc(C)n2)n1,6.683182969051861,2,CHEMBL1835620
COc1ccccc1NCc1nc(-c2ccc3ncnn3c2)c(-c2cccc(C)n2)[nH]1,7.853871964321762,1,CHEMBL3260573
COc1ccccc1NS(=O)(=O)c1cccc(S(=O)(=O)NCC2CCN(C(=O)OC(C)(C)C)CC2)c1,4.522878745280337,1,CHEMBL3701793
COc1ccccc1Nc1cc(Oc2cc(C)c(C)nc2-c2ccccn2)ccn1,7.548998554324635,2,CHEMBL575492
COc1cnc(-c2cc(Cl)ccc2F)cc1Nc1ccncc1C(=O)NC[C@H](C)O,7.145693958198919,3,CHEMBL6025407
COc1cnccc1-n1cc(N(c2nc(C(N)=O)c(-c3cc(C(C)=O)c[nH]3)s2)C2CC2)cn1,8.657577319177793,1,CHEMBL5591770
COc1cnccc1Nc1nc(-c2ccc(F)c(C)n2)nc2[nH]ccc12,9.102372908709558,1,CHEMBL5773973
COc1cnccc1Nc1nc(-c2cccc(C(F)(F)F)n2)nc2[nH]ccc12,8.769551078621726,1,CHEMBL6033325
COc1nc(-c2nc(Nc3ccncc3F)c3cccn3n2)cs1,8.236572006437063,1,CHEMBL5875214
COc1nccc(-c2nc(Nc3ccncc3F)c3cccn3n2)n1,6.275724130399211,1,CHEMBL5866274
CS(=O)(=O)N(c1cc2c(Nc3ccncc3F)nc(-c3cccc(C(F)(F)F)n3)nn2c1)S(C)(=O)=O,7.2839966563652006,1,CHEMBL5777059
CS(=O)(=O)N1CCC(N2C[C@H]3C[C@@]3(c3ccc(-c4cnc(N)c(C(=O)N[C@H]5CC[C@H](O)CC5)c4)cc3)C2)CC1,6.251811972993799,1,CHEMBL5926722
CS(=O)(=O)Nc1cc(Nc2nc(-c3cccc(C(F)(F)F)n3)nc3[nH]ccc23)ccn1,6.013228265733755,1,CHEMBL6030153
CS(=O)(=O)Nc1cc(Nc2nc(-c3cccc(C(F)(F)F)n3)nn3cccc23)ccn1,5.3979400086720375,1,CHEMBL6065346
CS(=O)(=O)Nc1cccc(-c2nc(-n3ccc4cnccc43)c3cccn3n2)n1,7.481486060122112,1,CHEMBL5791705
CS(=O)(=O)Nc1cccc(-c2nc(Nc3ccncc3)c3cccn3n2)n1,7.920818753952375,1,CHEMBL5880201
CS(=O)(=O)Nc1cccc(-c2nc(Nc3ccncc3Cl)c3cc[nH]c3n2)n1,8.657577319177793,1,CHEMBL5752533
CS(=O)(=O)Nc1cccc(-c2nc(Nc3ccncc3Cl)c3cccn3n2)n1,8.05551732784983,1,CHEMBL6009881
CS(=O)(=O)Nc1cccc(-c2nc(Nc3ccncc3F)c3cccn3n2)n1,7.920818753952375,1,CHEMBL5978376
CS(=O)(=O)Nc1cccc(-c2ncccc2-c2ccc3ncc(C#N)n3c2)n1,5.703993330686328,1,CHEMBL5861051
CS(=O)(=O)Nc1cccc(-c2ncn(CC(F)F)c2-c2ccc3ncc(C#N)n3n2)c1,8.113509274827518,3,CHEMBL6057713
CS(=O)(=O)Nc1ccccc1-c1ncn(CC(F)F)c1-c1ccc2ncc(C#N)n2n1,6.283162276700475,3,CHEMBL5989680
CS(=O)(=O)c1ccc(-c2c(-c3ccccn3)nn3c2CCC3)cc1,4.709965388637482,1,CHEMBL566256
CS(=O)(=O)c1ccc(-c2cc(-c3c(-c4ccccn4)nc4n3[C@H]3CC[C@@H]4C3)ccn2)cc1,7.468521082957745,1,CHEMBL5803361
CS(=O)(=O)c1ccc(-c2cc(Nc3ccnc(-c4cc(F)ccc4F)c3)ccn2)cc1,6.646083769079636,1,CHEMBL4877709
CS(=O)(=O)c1ccc(-c2ccc3c(-c4cnc5ccc(-c6cc(F)ccc6F)cn45)ccnc3c2)cc1,5.5616158929652855,1,CHEMBL4861588
CS(=O)(=O)c1ccc(-c2ccc3c(-n4ccc5cnc(-c6cc(F)ccc6F)nc54)ccnc3c2)cc1,6.548751010203862,1,CHEMBL4854673
CS(=O)(=O)c1ccc(-c2ccc3c(Nc4ccnc(-c5cc(F)ccc5F)c4)ccnc3c2)cc1,9.207608310501746,1,CHEMBL4861887
CS(=O)(=O)c1ccc(-c2ccc3c(Nc4ccnc(-c5ccc(F)cc5)c4)ccnc3c2)cc1,8.721246399047171,1,CHEMBL4853591
CS(=O)(=O)c1ccc(-c2ccc3c(Nc4ccnc(-c5cccc(F)c5)c4)ccnc3c2)cc1,8.863279432843592,1,CHEMBL4874538
CS(=O)(=O)c1ccc(-c2ccc3c(Nc4ccnc(-c5ccccc5)c4)ccnc3c2)cc1,9.05551732784983,1,CHEMBL4877481
CS(=O)(=O)c1ccc(-c2ccc3c(Nc4ccnc(-c5ccccc5F)c4)ccnc3c2)cc1,9.173925197299173,1,CHEMBL4867170
CS(=O)(=O)c1ccc(-c2ccc3c(Nc4ccnc(-c5ccoc5)c4)ccnc3c2)cc1,9.267606240177031,1,CHEMBL4872884
CS(=O)(=O)c1ccc(-c2ccc3c(Nc4ccnc(-c5ccsc5)c4)ccnc3c2)cc1,8.137272471682026,1,CHEMBL4847064
CS(=O)(=O)c1ccc(-c2ccc3nccc(Nc4ccnc(-c5cc(F)ccc5F)c4)c3c2)cc1,7.733298033115912,1,CHEMBL4875083
CS(=O)(=O)c1ccc(/C=C/C2CC(Nc3ccnc(-c4cc(F)ccc4F)c3)=CC=N2)cc1,7.888065723667318,1,CHEMBL4854949
CS(=O)(=O)c1cccc(-c2ncn(CC(F)F)c2-c2ccc3ncc(C#N)n3n2)c1,6.123782159408358,3,CHEMBL5986176
CSc1ccc(NCc2nc(-c3ccc4ncnn4c3)c(-c3cccc(C)n3)[nH]2)cc1,7.3979400086720375,1,CHEMBL3260605
CSc1cccc(NCc2nc(-c3ccc4ncnn4c3)c(-c3cccc(C)n3)[nH]2)c1,8.154901959985743,1,CHEMBL3260589
CSc1ccccc1NCc1nc(-c2ccc3ncnn3c2)c(-c2cccc(C)n2)[nH]1,8.0,1,CHEMBL3260575
CSc1nccc(-c2nc(-n3ccc4cnccc43)c3cccn3n2)n1,8.657577319177793,1,CHEMBL5990836
CSc1nccc(-c2nc(Nc3ccncc3)c3cccn3n2)n1,8.161150909262744,1,CHEMBL5867275
C[C@@H](NCc1ccn2nc(-c3ccccn3)nc(Nc3ccncc3F)c12)C(C)(C)C,8.481486060122112,1,CHEMBL5766369
C[C@@H](O)Cn1cnc(-c2ccc(F)cc2)c1-c1ccc2ncc(C#N)n2c1,6.521433504406156,3,CHEMBL5909412
C[C@@H](O)Cn1cnc(-c2ccc(F)cc2)c1-c1ccc2ncc(C(N)=O)n2c1,8.259637310505756,3,CHEMBL6019054
C[C@@H](c1ccc(-c2cnc(N)c(C(=O)N[C@H]3CC[C@H](O)CC3)c2)cc1)N1CC2(COC2)C1,5.610833915635467,1,CHEMBL6061184
C[C@@H]1CC(c2nn(C3CC3)cc2Oc2ccnc(Nc3ccnc(C(C)(C)O)c3)c2)C[C@H](C)O1,7.769551078621726,1,CHEMBL5765700
C[C@@H]1CCCCN1c1cc(-c2ccc3c(N)n[nH]c3c2)nc(N)n1,5.100000128334196,1,CHEMBL1765730
C[C@@H]1CCCN1Cc1ccc(-c2cnc(N)c(C(=O)N[C@H]3CC[C@H](O)CC3)c2)cc1,5.455931955649724,1,CHEMBL5852866
C[C@@H]1CCCN1Cc1ccc(-c2cnc(N)c(C(=O)N[C@H]3CC[C@](C)(O)CC3)c2)c(Cl)c1,5.0,1,CHEMBL6014515
C[C@@H]1CCCN1Cc1ccc(-c2cnc(N)c(C(=O)N[C@H]3CC[C@](C)(O)CC3)c2)c(F)c1,5.236572006437063,1,CHEMBL5963638
C[C@@H]1CCCN1Cc1ccc(-c2cnc(N)c(C(=O)N[C@H]3CC[C@](C)(O)CC3)c2)c(F)c1F,5.0,1,CHEMBL5878304
C[C@@H]1CCCN1Cc1ccc(-c2cnc(N)c(C(=O)N[C@H]3CC[C@](C)(O)CC3)c2)cc1,5.0,1,CHEMBL5890161
C[C@@H]1CCCN1Cc1ccc(-c2cnc(N)c(C(=O)N[C@H]3CC[C@](C)(O)CC3)c2)cc1Cl,5.0,1,CHEMBL5799456
C[C@@H]1CCCN1Cc1ccc(-c2cnc(N)c(C(=O)N[C@H]3CC[C@](C)(O)CC3)c2)cc1F,5.0,1,CHEMBL5205791
C[C@@H]1CC[C@H](C(=O)Nc2ccccc2)CN1c1cc(-c2ccc3c(N)[nH]nc3c2)nc(N)n1,5.200000237109354,1,CHEMBL1614775
C[C@@H]1CN(CCNC(=O)c2cnccc2Nc2nc(-c3ccccn3)nn3cccc23)C[C@H](C)O1,6.769551078621726,1,CHEMBL6047342
C[C@@H]1CN(c2ccc(-c3n[nH]c4cnc(N5[C@H](C)CN(C(=O)N6CCCC6)C[C@@H]5C)nc34)cn2)CCN1,7.2839966563652006,1,CHEMBL5199417
C[C@@H]1C[C@@H](n2nc(C(F)(F)F)cc2Oc2ccnc(Nc3ccnc(C(C)(C)O)c3)c2)C[C@H](C)O1,7.050609993355087,1,CHEMBL5843483
C[C@@H]1C[C@H](n2nc(C(F)(F)F)cc2Oc2ccnc(Nc3ccnc(C(C)(C)O)c3)c2)C[C@H](C)O1,5.982549270489464,1,CHEMBL5770450
C[C@@H]1C[C@H](n2nc(C3CC3)cc2Oc2ccnc(Nc3ccnc(C(C)(C)O)c3)c2)C[C@H](C)O1,5.113170995323018,1,CHEMBL5813949
C[C@H](O)CNC(=O)c1cnccc1Nc1cc(-c2cc(Cl)ccc2F)nc2[nH]ccc12,7.899974269892137,1,CHEMBL4467267
C[C@H](O)CNC(=O)c1cnccc1Nc1cc(-c2cc(Cl)ccc2F)ncc1Br,6.6020599913279625,2,CHEMBL5864686
C[C@H](O)CNC(=O)c1cnccc1Nc1cc(-c2cc(Cl)ccc2F)ncc1C1CC1,7.978810700930062,3,CHEMBL5818729
C[C@H](O)CNC(=O)c1cnccc1Nc1cc(-c2cc(Cl)ccc2F)ncc1N(C)C,7.374687549038326,3,CHEMBL5964579
C[C@H](O)CNC(=O)c1cnccc1Nc1cc(-c2ccc(F)cc2F)nc2[nH]ccc12,7.79997073344623,1,CHEMBL4443611
C[C@H](O)Cn1cnc(-c2ccc(F)cc2)c1-c1ccc2ncc(C#N)n2c1,6.896196279044043,3,CHEMBL5838631
C[C@H](O)Cn1cnc(-c2ccc(F)cc2)c1-c1ccc2ncc(C(N)=O)n2c1,8.568636235841012,3,CHEMBL6027542
C[C@H](c1ccc(-c2cnc(N)c(C(=O)NC34CC5CC(CC(O)(C5)C3)C4)c2)cc1)N1CC2(COC2)C1,5.0,1,CHEMBL5797588
C[C@H](c1ccc(-c2cnc(N)c(C(=O)N[C@H]3CC[C@H](O)CC3)c2)c(Cl)c1)N1CC2(COC2)C1,5.298173069602861,1,CHEMBL5935424
C[C@H](c1ccc(-c2cnc(N)c(C(=O)N[C@H]3CC[C@H](O)CC3)c2)cc1)N1CC2(COC2)C1,5.671009144550571,1,CHEMBL5774522
C[C@H](c1ccc(-c2cnc(N)c(C(=O)N[C@H]3CC[C@](C)(O)CC3)c2)cc1)N1CC2(COC2)C1,5.040958607678906,1,CHEMBL5805416
C[C@H](c1ccc(-c2cnc(N)c(C(=O)N[C@]3(C)CC[C@@H](O)CC3)c2)cc1)N1CC2(COC2)C1,5.0,1,CHEMBL6062779
C[C@]1(O)CC[C@H](NC(=O)c2cc(-c3ccc([C@@]45C[C@@H]4CN(C4CCC(F)(F)CC4)C5)cc3)cnc2N)CC1,5.0,1,CHEMBL5970893
C[C@]1(O)CC[C@H](NC(=O)c2cc(-c3ccc([C@@]45C[C@@H]4CN(C4CCOCC4)C5)cc3)cnc2N)CC1,5.0,1,CHEMBL6058645
C[C@]1(O)CC[C@H](NC(=O)c2cc(-c3ccc([C@]45C[C@H]4CN(C4CCC(F)(F)CC4)C5)cc3)cnc2N)CC1,5.1220530483708115,1,CHEMBL5853341
C[C@]1(O)CC[C@H](NC(=O)c2cc(-c3ccc([C@]45C[C@H]4CN(C4CCOCC4)C5)cc3)cnc2N)CC1,5.055517327849831,1,CHEMBL5936297
C[S+]([O-])c1ccc(-c2nc(-c3ccc(F)cc3)c(-c3ccncc3)[nH]2)cc1,4.872363747448347,2,CHEMBL10
C[S+]([O-])c1ccc(C2=NC(c3ccc(F)cc3)C(c3ccncc3)N2)cc1,5.221848749616356,1,CHEMBL566254
Cc1c(-c2ccc(N3CCNCC3)cc2)cncc1-c1ccc2c(c1)CNC2=O,5.317854923626168,1,CHEMBL4575999
Cc1c[nH]c(-c2sc(N(c3cn[nH]c3)C3CC3)nc2C(N)=O)c1,5.485452247339714,1,CHEMBL5592752
Cc1c[nH]c2nc(-c3cccc(C(F)(F)F)n3)nc(Nc3ccncc3F)c12,8.346787486224656,1,CHEMBL5849468
Cc1c[nH]c2nc(-c3cccc(C(F)F)n3)nc(Nc3ccncc3F)c12,9.119186407719209,1,CHEMBL5981608
Cc1cc(-c2c(-c3cccc(C)n3)nn3c2C(C)C(C)(C)C3)ccn1,6.261219441515631,1,CHEMBL4287843
Cc1cc(-c2ccc3c(N)n[nH]c3c2)nc(N)n1,5.100000128334196,1,CHEMBL1765756
Cc1cc(-c2cnc3cc(-c4ccc(C5CNCCN5)cc4)ccn23)c2cc(F)cc(F)c2n1,6.1444808443322,1,CHEMBL4778971
Cc1cc(-c2cnc3cc(-c4ccc(C5CNCCN5)cc4)ccn23)c2ccccc2n1,6.508638306165727,1,CHEMBL4742906
Cc1cc(-c2cnc3cc(-c4ccc(N5CCNCC5)cc4)ccn23)c2cc(F)cc(F)c2n1,5.891096872332687,1,CHEMBL4786529
Cc1cc(-c2cnc3cc(-c4ccc(N5CCNCC5)cc4)ccn23)c2cc(F)ccc2n1,5.8972233851165585,1,CHEMBL4788859
Cc1cc(-c2cnc3cc(-c4ccc(N5CCNCC5)cc4)ccn23)c2ccccc2n1,5.899629454882437,1,CHEMBL4740381
Cc1cc(-c2cncc(-c3ccc(=O)n(C(C)C)c3)c2)cc2c1N(C)C(=O)C2,5.2441251443275085,1,CHEMBL5811036
Cc1cc(-c2cncc(-c3ccc4c(c3)CC(=O)N4C)c2)cn(C(C)C)c1=O,6.180456064458131,1,CHEMBL5956782
Cc1cc(-c2cnn3cc(N4CCC(N5CCN(C)CC5)CC4)cnc23)c2ccccc2n1,5.6074789100680675,1,CHEMBL5861551
Cc1cc(-c2cnn3cc(N4CCC(N5CCOCC5)CC4)cnc23)c2ccccc2n1,5.682563503464901,1,CHEMBL5843083
Cc1cc(-c2cnn3cc(N4CCN(C5CCNCC5)CC4)cnc23)c2ccccc2n1,5.329754146925875,1,CHEMBL5855250
Cc1cc(-c2coc3cc(-c4ccc(N5CCNCC5)cc4)cnc23)c2ccccc2n1,6.192464971931146,1,CHEMBL5595157
Cc1cc(-c2nc(C)n(C)c2-c2ccc3ncsc3c2)ccc1F,8.173925197299173,1,CHEMBL5829718
Cc1cc(-c2nc[nH]c2-c2ccc3cn[nH]c3c2)ccc1F,8.167491087293763,1,CHEMBL5970751
Cc1cc(C(N)=O)cc(C)c1-c1nc(-c2ccn(C)n2)c(-c2ccc3ncsc3c2)[nH]1,6.399027104313252,1,CHEMBL5909314
Cc1cc(C)cc(CNc2nc(-c3cccc(C)n3)c(-c3ccc4ncnn4c3)s2)c1,7.657577319177793,1,CHEMBL2088215
Cc1cc(C)cc(NC(=S)n2cc(-c3ccc4ncnn4c3)c(-c3cccc(C)n3)n2)c1,6.834810364025073,2,CHEMBL1835627
Cc1cc(C)cc(NCc2nc(-c3ccc4ncnn4c3)c(-c3cccc(C)n3)[nH]2)c1,7.853871964321762,1,CHEMBL3260625
Cc1cc(C)nc(-c2ncccc2-c2ccc3ncc(C(N)=O)n3c2)c1,7.6777807052660805,1,CHEMBL5830233
Cc1cc(C)nc(-c2nn3c(c2-c2ccc4ncnn4c2/C=C/C(N)=O)CCC3)c1,5.489454989793388,1,CHEMBL6188658
Cc1cc(CN2CCC[C@H]2C)ccc1-c1cnc(N)c(C(=O)N[C@H]2CC[C@](C)(O)CC2)c1,5.0,1,CHEMBL5787666
Cc1cc(F)cc(-c2[nH]c(CNc3ccccc3)nc2-c2ccc3ncnn3c2)n1,7.139661993429006,1,CHEMBL3634709
Cc1cc(F)cc(-c2[nH]c(CNc3ccccc3F)nc2-c2ccc3ncnn3c2)n1,7.377785977033705,1,CHEMBL3634710
Cc1cc(Nc2nc(-c3cccc(C(F)(F)F)n3)nn3cccc23)ccn1,6.180456064458131,1,CHEMBL5998272
Cc1cc(Nc2nc(-c3cccc(C)n3)nc3ccccc23)ccn1,6.346912985333774,2,CHEMBL560415
Cc1cc(Oc2ccnc(Nc3ccc(C(=O)N(C)C)cc3)c2)c(-c2ccccn2)nc1C,7.714728530059051,2,CHEMBL575923
Cc1cc(Oc2ccnc(Nc3ccc(F)cc3)c2)c(-c2ccccn2)nc1C,7.045034870123585,2,CHEMBL574199
Cc1cc(Oc2ccnc(Nc3ccc(N4CCOCC4)cc3)c2)c(-c2ccccn2)nc1C,6.899110323137469,2,CHEMBL575311
Cc1cc(Oc2ccnc(Nc3ccc(S(N)(=O)=O)cc3)c2)c(-c2ccccn2)nc1C,7.623208470553546,2,CHEMBL578235
Cc1cc(Oc2ccnc(Nc3cccc(N4CCOCC4)c3)c2)c(-c2ccccn2)nc1C,7.714728530059051,2,CHEMBL574413
Cc1cc(Oc2ccnc(Nc3ccccc3N3CCOCC3)c2)c(-c2ccccn2)nc1C,6.131355561605174,1,CHEMBL575720
Cc1cc(Oc2ccnc(Nc3ccnc(C(C)(C)O)c3)c2)n(C2CCOCC2)n1,7.221848749616356,1,CHEMBL5832930
Cc1ccc(-c2c(-c3cccc(C)n3)nn3c2CCC3)cc1,5.3979400086720375,1,CHEMBL118339
Cc1ccc(-c2cc(-c3c[nH]nc3-c3ccccn3)ccn2)cc1,7.552841968657781,1,CHEMBL205156
Cc1ccc(-c2cc(Nc3ccnc4cc(-c5ccc(S(C)(=O)=O)cc5)ccc34)ccn2)cc1,6.877784121727173,1,CHEMBL4874586
Cc1ccc(-c2cc(Nc3ccnc4cc(-c5cnn(CCN(C)C)c5)ccc34)ccn2)cc1,8.782516055786093,1,CHEMBL4847382
Cc1ccc(-c2ccc3ncc(C(N)=O)n3c2)c(-c2cccc(C(F)F)n2)n1,7.886056647693163,1,CHEMBL6015650
Cc1ccc(-c2nc(-n3ccc4cnccc43)c3cccn3n2)nc1,7.920818753952375,1,CHEMBL5787492
Cc1ccc(-c2ncccc2-c2ccc3ncc(C#N)n3n2)nc1,5.281332264683789,1,CHEMBL5915681
Cc1ccc(-c2ncccc2-c2ccc3ncc(C(N)=O)n3n2)nc1,5.276134035556496,1,CHEMBL6056406
Cc1ccc(-c2ncn(CC(F)F)c2-c2ccc3ncc(C#N)n3n2)cc1,6.761953896871205,3,CHEMBL6044962
Cc1ccc(-c2sc(N(c3cn[nH]c3)C3CC3)nc2C(N)=O)[nH]1,5.462180904926726,1,CHEMBL5593344
Cc1ccc(-n2cc(N(c3nc(C(N)=O)c(-c4ccc[nH]4)s3)C3CC3)cn2)cc1,6.440093374963888,1,CHEMBL5595230
Cc1ccc(-n2nc(C(F)(F)F)cc2Oc2ccnc(Nc3ccnc(C(C)(C)O)c3)c2)cc1,7.376750709602099,1,CHEMBL5764374
Cc1ccc(CNc2nc(-c3cccc(C)n3)c(-c3ccc4ncnn4c3)s2)cc1,8.057991946977687,1,CHEMBL2087974
Cc1ccc(F)c(-c2[nH]c(CNc3cccc(C#N)c3)nc2-c2ccc3ncnn3c2)n1,8.034798298974088,1,CHEMBL3634706
Cc1ccc(F)c(-c2[nH]c(CNc3cccc(C(N)=O)c3)nc2-c2ccc3ncnn3c2)n1,7.958607314841775,1,CHEMBL3634707
Cc1ccc(F)c(-c2[nH]c(CNc3ccccc3)nc2-c2ccc3ncnn3c2)n1,8.010550182333308,1,CHEMBL3634704
Cc1ccc(F)c(-c2[nH]c(CNc3ccccc3F)nc2-c2ccc3ncnn3c2)n1,7.91721462968355,1,CHEMBL3634705
Cc1ccc(F)c(-c2cc(Nc3ccnc4cn(C)nc34)c(C)cn2)c1,8.400007822415901,1,CHEMBL4085263
Cc1ccc(F)c(-c2cc(Nc3ccnc4cn(CC(N)=O)nc34)c(C)cn2)c1,8.0,1,CHEMBL4075798
Cc1ccc(F)c(-c2cc(Nc3ccnc4cn(CCO)nc34)c(C)cn2)c1,8.100015437450608,1,CHEMBL4074026
Cc1ccc(F)c(-c2cc(Nc3ccnc4cn(C[C@@H](C)O)nc34)c(C)cn2)c1,8.100015437450608,1,CHEMBL4077146
Cc1ccc(F)c(-c2cc(Nc3ccnc4cn(C[C@H](C)O)nc34)c(C)cn2)c1,8.100015437450608,1,CHEMBL4093131
Cc1ccc(F)c(-c2cc(Nc3ccnc4cn[nH]c34)ccn2)c1,7.79997073344623,1,CHEMBL4092523
Cc1ccc(F)c(-c2cc(Nc3ccnc4cnn(C)c34)c(C)cn2)c1,8.400007822415901,1,CHEMBL4079857
Cc1ccc(F)c(-c2cc(Nc3ccnc4cnn(CC(N)=O)c34)c(C)cn2)c1,8.500038134403809,1,CHEMBL4075003
Cc1ccc(F)c(-c2cc(Nc3ccnc4cnn(CCO)c34)c(C)cn2)c1,7.899974269892137,1,CHEMBL4087735
Cc1ccc(F)c(-c2cc(Nc3ccnc4cnn(C[C@@H](C)O)c34)c(C)cn2)c1,8.100015437450608,1,CHEMBL4066402
Cc1ccc(F)c(-c2cc(Nc3ccnc4cnn(C[C@H](C)O)c34)c(C)cn2)c1,8.100015437450608,1,CHEMBL4095435
Cc1ccc(F)c(-c2ccccc2-c2ccc3ncc(C(N)=O)n3c2)n1,7.920818753952375,1,CHEMBL6062601
Cc1ccc(F)c(-c2nc(-n3ccc4cnccc43)c3cccn3n2)n1,7.7447274948966935,1,CHEMBL5937604
Cc1ccc(F)c(/C=C\c2ccc3ncc(C(N)=O)n3c2)n1,8.070581074285707,1,CHEMBL5938236
Cc1ccc(NC(=S)n2cc(-c3ccc4ncnn4c3)c(-c3cccc(C)n3)n2)cc1,6.854253414727711,2,CHEMBL1835528
Cc1ccc(NCc2nc(-c3cc4cnccc4s3)c(-c3cccc(C)n3)[nH]2)cc1,7.366531544420414,1,CHEMBL4519255
Cc1ccc(NCc2nc(-c3ccc4[nH]ncc4c3)c(-c3cccc(C)n3)[nH]2)cc1,8.045757490560675,1,CHEMBL4798879
Cc1ccc(NCc2nc(-c3ccc4c(cnn4C)c3)c(-c3cccc(C)n3)[nH]2)cc1,7.468521082957745,1,CHEMBL4740767
Cc1ccc(NCc2nc(-c3ccc4ncnn4c3)c(-c3cccc(C)n3)[nH]2)cc1,7.795880017344075,1,CHEMBL3260601
Cc1ccc(NCc2nc(-c3ccc4nsnc4c3)c(-c3cccc(C)n3)[nH]2)cc1,7.657577319177793,1,CHEMBL4553389
Cc1ccc(NS(=O)(=O)c2c[nH]c3ncccc23)cc1,5.692503962086787,1,CHEMBL6188730
Cc1ccc(NS(=O)(=O)c2c[nH]c3ncccc23)cc1F,5.661543506395395,1,CHEMBL6188975
Cc1ccc(Nc2cc(Oc3cn(C4CC4)nc3C3CCOCC3)ccn2)cc1S(N)(=O)=O,7.476947606376981,2,CHEMBL4646258
Cc1ccc(Oc2ccnc(Nc3ccc(C(C)(C)O)nc3)c2)c(C)n1,7.537602002101044,1,CHEMBL5765673
Cc1ccc(Oc2ccnc(Nc3ccc(S(N)(=O)=O)cc3)c2)c(C)n1,7.400122411373262,2,CHEMBL585367
Cc1ccc(Oc2ccnc(Nc3ccc(S(N)(=O)=O)cc3)c2)c(C2CCOCC2)n1,7.494850021680094,1,CHEMBL5854224
Cc1ccc(Oc2ccnc(Nc3ccnc(C(C)(C)O)c3)c2)c(C(F)(F)F)n1,7.086186147616283,1,CHEMBL5776688
Cc1ccc(Oc2ccnc(Nc3ccnc(C(C)(C)O)c3)c2)c(C)n1,7.6777807052660805,1,CHEMBL5924896
Cc1ccc(Oc2ccnc(Nc3ccnc(C(C)(C)O)c3)c2)c(C2CC2)n1,7.4089353929735005,1,CHEMBL5926563
Cc1ccc(Oc2ccnc(Nc3ccnc(C(C)(C)O)c3)c2)c(C2CCOCC2)n1,7.455931955649724,1,CHEMBL6018163
Cc1ccc(Oc2ccnc(Nc3ccnc(C(C)(C)O)c3)c2)c(CC(C)C)n1,8.397940008672037,1,CHEMBL5952442
Cc1ccc(S(=O)(=O)N2CCC(CCn3nc(-c4ccc5[nH]ccc5c4)c4c(N)ncnc43)CC2)cc1,6.740406121114051,1,CHEMBL5561312
Cc1ccc2nccc(-c3sc(N)nc3-c3ccccn3)c2n1,6.42021640338319,3,CHEMBL425177
Cc1cccc(-c2[nH]c(C(C)(C)C)nc2-c2ccc3c(c2)OCO3)n1,7.2977541911206565,10,CHEMBL226838
Cc1cccc(-c2[nH]c(C(C)(C)C)nc2-c2ccc3c(c2)OCO3)n1.Cl,7.267606240177031,5,CHEMBL1824446
Cc1cccc(-c2[nH]c(C(C)(C)C)nc2-c2ccc3nccnc3c2)n1,7.844663962534938,3,CHEMBL401570
Cc1cccc(-c2[nH]c(C34CCC(C(N)=O)(CC3)CC4)nc2-c2ccc3c(c2)OCO3)n1,7.327902142064282,1,CHEMBL5559981
Cc1cccc(-c2[nH]c(CNC(=O)[C@@H](N)CC(C)C)nc2-c2ccc3ncnn3c2)n1,7.136677139879544,1,CHEMBL5517762
Cc1cccc(-c2[nH]c(CNC(=O)[C@@H](N)Cc3ccccc3)nc2-c2ccc3ncnn3c2)n1,7.036212172654444,1,CHEMBL5555953
Cc1cccc(-c2[nH]c(CNC(=O)[C@@H]3CCCCN3)nc2-c2ccc3ncnn3c2)n1,7.443697499232712,1,CHEMBL5556410
Cc1cccc(-c2[nH]c(CNC(=O)[C@H](C)N)nc2-c2ccc3ncnn3c2)n1,6.498940737782249,1,CHEMBL5532435
Cc1cccc(-c2[nH]c(CNC(=O)[C@H](N)CC(C)C)nc2-c2ccc3ncnn3c2)n1,6.423658649794207,1,CHEMBL5517679
Cc1cccc(-c2[nH]c(CNC(=O)[C@H](N)Cc3ccccc3)nc2-c2ccc3ncnn3c2)n1,7.769551078621726,1,CHEMBL5517819
Cc1cccc(-c2[nH]c(CNC(=O)[C@H]3CCCCN3)nc2-c2ccc3ncnn3c2)n1,7.3979400086720375,1,CHEMBL5549953
Cc1cccc(-c2[nH]c(CNC(=O)c3cccc(C#N)c3)nc2-c2ccc3ncnn3c2)n1,7.045757490560675,1,CHEMBL3261085
Cc1cccc(-c2[nH]c(CNC(=O)c3cccc(C(N)=O)c3)nc2-c2ccc3ncnn3c2)n1,6.97469413473523,1,CHEMBL3261086
Cc1cccc(-c2[nH]c(CNC(=O)c3ccccc3)nc2-c2ccc3ncnn3c2)n1,7.2441251443275085,1,CHEMBL3261083
Cc1cccc(-c2[nH]c(CNC(=O)c3ccccc3F)nc2-c2ccc3ncnn3c2)n1,7.431798275933005,1,CHEMBL3261084
Cc1cccc(-c2[nH]c(CNC(=S)[C@@H](N)Cc3ccccc3)nc2-c2ccc3ncnn3c2)n1,7.075720713938118,1,CHEMBL5557604
Cc1cccc(-c2[nH]c(CNC(=S)[C@H](N)Cc3ccccc3)nc2-c2ccc3ncnn3c2)n1,7.638272163982407,1,CHEMBL5512434
Cc1cccc(-c2[nH]c(CNC(=S)c3cccc(C#N)c3)nc2-c2ccc3ncnn3c2)n1,7.443697499232712,1,CHEMBL3261089
Cc1cccc(-c2[nH]c(CNC(=S)c3cccc(C(N)=O)c3)nc2-c2ccc3ncnn3c2)n1,7.657577319177793,2,CHEMBL3261090
Cc1cccc(-c2[nH]c(CNC(=S)c3ccccc3)nc2-c2ccc3ncnn3c2)n1,7.318758762624412,1,CHEMBL3261087
Cc1cccc(-c2[nH]c(CNC(=S)c3ccccc3F)nc2-c2ccc3ncnn3c2)n1,7.568636235841012,1,CHEMBL3261088
Cc1cccc(-c2[nH]c(CNc3cc(C#N)cc(CN(C)C)c3)nc2-c2ccc3ncnn3c2)n1,8.309803919971486,1,CHEMBL3260901
Cc1cccc(-c2[nH]c(CNc3cc(C#N)cc(CN4CCCC4)c3)nc2-c2ccc3ncnn3c2)n1,7.7495799976911055,1,CHEMBL3260902
Cc1cccc(-c2[nH]c(CNc3cc(C#N)cc(CN4CCOCC4)c3)nc2-c2ccc3ncnn3c2)n1,8.481486060122112,1,CHEMBL3260903
Cc1cccc(-c2[nH]c(CNc3cc(C#N)cc(N(C)C)c3)nc2-c2ccc3ncnn3c2)n1,8.585026652029182,1,CHEMBL3260900
Cc1cccc(-c2[nH]c(CNc3cc(C#N)ccc3CN(C)C)nc2-c2ccc3ncnn3c2)n1,8.508638306165727,1,CHEMBL3260905
Cc1cccc(-c2[nH]c(CNc3cc(C#N)ccc3CN3CCCC3)nc2-c2ccc3ncnn3c2)n1,8.167491087293763,1,CHEMBL3260906
Cc1cccc(-c2[nH]c(CNc3cc(C#N)ccc3CN3CCOCC3)nc2-c2ccc3ncnn3c2)n1,8.318758762624412,1,CHEMBL3260907
Cc1cccc(-c2[nH]c(CNc3cc(C#N)ccc3N(C)C)nc2-c2ccc3ncnn3c2)n1,8.886056647693163,1,CHEMBL3260904
Cc1cccc(-c2[nH]c(CNc3cc(CN(C)C)ccc3F)nc2-c2ccc3ncnn3c2)n1,7.815308569182401,1,CHEMBL3260628
Cc1cccc(-c2[nH]c(CNc3cc(Cl)cc(Cl)c3)nc2-c2ccc3ncnn3c2)n1,7.823908740944319,1,CHEMBL3260624
Cc1cccc(-c2[nH]c(CNc3cc(F)cc(F)c3)nc2-c2ccc3ncnn3c2)n1,8.221848749616356,1,CHEMBL3260623
Cc1cccc(-c2[nH]c(CNc3cc(N(C)C)ccc3F)nc2-c2ccc3ncnn3c2)n1,8.537602002101044,1,CHEMBL3260627
Cc1cccc(-c2[nH]c(CNc3ccc(Br)cc3)nc2-c2ccc3ncnn3c2)n1,7.769551078621726,1,CHEMBL3260600
Cc1cccc(-c2[nH]c(CNc3ccc(C#N)cc3)nc2-c2ccc3c(c2)OCO3)n1,6.767003889607846,3,CHEMBL229495
Cc1cccc(-c2[nH]c(CNc3ccc(C#N)cc3)nc2-c2ccc3nccnc3c2)n1,7.376750709602099,2,CHEMBL229546
Cc1cccc(-c2[nH]c(CNc3ccc(C#N)cc3)nc2-c2ccc3ncnn3c2)n1,7.494850021680094,1,CHEMBL3260607
Cc1cccc(-c2[nH]c(CNc3ccc(C(C)C)cc3)nc2-c2ccc3ncnn3c2)n1,7.337242168318426,1,CHEMBL3260602
Cc1cccc(-c2[nH]c(CNc3ccc(C(N)=O)cc3)nc2-c2ccc3c(c2)OCO3)n1,6.581698708680255,3,CHEMBL229597
Cc1cccc(-c2[nH]c(CNc3ccc(C(N)=O)cc3)nc2-c2ccc3nccnc3c2)n1,7.1249387366083,3,CHEMBL229654
Cc1cccc(-c2[nH]c(CNc3ccc(C(N)=O)cc3)nc2-c2ccc3ncnn3c2)n1,7.259637310505756,1,CHEMBL3260608
Cc1cccc(-c2[nH]c(CNc3ccc(C)c(C)c3)nc2-c2ccc3ncnn3c2)n1,7.769551078621726,1,CHEMBL3260621
Cc1cccc(-c2[nH]c(CNc3ccc(CC#N)cc3)nc2-c2ccc3ncnn3c2)n1,7.6020599913279625,1,CHEMBL3260609
Cc1cccc(-c2[nH]c(CNc3ccc(Cl)c(Cl)c3)nc2-c2ccc3ncnn3c2)n1,8.096910013008056,1,CHEMBL3260620
Cc1cccc(-c2[nH]c(CNc3ccc(Cl)cc3)nc2-c2ccc3ncnn3c2)n1,7.958607314841775,1,CHEMBL3260599
Cc1cccc(-c2[nH]c(CNc3ccc(F)c(F)c3)nc2-c2ccc3ncnn3c2)n1,8.0,1,CHEMBL3260619
Cc1cccc(-c2[nH]c(CNc3ccc(F)cc3)nc2-c2cc3cnccc3s2)n1,7.376750709602099,1,CHEMBL4533727
Cc1cccc(-c2[nH]c(CNc3ccc(F)cc3)nc2-c2ccc3[nH]ncc3c2)n1,8.221848749616356,1,CHEMBL4780141
Cc1cccc(-c2[nH]c(CNc3ccc(F)cc3)nc2-c2ccc3c(cnn3C)c2)n1,7.795880017344075,1,CHEMBL4784124
Cc1cccc(-c2[nH]c(CNc3ccc(F)cc3)nc2-c2ccc3ncnn3c2)n1,7.769551078621726,1,CHEMBL3260598
Cc1cccc(-c2[nH]c(CNc3ccc(F)cc3)nc2-c2ccc3nsnc3c2)n1,8.0,1,CHEMBL4588407
Cc1cccc(-c2[nH]c(CNc3ccc(NS(C)(=O)=O)cc3)nc2-c2ccc3ncnn3c2)n1,7.327902142064282,1,CHEMBL3260612
Cc1cccc(-c2[nH]c(CNc3ccc(OC(F)(F)F)cc3)nc2-c2ccc3ncnn3c2)n1,7.221848749616356,1,CHEMBL3260604
Cc1cccc(-c2[nH]c(CNc3cccc(Br)c3)nc2-c2ccc3ncnn3c2)n1,8.301029995663981,1,CHEMBL3260583
Cc1cccc(-c2[nH]c(CNc3cccc(C#N)c3)nc2-c2ccc3c(c2)OCO3)n1,7.337242168318426,2,CHEMBL387747
Cc1cccc(-c2[nH]c(CNc3cccc(C#N)c3)nc2-c2ccc3nccnc3c2)n1,7.920818753952375,2,CHEMBL387748
Cc1cccc(-c2[nH]c(CNc3cccc(C#N)c3)nc2-c2ccc3ncnn3c2)n1,8.301029995663981,1,CHEMBL3260591
Cc1cccc(-c2[nH]c(CNc3cccc(C#N)c3C#N)nc2-c2ccc3ncnn3c2)n1,7.6777807052660805,1,CHEMBL3260618
Cc1cccc(-c2[nH]c(CNc3cccc(C#N)c3CN(C)C)nc2-c2ccc3ncnn3c2)n1,8.619788758288394,1,CHEMBL3260897
Cc1cccc(-c2[nH]c(CNc3cccc(C#N)c3CN3CCCC3)nc2-c2ccc3ncnn3c2)n1,8.2518119729938,1,CHEMBL3260898
Cc1cccc(-c2[nH]c(CNc3cccc(C#N)c3CN3CCOCC3)nc2-c2ccc3ncnn3c2)n1,8.09151498112135,1,CHEMBL3260899
Cc1cccc(-c2[nH]c(CNc3cccc(C(C)C)c3)nc2-c2ccc3ncnn3c2)n1,7.795880017344075,1,CHEMBL3260586
Cc1cccc(-c2[nH]c(CNc3cccc(C(N)=O)c3)nc2-c2ccc3c(c2)OCO3)n1,7.6777807052660805,2,CHEMBL389078
Cc1cccc(-c2[nH]c(CNc3cccc(C(N)=O)c3)nc2-c2ccc3nccnc3c2)n1,8.0,3,CHEMBL229599
Cc1cccc(-c2[nH]c(CNc3cccc(C(N)=O)c3)nc2-c2ccc3ncnn3c2)n1,8.045757490560675,1,CHEMBL3260592
Cc1cccc(-c2[nH]c(CNc3cccc(C)c3C)nc2-c2ccc3ncnn3c2)n1,7.7447274948966935,1,CHEMBL3260616
Cc1cccc(-c2[nH]c(CNc3cccc(CC#N)c3)nc2-c2ccc3ncnn3c2)n1,7.958607314841775,1,CHEMBL3260593
Cc1cccc(-c2[nH]c(CNc3cccc(CN(C)C)c3F)nc2-c2ccc3ncnn3c2)n1,7.958607314841775,1,CHEMBL3260629
Cc1cccc(-c2[nH]c(CNc3cccc(CN4CCCC4)c3F)nc2-c2ccc3ncnn3c2)n1,7.655607726314889,1,CHEMBL3260630
Cc1cccc(-c2[nH]c(CNc3cccc(CN4CCOCC4)c3F)nc2-c2ccc3ncnn3c2)n1,8.167491087293763,1,CHEMBL3260631
Cc1cccc(-c2[nH]c(CNc3cccc(Cl)c3)nc2-c2ccc3ncnn3c2)n1,8.221848749616356,1,CHEMBL3260582
Cc1cccc(-c2[nH]c(CNc3cccc(Cl)c3Cl)nc2-c2ccc3ncnn3c2)n1,7.920818753952375,1,CHEMBL3260615
Cc1cccc(-c2[nH]c(CNc3cccc(F)c3)nc2-c2cc3cnccc3s2)n1,7.769551078621726,1,CHEMBL4576341
Cc1cccc(-c2[nH]c(CNc3cccc(F)c3)nc2-c2ccc3[nH]ncc3c2)n1,8.397940008672037,2,CHEMBL4778963
Cc1cccc(-c2[nH]c(CNc3cccc(F)c3)nc2-c2ccc3c(cnn3C)c2)n1,7.958607314841775,1,CHEMBL4794179
Cc1cccc(-c2[nH]c(CNc3cccc(F)c3)nc2-c2ccc3ncnn3c2)n1,8.045757490560675,1,CHEMBL3260581
Cc1cccc(-c2[nH]c(CNc3cccc(F)c3)nc2-c2ccc3nsnc3c2)n1,8.096910013008056,1,CHEMBL4519261
Cc1cccc(-c2[nH]c(CNc3cccc(F)c3F)nc2-c2ccc3ncnn3c2)n1,8.045757490560675,1,CHEMBL3260614
Cc1cccc(-c2[nH]c(CNc3cccc(NS(C)(=O)=O)c3)nc2-c2ccc3ncnn3c2)n1,7.823908740944319,1,CHEMBL3260596
Cc1cccc(-c2[nH]c(CNc3cccc(OC(F)(F)F)c3)nc2-c2ccc3ncnn3c2)n1,7.638272163982407,1,CHEMBL3260588
Cc1cccc(-c2[nH]c(CNc3ccccc3)nc2-c2cc3cnccc3s2)n1,7.6020599913279625,1,CHEMBL4447399
Cc1cccc(-c2[nH]c(CNc3ccccc3)nc2-c2ccc3[nH]ncc3c2)n1,8.397940008672037,1,CHEMBL4748823
Cc1cccc(-c2[nH]c(CNc3ccccc3)nc2-c2ccc3c(cnn3C)c2)n1,7.853871964321762,1,CHEMBL4756404
Cc1cccc(-c2[nH]c(CNc3ccccc3)nc2-c2ccc3ncnn3c2)n1,7.886056647693163,1,CHEMBL3260566
Cc1cccc(-c2[nH]c(CNc3ccccc3)nc2-c2ccc3nsnc3c2)n1,7.853871964321762,1,CHEMBL4464656
Cc1cccc(-c2[nH]c(CNc3ccccc3Br)nc2-c2ccc3ncnn3c2)n1,8.154901959985743,1,CHEMBL3260569
Cc1cccc(-c2[nH]c(CNc3ccccc3C#N)nc2-c2ccc3ncnn3c2)n1,7.698970004336019,1,CHEMBL3260577
Cc1cccc(-c2[nH]c(CNc3ccccc3C(C)C)nc2-c2ccc3ncnn3c2)n1,7.853871964321762,1,CHEMBL3260572
Cc1cccc(-c2[nH]c(CNc3ccccc3C(N)=O)nc2-c2ccc3ncnn3c2)n1,7.522878745280337,1,CHEMBL3260578
Cc1cccc(-c2[nH]c(CNc3ccccc3C)nc2-c2cc3cnccc3s2)n1,7.853871964321762,1,CHEMBL4474911
Cc1cccc(-c2[nH]c(CNc3ccccc3C)nc2-c2ccc3[nH]ncc3c2)n1,8.301029995663981,1,CHEMBL4747557
Cc1cccc(-c2[nH]c(CNc3ccccc3C)nc2-c2ccc3c(cnn3C)c2)n1,7.619788758288394,1,CHEMBL4780013
Cc1cccc(-c2[nH]c(CNc3ccccc3C)nc2-c2ccc3ncnn3c2)n1,7.853871964321762,1,CHEMBL3260570
Cc1cccc(-c2[nH]c(CNc3ccccc3C)nc2-c2ccc3nsnc3c2)n1,7.6777807052660805,1,CHEMBL4534375
Cc1cccc(-c2[nH]c(CNc3ccccc3Cl)nc2-c2ccc3ncnn3c2)n1,8.045757490560675,1,CHEMBL3260568
Cc1cccc(-c2[nH]c(CNc3ccccc3F)nc2-c2cc3cnccc3s2)n1,7.638272163982407,1,CHEMBL4516224
Cc1cccc(-c2[nH]c(CNc3ccccc3F)nc2-c2ccc3[nH]ncc3c2)n1,8.301029995663981,1,CHEMBL4779584
Cc1cccc(-c2[nH]c(CNc3ccccc3F)nc2-c2ccc3c(cnn3C)c2)n1,7.886056647693163,1,CHEMBL4752915
Cc1cccc(-c2[nH]c(CNc3ccccc3F)nc2-c2ccc3ncnn3c2)n1,7.91721462968355,15,CHEMBL3260567
Cc1cccc(-c2[nH]c(CNc3ccccc3F)nc2-c2ccc3nsnc3c2)n1,7.958607314841775,1,CHEMBL4453060
Cc1cccc(-c2[nH]c(CNc3ccccc3NS(C)(=O)=O)nc2-c2ccc3ncnn3c2)n1,7.823908740944319,1,CHEMBL3260579
Cc1cccc(-c2[nH]c(CNc3ccccc3OC(F)(F)F)nc2-c2ccc3ncnn3c2)n1,7.920818753952375,1,CHEMBL3260574
Cc1cccc(-c2[nH]c(COc3ccccc3)nc2-c2ccc3ncnn3c2)n1,7.886056647693163,1,CHEMBL3260564
Cc1cccc(-c2[nH]c(CSc3ccccc3)nc2-c2ccc3ncnn3c2)n1,7.6777807052660805,1,CHEMBL3260565
Cc1cccc(-c2[nH]c(Cc3cccc(C#N)c3)nc2-c2ccc3ncccc3c2)n1,7.585026652029182,1,CHEMBL1165374
Cc1cccc(-c2[nH]c(Cc3cccc(C#N)c3)nc2-c2ccc3ncccc3n2)n1,5.647817481888637,1,CHEMBL1164092
Cc1cccc(-c2[nH]c(Cc3cccc(C(N)=O)c3)nc2-c2ccc3ncccc3c2)n1,7.468521082957745,1,CHEMBL1164957
Cc1cccc(-c2[nH]c(Cc3cccc(C(N)=O)c3)nc2-c2ccc3ncccc3n2)n1,5.585026652029182,1,CHEMBL1165041
Cc1cccc(-c2[nH]c(Cc3cccc(C(N)=O)c3)nc2-c2ccc3nccnc3c2)n1,7.764471553092451,13,CHEMBL492634
Cc1cccc(-c2[nH]c(NCc3ccc(C#N)cc3)nc2-c2ccc3c(c2)OCO3)n1,6.815308569182401,3,CHEMBL445934
Cc1cccc(-c2[nH]c(NCc3ccc(Cl)c(Cl)c3)nc2-c2ccc3[nH]ncc3c2)n1,7.761953896871205,1,CHEMBL5270406
Cc1cccc(-c2[nH]c(NCc3ccc(Cl)c(Cl)c3)nc2-c2ccc3c(cnn3C)c2)n1,8.301029995663981,1,CHEMBL5279947
Cc1cccc(-c2[nH]c(NCc3ccc(Cl)c(F)c3)nc2-c2ccc3c(cnn3C)c2)n1,7.889410289700751,1,CHEMBL5273695
Cc1cccc(-c2[nH]c(NCc3ccc(Cl)cc3F)nc2-c2ccc3[nH]ncc3c2)n1,8.136677139879545,1,CHEMBL5275976
Cc1cccc(-c2[nH]c(NCc3ccc(Cl)cc3F)nc2-c2ccc3c(cnn3C)c2)n1,7.943095148663527,1,CHEMBL5277895
Cc1cccc(-c2[nH]c(NCc3ccc(F)c(F)c3)nc2-c2ccc3[nH]ncc3c2)n1,8.2839966563652,1,CHEMBL5274746
Cc1cccc(-c2[nH]c(NCc3ccc(F)c(F)c3)nc2-c2ccc3c(cnn3C)c2)n1,8.267606240177031,1,CHEMBL5289293
Cc1cccc(-c2[nH]c(NCc3ccc(F)c(F)c3F)nc2-c2ccc3c(cnn3C)c2)n1,8.017728766960431,1,CHEMBL5284635
Cc1cccc(-c2[nH]c(NCc3ccc(F)cc3)nc2-c2ccc3c(cnn3C)c2)n1,8.070581074285707,1,CHEMBL5276258
Cc1cccc(-c2[nH]c(NCc3ccc(F)cc3F)nc2-c2ccc3[nH]ncc3c2)n1,8.443697499232712,1,CHEMBL5268868
Cc1cccc(-c2[nH]c(NCc3cccc(C#N)c3)nc2-c2ccc3c(c2)OCO3)n1,7.619788758288394,2,CHEMBL226734
Cc1cccc(-c2[nH]c(NCc3cccc(C#N)c3)nc2-c2ccc3c(cnn3C)c2)n1,7.61261017366127,1,CHEMBL5287255
Cc1cccc(-c2[nH]c(NCc3cccc(Cl)c3F)nc2-c2ccc3[nH]ncc3c2)n1,8.259637310505756,1,CHEMBL5278659
Cc1cccc(-c2[nH]c(NCc3cccc(F)c3)nc2-c2ccc3[nH]ncc3c2)n1,8.327902142064282,1,CHEMBL5271258
Cc1cccc(-c2[nH]c(NCc3cccc(F)c3)nc2-c2ccc3c(cnn3C(F)F)c2)n1,8.142667503568731,1,CHEMBL5290805
Cc1cccc(-c2[nH]c(NCc3cccc(F)c3)nc2-c2ccc3c(cnn3C)c2)n1,8.301029995663981,1,CHEMBL5283753
Cc1cccc(-c2[nH]c(NCc3cccc(F)c3F)nc2-c2ccc3[nH]ncc3c2)n1,8.346787486224656,1,CHEMBL5273412
Cc1cccc(-c2[nH]c(NCc3ccccc3F)nc2-c2ccc3[nH]cnc3c2)n1,7.046988255933879,2,CHEMBL5272038
Cc1cccc(-c2[nH]c(NCc3ccccc3F)nc2-c2ccc3[nH]nc(C)c3c2)n1,7.669586226650809,1,CHEMBL5282246
Cc1cccc(-c2[nH]c(NCc3ccccc3F)nc2-c2ccc3[nH]nc(Cl)c3c2)n1,7.174573882232177,1,CHEMBL5281232
Cc1cccc(-c2[nH]c(NCc3ccccc3F)nc2-c2ccc3[nH]nc(F)c3c2)n1,7.384049948343599,1,CHEMBL5269616
Cc1cccc(-c2[nH]c(NCc3ccccc3F)nc2-c2ccc3[nH]nc([N+](=O)[O-])c3c2)n1,7.505845405981557,1,CHEMBL5289384
Cc1cccc(-c2[nH]c(NCc3ccccc3F)nc2-c2ccc3[nH]ncc3c2)n1,7.637944023019394,2,CHEMBL5275540
Cc1cccc(-c2[nH]c(NCc3ccccc3F)nc2-c2ccc3[nH]nnc3c2)n1,6.918107834272037,2,CHEMBL5282344
Cc1cccc(-c2[nH]c(NCc3ccccc3F)nc2-c2ccc3c(cnn3C)c2)n1,8.292429823902063,1,CHEMBL5282597
Cc1cccc(-c2[nH]nc(C)c2-c2ccnc3ccccc23)n1,7.086186147616283,3,CHEMBL129153
Cc1cccc(-c2[nH]ncc2-c2ccc(Cl)cc2)n1,6.375717904164332,3,CHEMBL125738
Cc1cccc(-c2[nH]ncc2-c2ccc(F)c(F)c2)n1,6.165579296318468,3,CHEMBL126789
Cc1cccc(-c2[nH]ncc2-c2ccc(F)cc2)n1,7.154901959985743,3,CHEMBL125846
Cc1cccc(-c2[nH]ncc2-c2ccccc2)n1,5.665546248849069,3,CHEMBL129553
Cc1cccc(-c2[nH]ncc2-c2ccnc3ccccc23)n1,7.6020599913279625,5,CHEMBL129677
Cc1cccc(-c2c(-c3ccc4nccnc4c3)cnn2CC(=O)Nc2cccc(C#N)c2)n1,6.132532512140949,1,CHEMBL1824436
Cc1cccc(-c2c(-c3ccc4nccnc4c3)cnn2CC(=O)Nc2ccccc2)n1,6.844663962534938,1,CHEMBL1824434
Cc1cccc(-c2c(-c3ccc4nccnc4c3)n(C)n(C)c2=O)c1,5.515700160653214,1,CHEMBL604261
Cc1cccc(-c2c(-c3ccc4nccnc4c3)n(C)n(C)c2=O)n1,5.987162775294828,1,CHEMBL606632
Cc1cccc(-c2c(F)cccc2-c2ccc3ncc(C(N)=O)n3c2)n1,7.086186147616283,1,CHEMBL5780824
Cc1cccc(-c2cc(-c3c[nH]nc3-c3ccccn3)ccn2)c1,6.718966632752272,1,CHEMBL205260
Cc1cccc(-c2cc(C)sc2-c2ccc3ncc(C(N)=O)n3c2)n1,8.0268721464003,1,CHEMBL5830623
Cc1cccc(-c2cc(F)ccc2-c2ccc3ncc(C(N)=O)n3c2)n1,7.455931955649724,1,CHEMBL5899478
Cc1cccc(-c2cc(Nc3ccnc4cc(-c5ccc(S(C)(=O)=O)cc5)ccc34)ccn2)c1,9.102372908709558,1,CHEMBL4851363
Cc1cccc(-c2cc(Nc3ccnc4cc(-c5cnn(CCN(C)C)c5)ccc34)ccn2)c1,9.468521082957745,1,CHEMBL4858177
Cc1cccc(-c2cc(Nc3ccncc3)c3cc[nH]c3n2)n1,7.100015437450609,1,CHEMBL4572312
Cc1cccc(-c2cc(Nc3ccncc3)c3ccccc3n2)n1,7.447074662807428,2,CHEMBL560815
Cc1cccc(-c2cc3ccccc3n2-c2ccc3ncc(C(N)=O)n3c2)n1,7.853871964321762,1,CHEMBL5863193
Cc1cccc(-c2cc3nccn3cc2-c2ccc3ncc(C(N)=O)n3c2)n1,7.251811972993799,1,CHEMBL6060554
Cc1cccc(-c2ccc(C#N)cc2-c2ccc3ncc(C(N)=O)n3c2)n1,7.136677139879544,1,CHEMBL5807622
Cc1cccc(-c2ccc(C(N)=O)cc2-c2ccc3ncc(C(N)=O)n3c2)n1,7.200659450546418,1,CHEMBL5845904
Cc1cccc(-c2ccc(F)cc2-c2ccc3ncc(C(=O)N(C)C)n3c2)n1,7.318758762624412,1,CHEMBL5937301
Cc1cccc(-c2ccc(F)cc2-c2ccc3ncc(C(N)=O)n3c2)n1,7.795880017344075,2,CHEMBL5879326
Cc1cccc(-c2ccc(OCc3ccccc3F)cc2-c2ccc3ncc(C(N)=O)n3c2)n1,7.886056647693163,1,CHEMBL6050725
Cc1cccc(-c2ccc(Oc3ccccc3F)cc2-c2ccc3ncc(C(N)=O)n3c2)n1,7.4089353929735005,1,CHEMBL6026977
Cc1cccc(-c2cccc(F)c2-c2ccc3ncc(C(N)=O)n3c2)n1,7.346787486224656,1,CHEMBL5814760
Cc1cccc(-c2ccccc2-c2ccc3[nH]ncc3c2)n1,5.886056647693163,1,CHEMBL6031942
Cc1cccc(-c2ccccc2-c2ccc3nc(C)c(C(N)=O)n3c2)n1,5.533725678210708,1,CHEMBL5951429
Cc1cccc(-c2ccccc2-c2ccc3nc[nH]c(=O)c3c2)n1,6.991399828238082,1,CHEMBL5946681
Cc1cccc(-c2ccccc2-c2ccc3ncc(-c4nnn[nH]4)n3c2)n1,7.142667503568731,1,CHEMBL5871392
Cc1cccc(-c2ccccc2-c2ccc3ncc(C#N)n3c2)n1,6.2716462179787715,1,CHEMBL5891021
Cc1cccc(-c2ccccc2-c2ccc3ncc(C(=N)N)n3c2)n1,6.237321436272564,1,CHEMBL6029401
Cc1cccc(-c2ccccc2-c2ccc3ncc(C(=O)N(C)C)n3c2)n1,6.614393726401688,1,CHEMBL5941625
Cc1cccc(-c2ccccc2-c2ccc3ncc(C(=O)NC4CC4)n3c2)n1,7.337242168318426,1,CHEMBL5923916
Cc1cccc(-c2ccccc2-c2ccc3ncc(C(=O)NC4CCOCC4)n3c2)n1,6.943095148663527,1,CHEMBL6062832
Cc1cccc(-c2ccccc2-c2ccc3ncc(C(=O)NCCN4CCOCC4)n3c2)n1,7.1938200260161125,1,CHEMBL5881792
Cc1cccc(-c2ccccc2-c2ccc3ncc(C(=O)NO)n3c2)n1,7.346787486224656,1,CHEMBL5788785
Cc1cccc(-c2ccccc2-c2ccc3ncc(C(=O)O)n3c2)n1,6.71669877129645,1,CHEMBL5935594
Cc1cccc(-c2ccccc2-c2ccc3ncc(C(N)=O)n3c2)n1,7.803212398365206,2,CHEMBL5885600
Cc1cccc(-c2ccccc2-c2ccc3ncc(C(N)=O)n3n2)n1,7.008773924307505,1,CHEMBL5831542
Cc1cccc(-c2ccccc2-c2ccc3ncc(C(N)=O)nc3c2)n1,6.3819519032879075,1,CHEMBL5800124
Cc1cccc(-c2ccccc2-c2ccc3ncc(C)n3c2)n1,6.899629454882437,1,CHEMBL5933577
Cc1cccc(-c2ccccc2-c2ccc3ncc(CN)n3c2)n1,5.243896628414895,1,CHEMBL6021475
Cc1cccc(-c2ccccc2-c2ccc3ncc(N)n3c2)n1,6.251811972993799,1,CHEMBL5781748
Cc1cccc(-c2ccccc2-c2ccc3ncc(NC=O)n3c2)n1,6.17134010346468,1,CHEMBL5763497
Cc1cccc(-c2ccccc2-c2ccc3ncc(S(N)(=O)=O)n3c2)n1,6.235823867609669,1,CHEMBL5878891
Cc1cccc(-c2ccccc2-c2ccc3nccc(C#N)c3c2)n1,6.187755303199631,1,CHEMBL5831234
Cc1cccc(-c2ccccc2-c2ccc3nccn3c2)n1,6.838631997765026,1,CHEMBL5836512
Cc1cccc(-c2ccccc2-c2ccc3ncnc(N)c3c2)n1,6.4723700991286615,1,CHEMBL5919335
Cc1cccc(-c2ccccc2-c2ccc3ncnn3c2)n1,6.443697499232712,1,CHEMBL5777680
Cc1cccc(-c2ccccc2-c2ccc3nnc(C(N)=O)n3c2)n1,5.324404943613254,1,CHEMBL5862044
Cc1cccc(-c2ccccc2-c2ccc3occ(C(N)=O)c3c2)n1,6.655607726314889,1,CHEMBL5963549
Cc1cccc(-c2ccccc2-c2ccn3ncc(C(N)=O)c3c2)n1,7.275724130399211,1,CHEMBL5998785
Cc1cccc(-c2cccn2-c2ccc3ncc(C(N)=O)n3c2)n1,7.886056647693163,1,CHEMBL5820704
Cc1cccc(-c2cccnc2-c2ccc3ncc(C(N)=O)n3c2)n1,7.1249387366083,1,CHEMBL5891255
Cc1cccc(-c2ccncc2-c2ccc3ncc(C(N)=O)n3c2)n1,6.958607314841775,1,CHEMBL5834615
Cc1cccc(-c2ccsc2-c2ccc3ncc(C(N)=O)n3c2)n1,8.2839966563652,1,CHEMBL5959812
Cc1cccc(-c2cn(Cc3cccc(C#N)c3)nc2-c2ccc3ncccc3c2)n1,7.468521082957745,1,CHEMBL1164971
Cc1cccc(-c2cn(Cc3cccc(C(N)=O)c3)nc2-c2ccc3ncccc3c2)n1,7.214670164989233,1,CHEMBL1165063
Cc1cccc(-c2cncn2-c2ccc3ncc(C(N)=O)n3c2)n1,6.866461091629782,1,CHEMBL5979307
Cc1cccc(-c2cncn2-c2ccc3ncnn3c2)n1,5.213887716280174,1,CHEMBL5987158
Cc1cccc(-c2cnsc2-c2ccc3nccn3c2)n1,6.782516055786093,1,CHEMBL5833744
Cc1cccc(-c2cscc2-c2ccc3ncc(C(N)=O)n3c2)n1,8.161150909262744,1,CHEMBL5970558
Cc1cccc(-c2n[nH]cc2-c2ccc(F)c(-c3cnn(CCO)c3)c2)n1,8.602059991327963,1,CHEMBL4303194
Cc1cccc(-c2n[nH]cc2-c2ccc(O)cc2)n1,7.50174416392291,4,CHEMBL118928
Cc1cccc(-c2n[nH]cc2-c2ccc3ncccc3n2)n1,8.0,7,CHEMBL185238
Cc1cccc(-c2nc(-n3ccc4cnccc43)c3cccn3n2)n1,9.017728766960431,1,CHEMBL5917042
Cc1cccc(-c2nc(C(C)C)[nH]c2-c2ccnc(-c3ccc(C(=O)NC4CCOCC4)cc3)c2)n1,7.6020599913279625,1,CHEMBL585505
Cc1cccc(-c2nc(C(F)(F)F)ccc2-c2ccc3ncc(C#N)n3c2)n1,5.473402290896548,1,CHEMBL5940663
Cc1cccc(-c2nc(C(F)(F)F)ccc2-c2ccc3ncc(C(N)=O)n3c2)n1,7.075720713938118,1,CHEMBL5962475
Cc1cccc(-c2nc(C(N)=O)cn2-c2ccc3c(c2)OCO3)n1,5.417936637088291,1,CHEMBL2435037
Cc1cccc(-c2nc(C)cc(Nc3ccncc3)n2)n1,6.579680389348886,2,CHEMBL552232
Cc1cccc(-c2nc(C)ccc2-c2ccc3ncc(C#N)n3c2)n1,6.7281583934635005,1,CHEMBL5856639
Cc1cccc(-c2nc(C)ccc2-c2ccc3ncc(C(N)=O)n3c2)n1,7.823908740944319,1,CHEMBL5763660
Cc1cccc(-c2nc(CN3C(=O)c4ccccc4C3=O)cn2-c2ccc3c(c2)OCO3)n1,5.4736607226101555,1,CHEMBL2435045
Cc1cccc(-c2nc(CNC(=O)N3CCOCC3)cn2-c2ccc3c(c2)OCO3)n1,5.7495799976911055,1,CHEMBL2435040
Cc1cccc(-c2nc(CNC(=O)NC(C)C)cn2-c2ccc3c(c2)OCO3)n1,5.681936665037238,1,CHEMBL2435039
Cc1cccc(-c2nc(CNC(=O)Nc3ccccc3)cn2-c2ccc3c(c2)OCO3)n1,6.022276394711152,1,CHEMBL2435041
Cc1cccc(-c2nc(CNc3ccc(C#N)cc3)cn2-c2ccc3c(c2)OCO3)n1,6.187086643357144,1,CHEMBL2435035
Cc1cccc(-c2nc(CNc3ccc(C(N)=O)cc3)cn2-c2ccc3c(c2)OCO3)n1,6.096910013008056,1,CHEMBL2435036
Cc1cccc(-c2nc(CNc3ccc(S(N)(=O)=O)cc3)cn2-c2ccc3c(c2)OCO3)n1,6.619788758288394,1,CHEMBL2435034
Cc1cccc(-c2nc(CO)cn2-c2ccc3c(c2)OCO3)n1,6.004364805402449,1,CHEMBL2435044
Cc1cccc(-c2nc(N)sc2-c2ccc3ncccc3n2)n1,8.0,3,CHEMBL360034
Cc1cccc(-c2nc(NC(=O)[C@@H](N)CC(C)C)sc2-c2ccc3ncnn3c2)n1,7.214670164989233,1,CHEMBL5517800
Cc1cccc(-c2nc(NC(=O)[C@H](C)N)sc2-c2ccc3ncnn3c2)n1,7.060480747381382,1,CHEMBL5558039
Cc1cccc(-c2nc(NC(=O)[C@H](N)CC(C)C)sc2-c2ccc3ncnn3c2)n1,7.6020599913279625,1,CHEMBL5558398
Cc1cccc(-c2nc(NC(=O)[C@H](N)Cc3ccccc3)sc2-c2ccc3ncnn3c2)n1,7.180456064458131,1,CHEMBL5557513
Cc1cccc(-c2nc(NC(=S)[C@@H](N)CC(C)C)sc2-c2ccc3ncnn3c2)n1,7.638272163982407,1,CHEMBL5517775
Cc1cccc(-c2nc(NC(=S)[C@H](N)CC(C)C)sc2-c2ccc3ncnn3c2)n1,7.853871964321762,1,CHEMBL5558316
Cc1cccc(-c2nc(NCc3cc(Cl)cc(Cl)c3)sc2-c2ccc3ncnn3c2)n1,7.82102305270683,1,CHEMBL2088213
Cc1cccc(-c2nc(NCc3cc(F)cc(F)c3)sc2-c2ccc3ncnn3c2)n1,8.049635145623878,1,CHEMBL2087984
Cc1cccc(-c2nc(NCc3ccc(C#N)cc3)sc2-c2ccc3ncnn3c2)n1,7.511449283499555,1,CHEMBL2087977
Cc1cccc(-c2nc(NCc3ccc(C(N)=O)cc3)sc2-c2ccc3ncnn3c2)n1,7.590066876668706,1,CHEMBL2088220
Cc1cccc(-c2nc(NCc3ccc(Cl)c(Cl)c3)sc2-c2ccc3ncnn3c2)n1,7.6595558851598815,1,CHEMBL2087986
Cc1cccc(-c2nc(NCc3ccc(Cl)cc3)sc2-c2ccc3ncnn3c2)n1,7.801342913045577,1,CHEMBL2087973
Cc1cccc(-c2nc(NCc3ccc(F)c(F)c3)sc2-c2ccc3ncnn3c2)n1,8.129011186239424,1,CHEMBL2087983
Cc1cccc(-c2nc(NCc3ccc(F)cc3)sc2-c2ccc3ncnn3c2)n1,8.064996848546345,1,CHEMBL2087972
Cc1cccc(-c2nc(NCc3ccc(OC(F)(F)F)cc3)sc2-c2ccc3ncnn3c2)n1,7.215382707367125,1,CHEMBL2087976
Cc1cccc(-c2nc(NCc3cccc(C#N)c3)sc2-c2ccc3ncnn3c2)n1,8.033389013318066,1,CHEMBL2087971
Cc1cccc(-c2nc(NCc3cccc(C(N)=O)c3)sc2-c2ccc3ncnn3c2)n1,7.866461091629782,1,CHEMBL2088219
Cc1cccc(-c2nc(NCc3cccc(C)c3C)sc2-c2ccc3ncnn3c2)n1,7.655607726314889,1,CHEMBL2088214
Cc1cccc(-c2nc(NCc3cccc(Cl)c3)sc2-c2ccc3ncnn3c2)n1,7.991399828238082,1,CHEMBL2087967
Cc1cccc(-c2nc(NCc3cccc(Cl)c3Cl)sc2-c2ccc3ncnn3c2)n1,7.464705879957229,1,CHEMBL2087985
Cc1cccc(-c2nc(NCc3cccc(F)c3)sc2-c2ccc3ncnn3c2)n1,8.154281982033341,1,CHEMBL2087966
Cc1cccc(-c2nc(NCc3cccc(F)c3F)sc2-c2ccc3ncnn3c2)n1,7.531652669587842,1,CHEMBL2087982
Cc1cccc(-c2nc(NCc3cccc(OC(F)(F)F)c3)sc2-c2ccc3ncnn3c2)n1,7.714442690992226,1,CHEMBL2087970
Cc1cccc(-c2nc(NCc3ccccc3)sc2-c2ccc3ncnn3c2)n1,7.94692155651658,1,CHEMBL2087965
Cc1cccc(-c2nc(NCc3ccccc3C)sc2-c2ccc3ncnn3c2)n1,7.772113295386326,1,CHEMBL2087980
Cc1cccc(-c2nc(NCc3ccccc3Cl)sc2-c2ccc3ncnn3c2)n1,7.809668301829708,1,CHEMBL2087979
Cc1cccc(-c2nc(NCc3ccccc3F)sc2-c2ccc3ncnn3c2)n1,7.982966660701219,1,CHEMBL2087978
Cc1cccc(-c2nc(NCc3ccccc3OC(F)(F)F)sc2-c2ccc3ncnn3c2)n1,7.444905551421681,1,CHEMBL2087981
Cc1cccc(-c2nc(Nc3c(F)cncc3F)c3cccn3n2)n1,8.544154920623068,2,CHEMBL4211574
Cc1cccc(-c2nc(Nc3ccc4[nH]ncc4c3)c3ccccc3n2)n1,7.323908740944319,2,CHEMBL537968
Cc1cccc(-c2nc(Nc3ccc4[nH]ncc4c3)c3cccn3n2)n1,8.823908740944319,1,CHEMBL5806375
Cc1cccc(-c2nc(Nc3ccc4c(cnn4C)c3)c3ccccc3n2)n1,6.165401085748382,2,CHEMBL550482
Cc1cccc(-c2nc(Nc3ccc4ncsc4c3)c3ccccc3n2)n1,6.189767482004916,1,CHEMBL550483
Cc1cccc(-c2nc(Nc3ccc4nn[nH]c4c3)c3ccccc3n2)n1,5.430041181903405,1,CHEMBL563207
Cc1cccc(-c2nc(Nc3cccc(C(N)=O)c3)c3ccccc3n2)n1,6.4218238746168,2,CHEMBL563421
Cc1cccc(-c2nc(Nc3ccnc4cc(C(F)(F)F)ccc34)c3cccn3n2)n1,8.853871964321762,1,CHEMBL5939966
Cc1cccc(-c2nc(Nc3ccnc4ccc(Br)cc34)c3cccn3n2)n1,6.552841968657781,1,CHEMBL5903731
Cc1cccc(-c2nc(Nc3ccnc4ccc(C(F)(F)F)cc34)c3cccn3n2)n1,6.026872146400301,1,CHEMBL5754524
Cc1cccc(-c2nc(Nc3ccnc4ccc(Cl)cc34)c3cccn3n2)n1,8.327902142064282,1,CHEMBL5904787
Cc1cccc(-c2nc(Nc3ccnc4ccc(F)cc34)c3cccn3n2)n1,8.18045606445813,1,CHEMBL5836319
Cc1cccc(-c2nc(Nc3ccnc4ccccc34)c3cccn3n2)n1,8.16674100972256,2,CHEMBL4205979
Cc1cccc(-c2nc(Nc3ccnc4cccnc34)c3cccn3n2)n1,8.292429823902063,1,CHEMBL5910222
Cc1cccc(-c2nc(Nc3ccnc4ccncc34)c3cccn3n2)n1,8.356547323513812,1,CHEMBL5903202
Cc1cccc(-c2nc(Nc3ccncc3)c3c(C)csc3n2)n1,7.146726448679821,2,CHEMBL564250
Cc1cccc(-c2nc(Nc3ccncc3)c3cc(C(=O)N(C)C)cn3n2)n1,6.886056647693163,1,CHEMBL6034107
Cc1cccc(-c2nc(Nc3ccncc3)c3cc(C(=O)NCCCN4CCCC4)cn3n2)n1,7.119186407719209,1,CHEMBL5891703
Cc1cccc(-c2nc(Nc3ccncc3)c3cc(C(=O)Nc4ccccc4)cn3n2)n1,8.113509274827518,1,CHEMBL5792045
Cc1cccc(-c2nc(Nc3ccncc3)c3cc(C(N)=O)cn3n2)n1,8.0,1,CHEMBL5873066
Cc1cccc(-c2nc(Nc3ccncc3)c3ccccc3n2)n1,7.3121681930195574,2,CHEMBL570533
Cc1cccc(-c2nc(Nc3ccncc3)c3cccn3n2)n1,8.85498269431874,2,CHEMBL4206793
Cc1cccc(-c2nc(Nc3ccncc3)c3sccc3n2)n1,7.439713034397075,2,CHEMBL556871
Cc1cccc(-c2nc(Nc3ccncc3C(=O)N(C)CCN(C)C)c3cccn3n2)n1,6.958607314841775,1,CHEMBL5906456
Cc1cccc(-c2nc(Nc3ccncc3C(=O)N3CCOCC3)c3cccn3n2)n1,7.522878745280337,1,CHEMBL6015479
Cc1cccc(-c2nc(Nc3ccncc3C(=O)NC(C)(C)CO)c3cccn3n2)n1,7.468521082957745,1,CHEMBL5838747
Cc1cccc(-c2nc(Nc3ccncc3C(=O)NC(C)C)c3cccn3n2)n1,7.277197898363201,2,CHEMBL4210079
Cc1cccc(-c2nc(Nc3ccncc3C(=O)NC3CCOC3)c3cccn3n2)n1,7.552841968657781,1,CHEMBL5923986
Cc1cccc(-c2nc(Nc3ccncc3C(=O)NC3CCOCC3)c3cccn3n2)n1,7.1249387366083,1,CHEMBL6006168
Cc1cccc(-c2nc(Nc3ccncc3C(=O)NC3COC3)c3cccn3n2)n1,7.853871964321762,1,CHEMBL6022699
Cc1cccc(-c2nc(Nc3ccncc3C(=O)NCC(C)(C)O)c3cccn3n2)n1,7.301029995663981,1,CHEMBL6014333
Cc1cccc(-c2nc(Nc3ccncc3C(=O)NCC3(O)CCN(C)CC3)c3cccn3n2)n1,7.481486060122112,1,CHEMBL5865392
Cc1cccc(-c2nc(Nc3ccncc3C(=O)NCCCN3CCCC3)c3cccn3n2)n1,8.397940008672037,1,CHEMBL6013167
Cc1cccc(-c2nc(Nc3ccncc3C(=O)NCCCN3CCN(C)CC3)c3cccn3n2)n1,8.455931955649724,1,CHEMBL5869609
Cc1cccc(-c2nc(Nc3ccncc3C(=O)NCCCN3CCS(=O)(=O)CC3)c3cccn3n2)n1,8.522878745280337,1,CHEMBL6011641
Cc1cccc(-c2nc(Nc3ccncc3C(=O)NCCCO)c3cccn3n2)n1,8.318758762624412,1,CHEMBL5866229
Cc1cccc(-c2nc(Nc3ccncc3C(=O)NCCN3CCCC3)c3cccn3n2)n1,8.275724130399212,1,CHEMBL5978861
Cc1cccc(-c2nc(Nc3ccncc3C(=O)NCCN3CCCCC3)c3cccn3n2)n1,8.167491087293763,1,CHEMBL6029638
Cc1cccc(-c2nc(Nc3ccncc3C(=O)NCCN3CCS(=O)(=O)CC3)c3cccn3n2)n1,7.657577319177793,1,CHEMBL5866225
Cc1cccc(-c2nc(Nc3ccncc3C(=O)NC[C@H](O)CO)c3cccn3n2)n1,8.102372908709558,1,CHEMBL5752746
Cc1cccc(-c2nc(Nc3ccncc3Cl)c3cccn3n2)n1,8.795880017344075,1,CHEMBL5763953
Cc1cccc(-c2nc(Nc3ccncc3F)c3c(C)c[nH]c3n2)n1,9.602059991327963,1,CHEMBL5919249
Cc1cccc(-c2nc(Nc3ccncc3F)c3c(CN4CCC(F)(F)CC4)ccn3n2)n1,9.602059991327963,1,CHEMBL5776223
Cc1cccc(-c2nc(Nc3ccncc3F)c3c(CN4CCN(CCO)CC4)ccn3n2)n1,9.031517051446064,1,CHEMBL5928016
Cc1cccc(-c2nc(Nc3ccncc3F)c3c(CN4CC[C@H](O)C4)ccn3n2)n1,9.309803919971486,1,CHEMBL5823752
Cc1cccc(-c2nc(Nc3ccncc3F)c3cc[nH]c3n2)n1,8.292429823902063,3,CHEMBL4210246
Cc1cccc(-c2nc(Nc3ccncc3F)c3ccc(C(=O)O)n3n2)n1,7.455931955649724,1,CHEMBL6011027
Cc1cccc(-c2nc(Nc3ccncc3F)c3cccn3n2)n1,9.024622909203249,2,CHEMBL4205457
Cc1cccc(-c2nc(Nc3ccncc3F)c3nc[nH]c3n2)n1,7.934511654197191,2,CHEMBL4209835
Cc1cccc(-c2nc(Nc3ccncc3OCCCCN(C)C)c3cccn3n2)n1,7.522878745280337,1,CHEMBL5797955
Cc1cccc(-c2nc(Nc3ccncc3OCCCN3CCOCC3)c3cccn3n2)n1,7.173925197299173,1,CHEMBL5784212
Cc1cccc(-c2nc(Nc3ccncn3)c3ccccc3n2)n1,7.309894379144197,2,CHEMBL571452
Cc1cccc(-c2nc(Nc3ccncn3)c3cccn3n2)n1,8.657577319177793,1,CHEMBL6028146
Cc1cccc(-c2nc3n(c2-c2cc4cnccc4s2)C2CCC3C2)n1,7.6020599913279625,1,CHEMBL5821460
Cc1cccc(-c2nc3n(c2-c2cc4cnccc4s2)CCN3)n1,8.214670164989233,2,CHEMBL4457492
Cc1cccc(-c2nc3n(c2-c2ccc4ncc(OCCN(C)C)nc4c2)CCN3)n1,7.41907502432438,1,CHEMBL5789275
Cc1cccc(-c2nc3n(c2-c2ccc4ncc(OCCO)nc4c2)C2CCC3C2)n1,7.698970004336019,1,CHEMBL5932716
Cc1cccc(-c2nc3n(c2-c2ccc4nccc(C(N)=O)c4c2)C2CCC3C2)n1,7.853871964321762,1,CHEMBL6050654
Cc1cccc(-c2nc3n(c2-c2ccc4nccc(C(N)=O)c4c2)[C@@H]2CC[C@H]3C2)n1,7.795880017344075,1,CHEMBL6041544
Cc1cccc(-c2nc3n(c2-c2ccc4nccc(C(N)=O)c4c2)[C@H]2CC[C@@H]3C2)n1,8.045757490560675,1,CHEMBL6002139
Cc1cccc(-c2nc3n(c2-c2ccc4nccc(OC5CCNCC5)c4c2)C2CCC3C2)n1,7.221848749616356,1,CHEMBL5858779
Cc1cccc(-c2nc3n(c2-c2ccc4ncccc4c2)CCN3)n1,7.91721462968355,1,CHEMBL6038887
Cc1cccc(-c2nc3n(c2-c2ccc4nccnc4c2)C2CCC3C2)n1,7.585026652029182,1,CHEMBL5812924
Cc1cccc(-c2nc3n(c2-c2ccc4nccnc4c2)CCCN3)n1,7.500312917381596,1,CHEMBL5855384
Cc1cccc(-c2nc3n(c2-c2ccc4nccnc4c2)CCN3)n1,8.18045606445813,1,CHEMBL5748375
Cc1cccc(-c2nc3n(c2-c2ccc4nccnc4c2)[C@@H]2CC[C@H]3C2)n1,8.096910013008056,1,CHEMBL6042486
Cc1cccc(-c2nc3n(c2-c2ccc4nccnc4c2)[C@H]2CC[C@@H]3C2)n1,8.154901959985743,1,CHEMBL5858851
Cc1cccc(-c2nc3n(c2-c2ccc4ncnn4c2)C2CCC3C2)n1,7.795880017344075,1,CHEMBL5912726
Cc1cccc(-c2nc3n(c2-c2ccc4ncnn4c2)CCN3)n1,7.939302159646388,1,CHEMBL6001374
Cc1cccc(-c2nc3n(c2-c2ccc4ncsc4c2)CCN3)n1,7.987162775294828,1,CHEMBL5971797
Cc1cccc(-c2nc3n(c2-c2ccc4nnc(C(N)=O)n4c2)[C@@H]2CC[C@H]3C2)n1,8.522878745280337,1,CHEMBL5857650
Cc1cccc(-c2nc3n(c2-c2ccc4nnc(C(N)=O)n4c2)[C@H]2CC[C@@H]3C2)n1,8.522878745280337,1,CHEMBL6004337
Cc1cccc(-c2nc3n(c2-c2ccnc(-c4ccc(C(=O)NC5CCOCC5)cc4)c2)C2CCC3C2)n1,7.42021640338319,1,CHEMBL5968960
Cc1cccc(-c2nc3n(c2-c2ccnc(-c4ccc(C(=O)NC5CCOCC5)cc4)c2)[C@@H]2CC[C@H]3C2)n1,7.552841968657781,1,CHEMBL5797278
Cc1cccc(-c2nc3n(c2-c2ccnc(-c4ccc(C(=O)NC5CCOCC5)cc4)c2)[C@H]2CC[C@@H]3C2)n1,7.552841968657781,1,CHEMBL5919761
Cc1cccc(-c2nc3n(c2-c2ccnc(-c4ccc(C(N)=O)cc4)c2)C2CCC3C2)n1,7.537602002101044,1,CHEMBL5808600
Cc1cccc(-c2nc3n(c2-c2ccnc(-c4ccc(C(N)=O)cc4)c2)[C@@H]2CC[C@H]3C2)n1,7.7447274948966935,1,CHEMBL5770982
Cc1cccc(-c2nc3n(c2-c2ccnc(-c4ccc(C(N)=O)cc4)c2)[C@H]2CC[C@@H]3C2)n1,8.698970004336019,1,CHEMBL5811593
Cc1cccc(-c2nc3n(c2-c2ccnc(-c4ccc(S(C)(=O)=O)cc4)c2)[C@@H]2CC[C@H]3C2)n1,7.638272163982407,1,CHEMBL5878028
Cc1cccc(-c2nc3n(c2-c2ccnc(-c4ccc(S(C)(=O)=O)cc4)c2)[C@H]2CC[C@@H]3C2)n1,8.397940008672037,1,CHEMBL5975131
Cc1cccc(-c2nc3n(c2-c2ccnc(-c4ccc(S(N)(=O)=O)cc4)c2)[C@H]2CC[C@@H]3C2)n1,7.958607314841775,1,CHEMBL5770594
Cc1cccc(-c2nc3n(c2-c2ccnc(-c4cnn(C)c4)c2)C2CCC3C2)n1,8.045757490560675,1,CHEMBL5977658
Cc1cccc(-c2nc3n(c2-c2ccnc(-c4cnn(C)c4)c2)[C@@H]2CC[C@H]3C2)n1,8.154901959985743,1,CHEMBL6023984
Cc1cccc(-c2nc3n(c2-c2ccnc(-c4cnn(C)c4)c2)[C@H]2CC[C@@H]3C2)n1,8.221848749616356,1,CHEMBL5997423
Cc1cccc(-c2nc3n(c2-c2ccnc(-c4cnn(S(C)(=O)=O)c4)c2)C2CCC3C2)n1,7.6777807052660805,1,CHEMBL5908417
Cc1cccc(-c2nc3n(c2-c2ccnc(N)c2)C2CCC3C2)n1,8.045757490560675,1,CHEMBL5799174
Cc1cccc(-c2nc3n(c2-c2ccnc(NC(=O)OC(C)(C)C)c2)C2CCC3C2)n1,7.259637310505756,1,CHEMBL5982812
Cc1cccc(-c2nc3n(c2-c2ccnc(NCCN4CCOCC4)c2)[C@H]2CC[C@@H]3C2)n1,7.113509274827518,1,CHEMBL5756822
Cc1cccc(-c2nc3n(c2-c2ccnc(NCCO)c2)C2CCC3C2)n1,7.229147988357855,1,CHEMBL5943454
Cc1cccc(-c2nc3n(c2-c2ccnc(NCCO)c2)[C@H]2CC[C@@H]3C2)n1,7.337242168318426,1,CHEMBL5857147
Cc1cccc(-c2nc3n(c2-c2ccnc(NC[C@H](C)O)c2)[C@H]2CC[C@@H]3C2)n1,7.096910013008056,1,CHEMBL6052057
Cc1cccc(-c2nc3n(c2-c2ccnc(Nc4ccc(S(N)(=O)=O)cc4)c2)C2CCC3C2)n1,7.508638306165727,1,CHEMBL5883812
Cc1cccc(-c2nc3n(c2-c2ccnc4ccc(C(N)=O)cc24)C2CCC3C2)n1,7.070581074285707,1,CHEMBL5989842
Cc1cccc(-c2ncc(F)cc2-c2ccc3ncc(C#N)n3c2)n1,7.795880017344075,1,CHEMBL5929875
Cc1cccc(-c2ncc(F)cc2-c2ccc3ncc(C(N)=O)n3c2)n1,9.0,1,CHEMBL5817112
Cc1cccc(-c2ncc(N)cc2-c2ccc3ncc(C(=O)O)n3c2)n1,8.397940008672037,1,CHEMBL5750886
Cc1cccc(-c2ncc(N)cc2-c2ccc3ncc(C(N)=O)n3c2)n1,8.698970004336019,1,CHEMBL5948370
Cc1cccc(-c2nccc(C(F)F)c2-c2ccc3ncc(C#N)n3c2)n1,4.823908740944319,1,CHEMBL5825964
Cc1cccc(-c2nccc(C(F)F)c2-c2ccc3ncc(C(N)=O)n3c2)n1,4.823908740944319,1,CHEMBL6004786
Cc1cccc(-c2nccc(CO)c2-c2ccc3ncc(C#N)n3c2)n1,6.3124710387853655,1,CHEMBL5858987
Cc1cccc(-c2nccc(N)c2-c2ccc3ncc(C(N)=O)n3c2)n1,8.301029995663981,1,CHEMBL5817218
Cc1cccc(-c2ncccc2-c2ccc3nc(C(N)=O)cn3c2)n1,5.991825815993574,1,CHEMBL5959932
Cc1cccc(-c2ncccc2-c2ccc3ncc(C#N)n3n2)n1,7.455931955649724,1,CHEMBL6055801
Cc1cccc(-c2ncccc2-c2ccc3ncc(C(=O)NC4CC4)n3n2)n1,7.6020599913279625,1,CHEMBL5936346
Cc1cccc(-c2ncccc2-c2ccc3ncc(C(=O)NC4COC4)n3n2)n1,6.96657624451305,1,CHEMBL6027548
Cc1cccc(-c2ncccc2-c2ccc3ncc(C(=O)NCC(F)(F)F)n3c2)n1,8.154901959985743,1,CHEMBL6056142
Cc1cccc(-c2ncccc2-c2ccc3ncc(C(=O)NCC(F)F)n3c2)n1,8.397940008672037,1,CHEMBL5761099
Cc1cccc(-c2ncccc2-c2ccc3ncc(C(=O)O)n3c2)n1,8.397940008672037,1,CHEMBL5752145
Cc1cccc(-c2ncccc2-c2ccc3ncc(C(=O)O)n3n2)n1,7.585026652029182,1,CHEMBL5964728
Cc1cccc(-c2ncccc2-c2ccc3ncc(C(N)=O)n3n2)n1,7.721246399047171,1,CHEMBL5935850
Cc1cccc(-c2ncccc2-c2ccc3ncc(NC(=O)C(F)(F)F)n3c2)n1,7.431798275933005,1,CHEMBL5981590
Cc1cccc(-c2ncccc2-c2ccc3nccn3c2)n1,8.522878745280337,1,CHEMBL5799672
Cc1cccc(-c2ncccc2-c2ccc3nccnc3c2)n1,8.045757490560675,1,CHEMBL5789326
Cc1cccc(-c2ncccc2-c2ccn3ncc(C#N)c3n2)n1,7.229147988357855,1,CHEMBL5795856
Cc1cccc(-c2ncccc2-c2ccn3ncc(C(=O)NC4CC4)c3n2)n1,7.481486060122112,1,CHEMBL5908547
Cc1cccc(-c2ncccc2-c2ccn3ncc(C(=O)NC4COC4)c3n2)n1,7.537602002101044,1,CHEMBL5743215
Cc1cccc(-c2ncccc2-c2ccn3ncc(C(N)=O)c3n2)n1,8.221848749616356,1,CHEMBL5912699
Cc1cccc(-c2ncccc2-c2ccn3nccc3n2)n1,8.301029995663981,1,CHEMBL5817824
Cc1cccc(-c2nccn2-c2ccc3ncc(C(N)=O)n3c2)n1,8.154901959985743,1,CHEMBL5959495
Cc1cccc(-c2ncn(C)c2-c2ccc3nccn3c2)c1,7.769551078621726,1,CHEMBL4534989
Cc1cccc(-c2ncn(C)c2-c2ccc3nccnc3c2)c1,8.823908740944319,1,CHEMBL5814175
Cc1cccc(-c2ncn(CC(F)F)c2-c2ccc3ncc(C(N)=O)n3c2)n1,6.886056647693163,3,CHEMBL4455462
Cc1cccc(-c2ncn(CC(F)F)c2-c2ccc3nccn3c2)n1,7.045757490560675,3,CHEMBL4458215
Cc1cccc(-c2nn(C(=S)NC3CCN(C)CC3)cc2-c2ccc3ncnn3c2)n1,6.854125598557143,2,CHEMBL1835709
Cc1cccc(-c2nn(C(=S)NC3CCN(Cc4ccccc4)CC3)cc2-c2ccc3ncnn3c2)n1,6.621193439117373,2,CHEMBL1835710
Cc1cccc(-c2nn(C(=S)Nc3cc(C(F)(F)F)cc(C(F)(F)F)c3)cc2-c2ccc3ncnn3c2)n1,6.841336123760669,2,CHEMBL1835628
Cc1cccc(-c2nn(C(=S)Nc3cc(Cl)cc(Cl)c3)cc2-c2ccc3ncnn3c2)n1,6.919645713853785,2,CHEMBL1835625
Cc1cccc(-c2nn(C(=S)Nc3cc(F)cc(F)c3)cc2-c2ccc3ncnn3c2)n1,6.956962523002237,2,CHEMBL1835623
Cc1cccc(-c2nn(C(=S)Nc3ccc(C#N)cc3)cc2-c2ccc3ncnn3c2)n1,6.905838147577281,2,CHEMBL1835532
Cc1cccc(-c2nn(C(=S)Nc3ccc(C(F)(F)F)cc3)cc2-c2ccc3ncnn3c2)n1,6.951114600179055,2,CHEMBL1835529
Cc1cccc(-c2nn(C(=S)Nc3ccc(C(N)=O)cc3)cc2-c2ccc3ncnn3c2)n1,6.556135101355984,2,CHEMBL1835533
Cc1cccc(-c2nn(C(=S)Nc3ccc(C)c(C)c3)cc2-c2ccc3ncnn3c2)n1,6.84341030279194,2,CHEMBL1835626
Cc1cccc(-c2nn(C(=S)Nc3ccc(Cl)c(Cl)c3)cc2-c2ccc3ncnn3c2)n1,7.09731074777455,2,CHEMBL1835624
Cc1cccc(-c2nn(C(=S)Nc3ccc(Cl)cc3)cc2-c2ccc3ncnn3c2)n1,6.834781951838195,2,CHEMBL1835527
Cc1cccc(-c2nn(C(=S)Nc3ccc(F)c(F)c3)cc2-c2ccc3ncnn3c2)n1,7.256148068418137,2,CHEMBL1835622
Cc1cccc(-c2nn(C(=S)Nc3ccc(F)cc3)cc2-c2ccc3ncnn3c2)n1,6.782075429038055,2,CHEMBL1835526
Cc1cccc(-c2nn(C(=S)Nc3ccc(OC(F)(F)F)cc3)cc2-c2ccc3ncnn3c2)n1,6.881907778559925,2,CHEMBL1835531
Cc1cccc(-c2nn(C(=S)Nc3cccc(C#N)c3)cc2-c2ccc3nc(C)nn3c2)n1,6.281950495256286,2,CHEMBL1835712
Cc1cccc(-c2nn(C(=S)Nc3cccc(C#N)c3)cc2-c2ccc3ncnn3c2)n1,6.769288256650217,2,CHEMBL1835524
Cc1cccc(-c2nn(C(=S)Nc3cccc(C(F)(F)F)c3)cc2-c2ccc3ncnn3c2)n1,7.112384157072313,2,CHEMBL1835521
Cc1cccc(-c2nn(C(=S)Nc3cccc(C(N)=O)c3)cc2-c2ccc3nc(C)nn3c2)n1,6.178498821955249,2,CHEMBL1835713
Cc1cccc(-c2nn(C(=S)Nc3cccc(C(N)=O)c3)cc2-c2ccc3ncnn3c2)n1,6.915368567956777,2,CHEMBL1835525
Cc1cccc(-c2nn(C(=S)Nc3cccc(Cl)c3)cc2-c2ccc3ncnn3c2)n1,6.944826377145858,2,CHEMBL1835519
Cc1cccc(-c2nn(C(=S)Nc3cccc(F)c3)cc2-c2ccc3ncnn3c2)n1,6.799623969032956,2,CHEMBL1835518
Cc1cccc(-c2nn(C(=S)Nc3cccc(OC(F)(F)F)c3)cc2-c2ccc3ncnn3c2)n1,8.0,1,CHEMBL1835523
Cc1cccc(-c2nn(C(=S)Nc3ccccc3)cc2-c2ccc3nc(C)nn3c2)n1,6.065231603768995,2,CHEMBL1835711
Cc1cccc(-c2nn(C(=S)Nc3ccccc3)cc2-c2ccc3ncnn3c2)n1,7.051296430169209,2,CHEMBL1835112
Cc1cccc(-c2nn(C(=S)Nc3ccccc3)cc2-c2ccnc3ccccc23)n1,7.920818753952375,2,CHEMBL1170377
Cc1cccc(-c2nn(C(=S)Nc3ccccc3C)cc2-c2ccc3ncnn3c2)n1,6.91604609499926,2,CHEMBL1835536
Cc1cccc(-c2nn(C(=S)Nc3ccccc3Cl)cc2-c2ccc3ncnn3c2)n1,7.020178846389939,2,CHEMBL1835535
Cc1cccc(-c2nn(C(=S)Nc3ccccc3F)cc2-c2ccc3ncnn3c2)n1,6.895644990046799,2,CHEMBL1835534
Cc1cccc(-c2nn(C(=S)Nc3ccccc3OC(F)(F)F)cc2-c2ccc3ncnn3c2)n1,6.908459076978845,2,CHEMBL1835621
Cc1cccc(-c2nn(C(C)C)cc2-c2ccc3ncnn3c2/C=C/C(N)=O)n1,6.373659632624958,1,CHEMBL6190818
Cc1cccc(-c2nn(C)c(C)c2-c2ccc3ncnn3c2/C=C/C(N)=O)n1,6.596879478824182,1,CHEMBL6190468
Cc1cccc(-c2nn(C3CC3)cc2-c2ccnc(-c3ccc(S(C)(=O)=O)cc3)c2)n1,6.568636235841012,1,CHEMBL5937973
Cc1cccc(-c2nn(C3CCC3)cc2-c2ccnc(-c3ccc(S(C)(=O)=O)cc3)c2)n1,6.681936665037238,1,CHEMBL6053900
Cc1cccc(-c2nn(C3CCCC3)cc2-c2ccc3ncnn3c2/C=C/C(N)=O)n1,6.559090917934782,1,CHEMBL6192610
Cc1cccc(-c2nn(C3CCCC3)cc2-c2ccnc(-c3ccc(S(C)(=O)=O)cc3)c2)n1,6.617982957425132,1,CHEMBL5819942
Cc1cccc(-c2nn(CC(=O)Nc3cccc(C#N)c3)cc2-c2cc3cnccc3s2)n1,6.638272163982407,1,CHEMBL4531718
Cc1cccc(-c2nn(CC(=O)Nc3cccc(C#N)c3)cc2-c2ccc3ncccc3c2)n1,7.657577319177793,1,CHEMBL1766441
Cc1cccc(-c2nn(CC(=O)Nc3cccc(C#N)c3)cc2-c2ccc3nccnc3c2)n1,6.815308569182401,1,CHEMBL1824432
Cc1cccc(-c2nn(CC(=O)Nc3cccc(C#N)c3)cc2-c2ccc3ncnn3c2)n1,7.568636235841012,1,CHEMBL3261093
Cc1cccc(-c2nn(CC(=O)Nc3cccc(C#N)c3)cc2-c2ccc3nsnc3c2)n1,6.782516055786093,1,CHEMBL4474331
Cc1cccc(-c2nn(CC(=O)Nc3cccc(C(N)=O)c3)cc2-c2ccc3ncccc3c2)n1,7.1249387366083,1,CHEMBL1766444
Cc1cccc(-c2nn(CC(=O)Nc3cccc(C(N)=O)c3)cc2-c2ccc3nccnc3c2)n1,7.318758762624412,1,CHEMBL1824444
Cc1cccc(-c2nn(CC(=O)Nc3cccc(C(N)=O)c3)cc2-c2ccc3ncnn3c2)n1,7.443697499232712,1,CHEMBL3261094
Cc1cccc(-c2nn(CC(=O)Nc3cccc(F)c3)cc2-c2cc3cnccc3s2)n1,6.924453038607469,1,CHEMBL4520187
Cc1cccc(-c2nn(CC(=O)Nc3cccc(F)c3)cc2-c2ccc3nsnc3c2)n1,7.060480747381382,1,CHEMBL4471215
Cc1cccc(-c2nn(CC(=O)Nc3ccccc3)cc2-c2cc3cnccc3s2)n1,7.4089353929735005,2,CHEMBL4576703
Cc1cccc(-c2nn(CC(=O)Nc3ccccc3)cc2-c2ccc3ncccc3c2)n1,6.684029654543082,1,CHEMBL1766440
Cc1cccc(-c2nn(CC(=O)Nc3ccccc3)cc2-c2ccc3nccnc3c2)n1,7.42021640338319,1,CHEMBL1824226
Cc1cccc(-c2nn(CC(=O)Nc3ccccc3)cc2-c2ccc3ncnn3c2)n1,7.107905397309519,1,CHEMBL3261091
Cc1cccc(-c2nn(CC(=O)Nc3ccccc3)cc2-c2ccc3nsnc3c2)n1,7.522878745280337,1,CHEMBL4569982
Cc1cccc(-c2nn(CC(=O)Nc3ccccc3F)cc2-c2cc3cnccc3s2)n1,6.505845405981557,1,CHEMBL4460586
Cc1cccc(-c2nn(CC(=O)Nc3ccccc3F)cc2-c2ccc3ncnn3c2)n1,7.070581074285707,1,CHEMBL3261092
Cc1cccc(-c2nn(CC(=O)Nc3ccccc3F)cc2-c2ccc3nsnc3c2)n1,6.774690718274137,1,CHEMBL4530888
Cc1cccc(-c2nn(CC(=S)Nc3cccc(C#N)c3)cc2-c2cc3cnccc3s2)n1,7.107905397309519,1,CHEMBL4513885
Cc1cccc(-c2nn(CC(=S)Nc3cccc(C#N)c3)cc2-c2ccc3ncccc3c2)n1,7.292429823902063,1,CHEMBL1766454
Cc1cccc(-c2nn(CC(=S)Nc3cccc(C#N)c3)cc2-c2ccc3nccnc3c2)n1,7.585026652029182,1,CHEMBL1824442
Cc1cccc(-c2nn(CC(=S)Nc3cccc(C#N)c3)cc2-c2ccc3ncnn3c2)n1,7.7447274948966935,1,CHEMBL3261096
Cc1cccc(-c2nn(CC(=S)Nc3cccc(C#N)c3)cc2-c2ccc3nsnc3c2)n1,6.935542010773082,1,CHEMBL4455044
Cc1cccc(-c2nn(CC(=S)Nc3cccc(C#N)c3)cc2-c2ccnc(-c3ccccc3)c2)n1,5.657577319177793,1,CHEMBL4635582
Cc1cccc(-c2nn(CC(=S)Nc3cccc(C#N)c3)cc2-c2ccnc3ccccc23)n1,7.161150909262744,1,CHEMBL4649719
Cc1cccc(-c2nn(CC(=S)Nc3cccc(F)c3)cc2-c2cc3cnccc3s2)n1,6.903089986991944,2,CHEMBL4570292
Cc1cccc(-c2nn(CC(=S)Nc3cccc(F)c3)cc2-c2ccc3nsnc3c2)n1,7.522878745280337,3,CHEMBL4527908
Cc1cccc(-c2nn(CC(=S)Nc3cccc(F)c3)cc2-c2ccnc(-c3ccccc3)c2)n1,5.806875401645538,1,CHEMBL4644045
Cc1cccc(-c2nn(CC(=S)Nc3cccc(F)c3)cc2-c2ccnc3ccccc23)n1,7.366531544420414,1,CHEMBL4638285
Cc1cccc(-c2nn(CC(=S)Nc3ccccc3)cc2-c2ccc3ncccc3c2)n1,7.026872146400302,1,CHEMBL1766453
Cc1cccc(-c2nn(CC(=S)Nc3ccccc3)cc2-c2ccc3nccnc3c2)n1,7.886056647693163,1,CHEMBL1824440
Cc1cccc(-c2nn(CC(=S)Nc3ccccc3)cc2-c2ccc3nsnc3c2)n1,7.376750709602099,1,CHEMBL4594036
Cc1cccc(-c2nn(CC(=S)Nc3ccccc3)cc2-c2ccnc(-c3ccccc3)c2)n1,5.772370350428991,1,CHEMBL4648490
Cc1cccc(-c2nn(CC(=S)Nc3ccccc3)cc2-c2ccnc3ccccc23)n1,7.2441251443275085,1,CHEMBL4649639
Cc1cccc(-c2nn(CC(=S)Nc3ccccc3F)cc2-c2ccc3ncnn3c2)n1,7.537602002101044,1,CHEMBL3261095
Cc1cccc(-c2nn(CC(=S)Nc3ccccc3F)cc2-c2ccc3nsnc3c2)n1,7.259637310505756,1,CHEMBL4461256
Cc1cccc(-c2nn(CC(=S)Nc3ccccc3F)cc2-c2ccnc(-c3ccccc3)c2)n1,5.688246138944246,1,CHEMBL4640708
Cc1cccc(-c2nn(CC(=S)Nc3ccccc3F)cc2-c2ccnc3ccccc23)n1,7.275724130399211,1,CHEMBL4638492
Cc1cccc(-c2nn(CCC(=O)Nc3cccc(C#N)c3)cc2-c2ccc3ncccc3c2)n1,6.995678626217357,1,CHEMBL1766451
Cc1cccc(-c2nn(CCC(=O)Nc3ccccc3)cc2-c2ccc3ncccc3c2)n1,7.6020599913279625,1,CHEMBL1766450
Cc1cccc(-c2nn(CCC(=O)Nc3ccccc3)cc2-c2ccc3nccnc3c2)n1,7.086186147616283,1,CHEMBL1824438
Cc1cccc(-c2nn(CCC(=S)Nc3cccc(C#N)c3)cc2-c2ccc3ncccc3c2)n1,6.634512015109101,1,CHEMBL1766456
Cc1cccc(-c2nn(CCC(=S)Nc3ccccc3)cc2-c2ccc3ncccc3c2)n1,7.055517327849831,1,CHEMBL1766455
Cc1cccc(-c2nn(Cc3cccc(C#N)c3)cc2-c2ccc3ncccc3c2)n1,6.636388020107855,1,CHEMBL1163955
Cc1cccc(-c2nn(Cc3cccc(C#N)c3)cc2-c2ccc3ncccc3n2)n1,6.497572880015568,1,CHEMBL1165694
Cc1cccc(-c2nn(Cc3cccc(C#N)c3)cc2-c2ccc3ncnn3c2CCC(N)=O)n1,6.651695136951839,1,CHEMBL6189180
Cc1cccc(-c2nn(Cc3cccc(C(F)F)c3)cc2-c2ccc3ncnn3c2/C=C/C(N)=O)n1,6.785156151952302,1,CHEMBL6188801
Cc1cccc(-c2nn(Cc3cccc(C(N)=O)c3)cc2-c2ccc3ncccc3c2)n1,6.882728704344236,1,CHEMBL1164022
Cc1cccc(-c2nn(Cc3cccc(C(N)=O)c3)cc2-c2ccc3ncccc3n2)n1,6.5934598195660445,1,CHEMBL1164843
Cc1cccc(-c2nn([C@@H]3CCN(S(C)(=O)=O)C3)cc2-c2ccnc(-c3ccc(S(C)(=O)=O)cc3)c2)n1,6.431798275933005,1,CHEMBL6034381
Cc1cccc(-c2nn3c(c2-c2ccc(F)c(F)c2)CCC3)n1,6.464705879957229,1,CHEMBL120718
Cc1cccc(-c2nn3c(c2-c2ccc(F)cc2)CCC3)n1,5.8794260687941495,1,CHEMBL121790
Cc1cccc(-c2nn3c(c2-c2ccc(O)cc2)C(C)C(C)(C)C3)c1C#N,6.467245621007502,1,CHEMBL4278812
Cc1cccc(-c2nn3c(c2-c2ccc(O)cc2)C(C)C(C)(C)C3)n1,7.096910013008056,1,CHEMBL4277021
Cc1cccc(-c2nn3c(c2-c2ccc(O)cc2)CC(C)(C)C3)n1,6.6401645176601125,1,CHEMBL4291439
Cc1cccc(-c2nn3c(c2-c2ccc(O)cc2)CCC3)n1,7.327902142064282,1,CHEMBL330814
Cc1cccc(-c2nn3c(c2-c2ccc(O)cc2)[C@@H](C)C(C)(C)C3)n1,6.7055337738384075,1,CHEMBL4277446
Cc1cccc(-c2nn3c(c2-c2ccc(O)cc2)[C@H](C)C(C)(C)C3)n1,7.013228265733755,1,CHEMBL4285400
Cc1cccc(-c2nn3c(c2-c2ccc4[nH]cnc4c2)CCC3)n1,7.5759054415043,2,CHEMBL382838
Cc1cccc(-c2nn3c(c2-c2ccc4c(c2)ncn4C)CCC3)n1,5.769551078621726,1,CHEMBL584901
Cc1cccc(-c2nn3c(c2-c2ccc4c(c2)ncn4CCCOC2CCCCO2)CCC3)n1,5.675971318335629,2,CHEMBL202625
Cc1cccc(-c2nn3c(c2-c2ccc4c(ccn4C)c2)CCC3)n1,5.3872161432802645,1,CHEMBL377717
Cc1cccc(-c2nn3c(c2-c2ccc4nccc(C(N)=O)c4c2)C2CCC3CC2)n1,7.6777807052660805,1,CHEMBL5926924
Cc1cccc(-c2nn3c(c2-c2ccc4ncccc4c2/C=C/C(N)=O)CCC3)n1,6.012780770091995,1,CHEMBL6191998
Cc1cccc(-c2nn3c(c2-c2ccc4nccn4c2/C=C/C(N)=O)CCC3)n1,5.991399828238082,1,CHEMBL6193302
Cc1cccc(-c2nn3c(c2-c2ccc4ncn(C)c4c2)CCC3)n1,7.597589660639419,2,CHEMBL204966
Cc1cccc(-c2nn3c(c2-c2ccc4ncn(CCCN(C)C)c4c2)CCC3)n1,7.1731526023424586,2,CHEMBL441176
Cc1cccc(-c2nn3c(c2-c2ccc4ncn(CCCN5CCCC5)c4c2)CCC3)n1,7.031291209261431,2,CHEMBL206233
Cc1cccc(-c2nn3c(c2-c2ccc4ncn(CCCN5CCCCC5)c4c2)CCC3)n1,7.051049062865886,2,CHEMBL377711
Cc1cccc(-c2nn3c(c2-c2ccc4ncn(CCCN5CCOCC5)c4c2)CCC3)n1,7.161150909262744,3,CHEMBL381532
Cc1cccc(-c2nn3c(c2-c2ccc4ncn(CCCO)c4c2)CCC3)n1,7.3872161432802645,3,CHEMBL204063
Cc1cccc(-c2nn3c(c2-c2ccc4ncnn4c2)C2CCC3CC2)n1,8.045757490560675,1,CHEMBL6045395
Cc1cccc(-c2nn3c(c2-c2ccc4ncnn4c2/C=C/C(=O)NC2CC2)CCC3)n1,6.554395796726403,1,CHEMBL6191326
Cc1cccc(-c2nn3c(c2-c2ccc4ncnn4c2/C=C/C(=O)NCCO)CCC3)n1,6.55129368009492,1,CHEMBL6192045
Cc1cccc(-c2nn3c(c2-c2ccc4ncnn4c2/C=C/C(=O)NO)CCC3)n1,7.3851027839668655,1,CHEMBL6189467
Cc1cccc(-c2nn3c(c2-c2ccc4ncnn4c2/C=C/C(=O)O)CCC3)n1,7.114638779968488,1,CHEMBL6190089
Cc1cccc(-c2nn3c(c2-c2ccc4ncnn4c2/C=C/C(C)(C)O)CCC3)n1,7.080921907623926,1,CHEMBL6190841
Cc1cccc(-c2nn3c(c2-c2ccc4ncnn4c2/C=C/C(N)=O)CCC3)n1,7.3979400086720375,3,CHEMBL5518004
Cc1cccc(-c2nn3c(c2-c2ccc4ncnn4c2/C=C/C(N)=O)CCCC3)n1,6.866461091629782,1,CHEMBL6188708
Cc1cccc(-c2nn3c(c2-c2ccc4ncnn4c2C(N)=O)CCC3)n1,5.367542707815275,1,CHEMBL6190272
Cc1cccc(-c2nn3c(c2-c2ccc4ncnn4c2CCC(N)=O)CCC3)n1,6.032452023781138,1,CHEMBL6190789
Cc1cccc(-c2nn3c(c2-c2ccc4ncnn4c2CNc2cc[nH]n2)CCC3)n1,6.437707135543525,1,CHEMBL6193395
Cc1cccc(-c2nn3c(c2-c2ccc4ncsc4c2/C=C/C(N)=O)CCC3)n1,6.684029654543082,1,CHEMBL6189000
Cc1cccc(-c2nn3c(c2-c2ccnc(-c4ccc(S(C)(=O)=O)cc4)c2)C2CCC3CC2)n1,7.468521082957745,1,CHEMBL5954636
Cc1cccc(-c2nn3c(c2-c2ccnc(-c4cccc(C(N)=O)c4)c2)CCC3)n1,5.460923901207224,1,CHEMBL6189143
Cc1cccc(-c2nn3c(c2-c2ccnc(Cl)c2)C(C)C(C)(C)C3)n1,6.286509456906058,1,CHEMBL4284434
Cc1cccc(-c2nn3c(c2-c2ccnc(Cl)c2)CC(C)(C)C3)n1,5.9108016331948505,1,CHEMBL4284609
Cc1cccc(-c2nn3c(c2-c2ccnc(Nc4ccc(C(N)=O)cc4)c2)CCC3)n1,7.041436116778033,1,CHEMBL6191888
Cc1cccc(-c2nn3c(c2-c2ccnc(Nc4ccc(S(N)(=O)=O)cc4)c2)C(C)C(C)(C)C3)n1,6.8124792791635365,1,CHEMBL4291675
Cc1cccc(-c2nn3c(c2-c2ccnc(Nc4ccc(S(N)(=O)=O)cc4)c2)CC(C)(C)C3)n1,6.8326826652518236,1,CHEMBL4292491
Cc1cccc(-c2nn3c(c2-c2ccnc(Nc4ccc(S(N)(=O)=O)cc4)c2)CCC3)n1,7.083019952679618,1,CHEMBL6192848
Cc1cccc(-c2nn3c(c2-c2ccnc4c(F)cccc24)CCC3)n1,6.032452023781138,1,CHEMBL411741
Cc1cccc(-c2nn3c(c2-c2ccnc4cc(Cl)ccc24)CCC3)n1,7.318758762624412,1,CHEMBL332344
Cc1cccc(-c2nn3c(c2-c2ccnc4ccc(Br)cc24)CCC3)n1,7.050609993355087,1,CHEMBL260923
Cc1cccc(-c2nn3c(c2-c2ccnc4ccc(C(=O)NCCN(C)C)cc24)CCC3)n1,6.714442690992226,1,CHEMBL410308
Cc1cccc(-c2nn3c(c2-c2ccnc4ccc(C(N)=O)cc24)C2CCC3C2)n1,7.920818753952375,1,CHEMBL5929982
Cc1cccc(-c2nn3c(c2-c2ccnc4ccc(C(N)=O)cc24)C2CCC3CC2)n1,7.920818753952375,1,CHEMBL6052320
Cc1cccc(-c2nn3c(c2-c2ccnc4ccc(C(N)=O)cc24)CCC3)n1,6.924453038607469,18,CHEMBL2364611
Cc1cccc(-c2nn3c(c2-c2ccnc4ccc(C(N)=O)cc24)[C@@H]2CC[C@H]3C2)n1,7.6020599913279625,1,CHEMBL5866869
Cc1cccc(-c2nn3c(c2-c2ccnc4ccc(C(N)=O)cc24)[C@H]2CC[C@@H]3C2)n1,7.4089353929735005,1,CHEMBL5898834
Cc1cccc(-c2nn3c(c2-c2ccnc4ccc(OC(F)(F)F)cc24)CCC3)n1,6.85078088734462,1,CHEMBL260240
Cc1cccc(-c2nn3c(c2-c2ccnc4ccccc24)CCC3)n1,7.107905397309519,1,CHEMBL119976
Cc1cccc(-c2nn3c(c2-c2ccncc2)C(C)C(C)(C)C3)c1C#N,6.790484985457369,1,CHEMBL4289487
Cc1cccc(-c2nn3c(c2-c2ccncc2)C(C)C(C)(C)C3)n1,6.7423214251308154,1,CHEMBL4279935
Cc1cccc(-c2nn3c(c2-c2ccncc2)C(CO)C(C)(C)C3)n1,5.849857838151442,1,CHEMBL4282287
Cc1cccc(-c2nn3c(c2-c2ccncc2)CC(C)(C)C3)n1,6.391473966422806,1,CHEMBL4276896
Cc1cccc(-c2sc(NCc3cccc(C#N)c3)nc2-c2ccc3ncnn3c2)n1,7.600326278518962,1,CHEMBL2088222
Cc1cccc(-c2sc(NCc3cccc(C(N)=O)c3)nc2-c2ccc3ncnn3c2)n1,7.920818753952375,1,CHEMBL2088223
Cc1cccc(-c2sc(NCc3ccccc3)nc2-c2ccc3ncnn3c2)n1,7.610833915635467,1,CHEMBL2088221
Cc1cccc(-c2sc(NCc3ccccc3F)nc2-c2ccc3ncnn3c2)n1,7.673664139071248,1,CHEMBL2088224
Cc1cccc(-n2cc(-c3ccc4ncnn4c3)nc2CNc2ccccc2F)n1,7.958607314841775,1,CHEMBL5267324
Cc1cccc(-n2cc(N(c3nc(C(N)=O)c(-c4ccc[nH]4)s3)C3CC3)cn2)c1,6.6401645176601125,1,CHEMBL5593207
Cc1cccc(-n2cccc2-c2ccc3ncc(C(=O)N(C)C)n3c2)n1,6.978810700930062,1,CHEMBL6029970
Cc1cccc(-n2cccc2-c2ccc3ncc(C(N)=O)n3c2)n1,7.721246399047171,1,CHEMBL5783987
Cc1cccc(-n2nc(C)c(C)c2-c2cc3cnccc3s2)n1,7.453457336521869,7,CHEMBL3704653
Cc1cccc(-n2nc(C)cc2-c2cc3cnccc3s2)n1,7.026410376572743,7,CHEMBL3704649
Cc1cccc(-n2nc(C)cc2-c2ccc3ncn(C)c(=O)c3c2)n1,8.522878745280337,1,CHEMBL2024687
Cc1cccc(-n2nc3c(c2-c2cc4ccncc4s2)CCC3)n1,7.723538195826756,7,CHEMBL3704655
Cc1cccc(-n2nc3c(c2-c2cc4cnccc4s2)CCC3)n1,7.889410289700751,7,CHEMBL3704652
Cc1cccc(-n2nc3c(c2-c2ccc4nc[nH]c(=O)c4c2)CCC3)n1,8.301029995663981,1,CHEMBL2024693
Cc1cccc(-n2ncc(C)c2-c2cc3ccncc3s2)n1,8.100179497572904,7,CHEMBL3704654
Cc1cccc(-n2ncc(C)c2-c2cc3cnccc3s2)n1,8.177178354696895,7,CHEMBL3640035
Cc1cccc(-n2ncc(C)c2-c2ccc3nc[nH]c(=O)c3c2)n1,9.0,1,CHEMBL2024688
Cc1cccc(-n2ncc(C)c2-c2ccc3ncn(C)c(=O)c3c2)n1,8.397940008672037,1,CHEMBL2024686
Cc1cccc(-n2nccc2-c2cc3cnccc3s2)n1,7.6307841425898575,7,CHEMBL3704648
Cc1cccc(-n2nccc2-c2ccc3nc[nH]c(=O)c3c2)n1,8.221848749616356,1,CHEMBL2024690
Cc1cccc(-n2nccc2-c2ccc3ncn(C)c(=O)c3c2)n1,7.886056647693163,1,CHEMBL2024684
Cc1cccc(-n2nnc(CCC(C)C)c2-c2ccc3nccnc3c2)n1,5.065501548756432,1,CHEMBL2324828
Cc1cccc(-n2nnc(CCCCO)c2-c2ccc3nccnc3c2)n1,4.294136287716081,1,CHEMBL2324829
Cc1cccc(-n2nnc(Cc3ccccc3)c2-c2ccc3nccnc3c2)n1,5.328827157284916,1,CHEMBL2325040
Cc1cccc(/C=C(/C(=O)N2CCCCC2)c2ccc3ncc(C#N)n3c2)n1,5.305745887974721,1,CHEMBL5878544
Cc1cccc(/C=C(/C(=O)N2CCCCC2)c2ccc3ncc(C(N)=O)n3c2)n1,7.236572006437063,1,CHEMBL5985572
Cc1cccc(/C=C(/C(=O)O)c2ccc3ncc(C(N)=O)n3c2)n1,6.839470185396659,2,CHEMBL6022893
Cc1cccc(/C=C(/C(=O)OC(C)(C)C)c2ccc3ncc(C(N)=O)n3c2)n1,8.18045606445813,1,CHEMBL5923807
Cc1cccc(/C=C(/C(N)=O)c2ccc3ncc(C(N)=O)n3c2)n1,6.484126156288321,1,CHEMBL5948241
Cc1cccc(/C=C/c2ccc3ncc(C(N)=O)n3c2)n1,6.429457060118103,1,CHEMBL5959970
Cc1cccc(/C=C\c2ccc3ncc(-c4nnn[nH]4)n3c2)n1,7.6777807052660805,1,CHEMBL5812829
Cc1cccc(/C=C\c2ccc3ncc(C#N)n3c2)n1,7.6020599913279625,1,CHEMBL5917208
Cc1cccc(/C=C\c2ccc3ncc(C(=O)NC4CC4)n3c2)n1,7.769551078621726,1,CHEMBL5800212
Cc1cccc(/C=C\c2ccc3ncc(C(=O)NCCN4CCOCC4)n3c2)n1,7.356547323513812,1,CHEMBL5819677
Cc1cccc(/C=C\c2ccc3ncc(C(=O)NOC4CCCCO4)n3c2)n1,7.455931955649724,1,CHEMBL6022676
Cc1cccc(/C=C\c2ccc3ncc(C(N)=O)n3c2)n1,7.9604093769761874,2,CHEMBL6064237
Cc1cccc(/C=C\c2ccc3ncc(C(N)=O)nc3c2)n1,7.107905397309519,1,CHEMBL5883694
Cc1cccc(/C=C\c2ccn3ncc(C(N)=O)c3c2)n1,8.292429823902063,1,CHEMBL5984605
Cc1cccc(C2=C(c3ccc4ncc(C(N)=O)n4c3)CCCC2)n1,7.318758762624412,1,CHEMBL5742333
Cc1cccc(CNc2nc(-c3cccc(C)n3)c(-c3ccc4ncnn4c3)s2)c1,7.950781977329818,1,CHEMBL2087968
Cc1cccc(NC(=S)n2cc(-c3ccc4ncnn4c3)c(-c3cccc(C)n3)n2)c1,6.917134554626397,2,CHEMBL1835520
Cc1cccc(NCc2nc(-c3cc4cnccc4s3)c(-c3cccc(C)n3)[nH]2)c1,7.721246399047171,1,CHEMBL4543738
Cc1cccc(NCc2nc(-c3ccc4[nH]ncc4c3)c(-c3cccc(C)n3)[nH]2)c1,8.096910013008056,1,CHEMBL4759911
Cc1cccc(NCc2nc(-c3ccc4c(cnn4C)c3)c(-c3cccc(C)n3)[nH]2)c1,8.0,1,CHEMBL4788508
Cc1cccc(NCc2nc(-c3ccc4ncnn4c3)c(-c3cccc(C)n3)[nH]2)c1,8.045757490560675,1,CHEMBL3260584
Cc1cccc(NCc2nc(-c3ccc4nsnc4c3)c(-c3cccc(C)n3)[nH]2)c1,7.886056647693163,1,CHEMBL4574187
Cc1cccc(NS(=O)(=O)c2c[nH]c3ncccc23)n1,6.060480747381382,1,CHEMBL6188345
Cc1cccc2c(Nc3nc(Nc4cc(CN5CCNCC5)ccc4F)ncc3F)cnnc12,8.0,1,CHEMBL5189156
Cc1cccc2ccc(-c3sc(N)nc3-c3ccccn3)nc12,7.522878745280337,1,CHEMBL565643
Cc1ccccc1-c1cc(-c2c[nH]nc2-c2ccccn2)ccn1,5.400007822415902,1,CHEMBL383433
Cc1ccccc1-c1cc(Nc2ccnc3cc(-c4ccc(S(C)(=O)=O)cc4)ccc23)ccn1,9.187086643357144,1,CHEMBL4874893
Cc1ccccc1-c1cc(Nc2ccnc3cc(-c4cnn(CCN(C)C)c4)ccc23)ccn1,9.494850021680094,1,CHEMBL4852453
Cc1ccccc1-n1cc(N(c2nc(C(N)=O)c(-c3ccc[nH]3)s2)C2CC2)cn1,6.991399828238082,1,CHEMBL5595883
Cc1ccccc1NS(=O)(=O)c1c[nH]c2ncccc12,5.496209316942819,1,CHEMBL6192565
Cc1ccccc1NS(=O)(=O)c1cccc(S(=O)(=O)NCC2CCN(C(=O)OC(C)(C)C)CC2)c1,4.853871964321762,1,CHEMBL3701796
Cc1cccnc1-c1nc(N)sc1-c1ccc2ncccc2n1,8.221848749616356,1,CHEMBL576062
Cc1ccn(-c2ccccc2-c2ccc3ncc(C(N)=O)n3c2)n1,6.4698003017969175,1,CHEMBL5836710
Cc1ccnc(-c2ccccc2-c2ccc3ncc(C(N)=O)n3c2)n1,6.84163750790475,1,CHEMBL6026474
Cc1ccnc(-c2nc(Nc3ccncc3F)c3cccn3n2)c1,5.769551078621726,1,CHEMBL5991561
Cc1ccnc2ccc(-c3sc(N)nc3-c3ccccn3)nc12,7.090228032229065,2,CHEMBL182354
Cc1cnc(-c2cc(Cl)ccc2F)cc1-n1c(=O)n(C)c2cnccc21,7.50003813440381,1,CHEMBL4515962
Cc1cnc(-c2cc(Cl)ccc2F)cc1-n1c(=O)n(CC(N)=O)c2cnccc21,7.599980364934842,7,CHEMBL4564126
Cc1cnc(-c2cc(Cl)ccc2F)cc1Nc1ccnc2cn(CC(N)=O)nc12,7.79997073344623,1,CHEMBL4069101
Cc1cnc(-c2cc(Cl)ccc2F)cc1Nc1ccnc2cn[nH]c12,7.79997073344623,1,CHEMBL4084771
Cc1cnc(-c2cc(Cl)ccc2F)cc1Nc1ccnc2cnn(CC(N)=O)c12,7.899974269892137,1,CHEMBL4072325
Cc1cnc(-c2cc(F)ccc2F)cc1Nc1ccnc2cn(CC(C)O)nc12,7.700057099977233,1,CHEMBL4088735
Cc1cnc(-c2cc(F)ccc2F)cc1Nc1ccnc2cn[nH]c12,9.0,1,CHEMBL4102696
Cc1cnc(-c2cc(F)ccc2F)cc1Nc1ccnc2cnn(CC(C)O)c12,8.500038134403809,1,CHEMBL4085333
Cc1cnc(CNCc2ccn3nc(-c4ccccn4)nc(Nc4ccncc4F)c23)cn1,8.585026652029182,1,CHEMBL5998063
Cc1cncc(-c2ccccc2-c2ccc3ncc(C(N)=O)n3c2)n1,6.492144128304169,1,CHEMBL5888443
Cc1cncc(-c2nc(Nc3ccncc3Cl)c3cccn3n2)n1,7.167491087293763,1,CHEMBL5931984
Cc1cncc(-c2nc(Nc3ccncc3F)c3cccn3n2)n1,7.017728766960431,1,CHEMBL5779499
Cc1cnccc1Nc1nc(-c2ccc(F)c(C)n2)nc2[nH]ccc12,9.0,1,CHEMBL5927698
Cc1cnccc1Nc1nc(-c2cccc(C(F)(F)F)n2)nc2[nH]ccc12,9.060480747381382,1,CHEMBL5949129
Cc1coc(-c2ccccc2-c2ccc3ncc(C(N)=O)n3c2)n1,7.130768280269024,1,CHEMBL5799292
Cc1csc(-c2ccccc2-c2ccc3ncc(C(N)=O)n3c2)n1,7.42021640338319,1,CHEMBL5973745
Cc1csc(-c2nc(-c3ccc(C(N)=O)cc3)[nH]c2-c2ccc3c(c2)OCO3)n1,7.018578659399378,2,CHEMBL1957649
Cc1csc(-c2nc(C(=O)Nc3ccccc3)[nH]c2-c2ccc3c(c2)OCO3)n1,5.769551078621726,1,CHEMBL1957663
Cc1csc(-c2nc(C(=O)O)[nH]c2-c2ccc3c(c2)OCO3)n1,6.721246399047171,1,CHEMBL1957659
Cc1csc(-c2nc(C(C)(C)C)[nH]c2-c2ccc3ncsc3c2)n1,7.510681525807763,2,CHEMBL2207994
Cc1csc(-c2nc(C(C)C)[nH]c2-c2ccc3ncsc3c2)n1,7.702472455120348,2,CHEMBL2207992
Cc1csc(-c2nc(C(F)(F)F)[nH]c2-c2ccc3ncsc3c2)n1,7.773187963204275,2,CHEMBL2207996
Cc1csc(-c2nc(C)[nH]c2-c2ccc3ncsc3c2)n1,8.003061542529395,2,CHEMBL2207989
Cc1csc(-c2nc(C3CC3)[nH]c2-c2ccc3ncsc3c2)n1,7.7011524070372435,2,CHEMBL2207997
Cc1csc(-c2nc(C3CCC(=O)CC3)[nH]c2-c2ccc3ncsc3c2)n1,7.344441078668747,2,CHEMBL2208000
Cc1csc(-c2nc(C3CCCC3)[nH]c2-c2ccc3ncsc3c2)n1,7.72921037802671,2,CHEMBL2207998
Cc1csc(-c2nc(C3CCCCC3)[nH]c2-c2ccc3ncsc3c2)n1,7.522878745280337,2,CHEMBL2207999
Cc1csc(-c2nc(C3CCNCC3)[nH]c2-c2ccc3ncsc3c2)n1,6.619788758288394,1,CHEMBL2208002
Cc1csc(-c2nc(C3CCOCC3)[nH]c2-c2ccc3ncsc3c2)n1,7.341072755334265,2,CHEMBL2208001
Cc1csc(-c2nc(CC(C)C)[nH]c2-c2ccc3ncsc3c2)n1,7.706144517490545,2,CHEMBL2207993
Cc1csc(-c2nc(CCC(=O)O)[nH]c2-c2ccc3c(c2)OCO3)n1,6.275724130399211,1,CHEMBL1957660
Cc1csc(-c2nc(CCCC(=O)O)[nH]c2-c2ccc3c(c2)OCO3)n1,6.886056647693163,1,CHEMBL1957661
Cc1csc(-c2nc(CCCCC(=O)Nc3ccccc3)[nH]c2-c2ccc3c(c2)OCO3)n1,6.425236493122826,2,CHEMBL1955884
Cc1csc(-c2nc(CCCCC(=O)O)[nH]c2-c2ccc3c(c2)OCO3)n1,7.522878745280337,1,CHEMBL1957662
Cc1csc(-c2nc(CCCCC(N)=O)[nH]c2-c2ccc3c(c2)OCO3)n1,6.54764222736066,2,CHEMBL1957668
Cc1csc(-c2nc(CCCCC(N)=O)[nH]c2-c2ccc3ncsc3c2)n1,7.401084153335549,2,CHEMBL2208010
Cc1csc(-c2nc(CCCN)[nH]c2-c2ccc3c(c2)OCO3)n1,6.045757490560675,2,CHEMBL1957654
Cc1csc(-c2nc(CCN)[nH]c2-c2ccc3c(c2)OCO3)n1,5.689411859112482,2,CHEMBL1957653
Cc1csc(-c2nc(CN)[nH]c2-c2ccc3c(c2)OCO3)n1,5.773035203971135,2,CHEMBL1957652
Cc1csc(-c2nc(CN3CCCC3=O)[nH]c2-c2ccc3ncsc3c2)n1,7.235541649861172,2,CHEMBL2208003
Cc1csc(-c2nc(CN3CCOC3=O)[nH]c2-c2ccc3ncsc3c2)n1,7.563863576887897,2,CHEMBL2208017
Cc1csc(-c2nc(CNC(=O)OC(C)C)[nH]c2-c2ccc3ncsc3c2)n1,7.726358846018348,2,CHEMBL2208022
Cc1csc(-c2nc(CNC(=O)OCC(C)(C)C)[nH]c2-c2ccc3ncsc3c2)n1,7.566944980077811,2,CHEMBL2208238
Cc1csc(-c2nc(CNC(=O)OCC(C)C)[nH]c2-c2ccc3ncsc3c2)n1,7.851667404869234,2,CHEMBL2208237
Cc1csc(-c2nc(CNC(=O)c3ccccc3)[nH]c2-c2ccc3c(c2)OCO3)n1,6.495699914119041,2,CHEMBL1957655
Cc1csc(-c2nc(N)[nH]c2-c2ccc3c(c2)OCO3)n1,6.799299729609228,2,CHEMBL1957670
Cc1csc(-c2nc(Nc3ccncc3)c3ccccc3n2)n1,7.082471949139942,2,CHEMBL541777
Cc1csc(-c2nc(Nc3ccncc3)c3cccn3n2)n1,8.823908740944319,1,CHEMBL5883084
Cc1csc(-c2nc(Nc3ccncc3Cl)c3cccn3n2)n1,9.036212172654444,1,CHEMBL5909365
Cc1csc(-c2nc(Nc3ccncc3F)c3cccn3n2)n1,9.096910013008056,1,CHEMBL5896175
Cc1csc(-c2nc[nH]c2-c2ccc3ncsc3c2)n1,8.5654310959658,4,CHEMBL2207988
Cc1csc(-c2ncccc2-c2ccc3ncc(C(N)=O)n3c2)n1,7.6777807052660805,1,CHEMBL6010727
Cc1csc(/C=C\c2ccc3ncc(C(N)=O)n3c2)n1,7.481486060122112,1,CHEMBL5852742
Cc1nc(-c2[nH]c(CNc3cccc(C#N)c3)nc2-c2ccc3ncnn3c2)ccc1F,8.114638779968487,1,CHEMBL3634799
Cc1nc(-c2[nH]c(CNc3cccc(C(N)=O)c3)nc2-c2ccc3ncnn3c2)ccc1F,7.966576244513051,1,CHEMBL3634800
Cc1nc(-c2[nH]c(CNc3ccccc3)nc2-c2ccc3ncnn3c2)ccc1F,8.034798298974088,1,CHEMBL3634711
Cc1nc(-c2[nH]c(CNc3ccccc3F)nc2-c2ccc3ncnn3c2)ccc1F,7.903089986991944,1,CHEMBL3634712
Cc1nc(-c2cc(F)c(F)c(F)c2)c(-c2ccc3ncsc3c2)[nH]1,6.239577516576788,1,CHEMBL5775065
Cc1nc(-c2ccc(F)cc2)c(-c2ccc3[nH]ncc3c2)n1CC(F)F,7.528708288941061,3,CHEMBL5897852
Cc1nc(-c2ccc(F)cc2)c(-c2ccc3ncc(C#N)n3c2)n1CC(F)F,6.600326278518962,2,CHEMBL5911845
Cc1nc(-c2ccc(F)cc2)c(-c2ccc3ncc(C#N)n3n2)n1CC(F)F,6.600326278518962,1,CHEMBL5986613
Cc1nc(-c2ccc(F)cc2)c(-c2ccc3ncc(C(N)=O)n3c2)n1CC(F)F,7.982966660701219,3,CHEMBL5925249
Cc1nc(-c2ccc(F)cc2)c(-c2ccc3nccn3c2)n1CC(F)F,6.764471553092451,3,CHEMBL5741302
Cc1nc(-c2cccc(Cl)c2)c(-c2ccc3cn[nH]c3c2)[nH]1,8.619788758288394,3,CHEMBL6005648
Cc1nc(-c2cccc(Cl)c2)c(-c2ccc3ncccc3c2)[nH]1,9.045757490560675,3,CHEMBL5780723
Cc1nc(-c2ccccc2-c2ccc3ncc(C(N)=O)n3c2)ccc1Cl,6.707743928643524,1,CHEMBL6055100
Cc1nc(-c2ccccc2-c2ccc3ncc(C(N)=O)n3c2)ccc1F,7.7447274948966935,1,CHEMBL5960231
Cc1nc(-c2ccccc2-c2ccc3ncc(C(N)=O)n3c2)cs1,6.714442690992226,1,CHEMBL5887637
Cc1nc(-c2ccn(C)n2)c(-c2ccc3ncsc3c2)[nH]1,8.176525770829699,1,CHEMBL5943463
Cc1nc(-c2nc(-c3ccc(C(N)=O)cc3)[nH]c2-c2ccc3c(c2)OCO3)cs1,6.299644681613384,2,CHEMBL1957651
Cc1nc(-c2nc(-n3ccc4cnccc43)c3cccn3n2)ccc1F,8.886056647693163,1,CHEMBL5990942
Cc1nc(-c2nc(N)[nH]c2-c2ccc3nccnc3c2)ccc1F,7.474955192963154,1,CHEMBL480742
Cc1nc(-c2nc(Nc3cc(Cl)ncc3F)c3cc[nH]c3n2)ccc1F,8.397940008672037,1,CHEMBL5964723
Cc1nc(-c2nc(Nc3ccnc(NC(=O)C4CC4)c3)c3cc[nH]c3n2)ccc1F,8.853871964321762,1,CHEMBL6009545
Cc1nc(-c2nc(Nc3ccnc(NC(=O)C4CC4)c3)c3cccn3n2)ccc1F,8.853871964321762,1,CHEMBL6006740
Cc1nc(-c2nc(Nc3ccncc3)c3cccn3n2)ccc1F,8.721246399047171,1,CHEMBL5960324
Cc1nc(-c2nc(Nc3ccncc3C(=O)NCCCN3CCS(=O)(=O)CC3)c3cccn3n2)ccc1F,8.508638306165727,1,CHEMBL5872331
Cc1nc(-c2nc(Nc3ccncc3C(=O)NCCN3CCCCC3)c3cccn3n2)ccc1F,8.301029995663981,1,CHEMBL6064637
Cc1nc(-c2nc(Nc3ccncc3C(=O)NCCN3CCS(=O)(=O)CC3)c3cccn3n2)ccc1F,7.657577319177793,1,CHEMBL5895453
Cc1nc(-c2nc(Nc3ccncc3Cl)c3cccn3n2)ccc1F,9.086186147616283,1,CHEMBL5897988
Cc1nc(-c2nc(Nc3ccncc3F)c3cc[nH]c3n2)ccc1F,9.221848749616356,1,CHEMBL5777588
Cc1nc(-c2nc(Nc3ccncc3F)c3cccn3n2)ccc1F,8.214670164989233,1,CHEMBL5843328
Cc1nc(-c2ncc(F)cc2-c2ccc3ncc(C(N)=O)n3c2)ccc1F,8.698970004336019,1,CHEMBL5879964
Cc1nc(-c2ncccc2-c2ccc3[nH]ncc3c2)ccc1F,8.698970004336019,1,CHEMBL5979586
Cc1nc(-c2ncccc2-c2ccc3nc(C(N)=O)cn3c2)ccc1F,4.823908740944319,1,CHEMBL5918783
Cc1nc(-c2ncccc2-c2ccc3ncc(C#N)n3c2)ccc1F,8.0,1,CHEMBL5984571
Cc1nc(-c2ncccc2-c2ccc3ncc(C#N)n3n2)ccc1F,7.494850021680094,1,CHEMBL5808396
Cc1nc(-c2ncccc2-c2ccc3ncc(C(N)=O)n3c2)ccc1F,9.0,1,CHEMBL5752852
Cc1nc(-c2ncccc2-c2ccc3ncc(C(N)=O)n3n2)ccc1F,7.769551078621726,1,CHEMBL6013037
Cc1nc(-c2ncccc2-c2ccc3nccnc3c2)ccc1F,7.920818753952375,1,CHEMBL5887439
Cc1nc(-c2ncccc2-c2ccc3ncnc(N)c3c2)ccc1F,8.698970004336019,1,CHEMBL5861661
Cc1nc(-c2ncccc2-c2ccc3ncnc(N)c3n2)ccc1F,8.397940008672037,1,CHEMBL5822513
Cc1nc(-c2ncccc2-c2ccn3ncc(C#N)c3n2)ccc1F,6.616184634019569,1,CHEMBL5915044
Cc1nc(-c2ncccc2-c2ccn3ncc(C(=O)NC4CC4)c3n2)ccc1F,7.443697499232712,1,CHEMBL5773793
Cc1nc(-c2ncccc2-c2ccn3ncc(C(=O)NC4COC4)c3n2)ccc1F,7.619788758288394,1,CHEMBL5762203
Cc1nc(-c2ncccc2-c2ccn3ncc(C(=O)O)c3n2)ccc1F,6.675717544702307,1,CHEMBL5749866
Cc1nc(-c2ncccc2-c2ccn3nccc3n2)ccc1F,8.096910013008056,1,CHEMBL5989846
Cc1nc(-c2nn3c(c2-c2ccc4ncnn4c2/C=C/C(N)=O)CCC3)ccc1Cl,5.310691140876379,1,CHEMBL6190781
Cc1nc(C(F)(F)F)ccc1Oc1ccnc(Nc2ccnc(C(C)(C)O)c2)c1,7.853871964321762,1,CHEMBL6053297
Cc1nc(NS(=O)(=O)c2c[nH]c3ncccc23)ccc1Cl,6.366531544420413,1,CHEMBL6193177
Cc1nc2ccc(NCc3ccn4nc(-c5ccccn5)nc(Nc5ccncc5F)c34)cc2s1,7.522878745280337,1,CHEMBL6025121
Cc1nccc(-c2ccccc2-c2ccc3ncc(C(N)=O)n3c2)n1,6.625251653989896,1,CHEMBL5993159
Cc1nnc(NCc2ccn3nc(-c4ccccn4)nc(Nc4ccncc4F)c23)s1,8.327902142064282,1,CHEMBL5845786
Cc1noc(C)c1-c1nn(C2CC2)cc1Oc1ccnc(Nc2ccnc(C(C)(C)O)c2)c1,5.171597921508407,1,CHEMBL4784607
Cl.c1ccc(-c2n[nH]cc2-c2ccnc(-c3ccc(CN4CCOCC4)cc3)c2)nc1,7.376750709602099,1,CHEMBL1237161
ClCCOc1ccc(-c2cc(-c3c[nH]nc3-c3ccccn3)ccn2)cc1,7.721246399047171,1,CHEMBL204575
ClCCOc1ccc2c(-c3c(-c4ccccn4)nn4c3CCC4)ccnc2c1,7.481486060122112,1,CHEMBL261762
Clc1cc(-c2c(-c3ccccn3)nn3c2CCC3)c2ccccc2n1,4.703334809738469,1,CHEMBL406407
Clc1ccc(-c2cc(-c3c[nH]nc3-c3ccccn3)ccn2)cc1,7.366531544420414,2,CHEMBL204838
Clc1ccc(-c2n[nH]cc2-c2ccnc3ccccc23)nc1,5.75448733218585,3,CHEMBL341534
Clc1ccc2c(-c3c(-c4ccccn4)nn4c3CCC4)ccnc2c1,7.267606240177031,1,CHEMBL121554
Clc1cccc(-c2nc(-n3ccc4cnccc43)c3cccn3n2)n1,8.327902142064282,1,CHEMBL5970732
Clc1cccc(-c2nc(Nc3ccncc3)c3ccccc3n2)c1,6.551219441251208,2,CHEMBL571451
Clc1cnccc1Nc1nc(-c2ccccn2)nn2cccc12,8.795880017344075,1,CHEMBL5923761
Cn1c(-c2ccc3nccnc3c2)c(-c2cccc(Br)c2)c(=O)n1C,6.657577319177793,1,CHEMBL595556
Cn1c(-c2ccc3nccnc3c2)c(-c2cccc(C(F)(F)F)c2)c(=O)n1C,5.958607314841775,1,CHEMBL594867
Cn1c(-c2ccc3nccnc3c2)c(-c2cccc(CC#N)c2)c(=O)n1C,5.356547323513812,1,CHEMBL593710
Cn1c(-c2ccc3nccnc3c2)c(-c2cccc(Cl)c2)c(=O)n1C,5.721246399047171,1,CHEMBL592977
Cn1c(-c2ccc3nccnc3c2)c(-c2cccc(F)c2)c(=O)n1C,6.004364805402449,1,CHEMBL593000
Cn1c(-c2ccc3nccnc3c2)c(-c2ccccn2)c(=O)n1C,5.769551078621726,1,CHEMBL593725
Cn1c(=O)n(-c2cc(-c3cc(Cl)ccc3F)nc3[nH]ccc23)c2ccncc21,8.199970640755865,1,CHEMBL4474551
Cn1c(=O)n(-c2cc(-c3ccc(F)cc3F)nc3[nH]ccc23)c2ccncc21,7.700057099977233,1,CHEMBL4513488
Cn1cc(-c2c[nH]c3ncccc23)c2ccncc21,5.259637310505756,1,CHEMBL5800946
Cn1cc(-c2cc(-c3c(-c4ccc(F)cn4)nc4n3[C@H]3CC[C@@H]4C3)ccn2)cn1,8.0,1,CHEMBL5855458
Cn1cc(-c2cc(-c3c[nH]nc3-c3ccccn3)ccn2)cn1,7.167491087293763,1,CHEMBL1828640
Cn1cc(-c2ccc3c(Nc4ccnc(-c5cc(F)ccc5F)c4)ccnc3c2)cn1,8.209011524911183,1,CHEMBL4850436
Cn1cc(-c2nn(C3CC3)cc2Oc2ccnc(Nc3ccnc(C(C)(C)O)c3)c2)cn1,7.51999305704285,1,CHEMBL4781586
Cn1cc(C#Cc2cc(Nc3cc(Oc4cn(C5CC5)nc4C4CCOCC4)ccn3)ccn2)cn1,6.910094888560602,1,CHEMBL5200397
Cn1cc(N(c2nc(C(N)=O)c(-c3ccc[nH]3)s2)C2CC2)cn1,7.3223930472795065,1,CHEMBL5592048
Cn1ccc(-c2ccccc2-c2ccc3ncc(C(N)=O)n3c2)n1,6.899629454882437,1,CHEMBL5751471
Cn1ccc(-c2nc(-c3ccc(C(N)=O)cc3)[nH]c2-c2ccc3c(c2)OCO3)n1,7.301029995663981,1,CHEMBL5901574
Cn1ccc(-c2nc(-c3ccc(C(N)=O)cc3)[nH]c2-c2ccc3ncsc3c2)n1,8.2518119729938,1,CHEMBL5763028
Cn1ccc(-c2nc(C(N)=O)[nH]c2-c2ccc3ncsc3c2)n1,7.339134521996131,1,CHEMBL5975064
Cn1ccc(-c2nc(CNc3ccc(F)cc3)[nH]c2-c2ccc3ncnn3c2)n1,6.090979145788844,1,CHEMBL5906733
Cn1ccc(-c2nc(CNc3cccc(F)c3)[nH]c2-c2ccc3ncnn3c2)n1,6.450996737974212,1,CHEMBL6065617
Cn1ccc(-c2nc(CNc3ccccc3)[nH]c2-c2ccc3ncnn3c2)n1,5.863279432843593,1,CHEMBL5966961
Cn1ccc(-c2nc(CNc3ccccc3F)[nH]c2-c2ccc3ncnn3c2)n1,5.863279432843593,1,CHEMBL6002337
Cn1ccc(-c2nc[nH]c2-c2ccc3nccnc3c2)n1,7.360513510731414,1,CHEMBL5993929
Cn1ccc(-c2nc[nH]c2-c2ccc3ncsc3c2)n1,8.326979092871104,1,CHEMBL5901330
Cn1ccc2cc(-c3c(-c4ccccn4)nn4c3CCC4)ccc21,4.912573542963715,1,CHEMBL427211
Cn1cnc(-c2ccc(F)c(Cl)c2)c1-c1ccc2ncc(C#N)n2c1,7.761953896871205,3,CHEMBL5898299
Cn1cnc(-c2ccc(F)c(Cl)c2)c1-c1ccc2ncc(C#N)n2n1,8.638272163982407,3,CHEMBL6008218
Cn1cnc(-c2ccc(F)c(Cl)c2)c1-c1ccc2nccn2c1,8.221848749616356,3,CHEMBL5825409
Cn1cnc(-c2ccc(F)c(F)c2)c1-c1ccc2cn[nH]c2c1,7.199282921717614,3,CHEMBL5902638
Cn1cnc(-c2ccc(F)cc2)c1-c1ccc2ncc(C#N)n2n1,8.00436480540245,3,CHEMBL5815475
Cn1cnc(-c2ccc(F)cc2)c1-c1ccc2ncc(C(N)=O)n2n1,8.4089353929735,3,CHEMBL5891449
Cn1cnc2cc(-c3c(-c4ccccn4)nn4c3CCC4)ccc21,5.59327556054458,2,CHEMBL203214
Cn1cnc2ccc(-c3c(-c4ccccn4)nn4c3CCC4)cc21,7.610924374808178,2,CHEMBL204170
Cn1cnc2ccc(Nc3nc(-c4ccccn4)nn4cccc34)cc21,6.619788758288394,1,CHEMBL5948114
Cn1nc(C(C)(C)O)c2cc(Nc3cc(Oc4cn(C5CC5)nc4C4CCOCC4)ccn3)ccc21,8.167491087293763,1,CHEMBL5194314
Cn1nc(C(F)(F)F)cc1Oc1ccnc(Nc2ccnc(C(C)(C)O)c2)c1,7.42021640338319,1,CHEMBL5907068
Cn1nccc1-c1nc(Nc2ccncc2Cl)c2cccn2n1,6.443697499232712,1,CHEMBL6011677
Cn1nccc1-c1nc(Nc2ccncc2F)c2cccn2n1,6.214670164989233,1,CHEMBL6061120
FC(F)(F)c1cc(-c2cc(Nc3cc(Oc4cn(C5CC5)nc4C4CCOCC4)ccn3)ccn2)ccn1,6.886056647693163,1,CHEMBL5204530
FC(F)(F)c1cc(-c2coc3cc(-c4ccc(N5CCNCC5)cc4)cnc23)c2ccccc2n1,5.806875401645538,1,CHEMBL5593369
FC(F)(F)c1cc(Nc2cc(Nc3cc(Oc4cn(C5CC5)nc4C4CCOCC4)ccn3)ccn2)ccn1,7.200659450546418,1,CHEMBL5178134
FC(F)(F)c1ccc(-c2cc(-c3c[nH]nc3-c3ccccn3)ccn2)cc1,7.619788758288394,2,CHEMBL383523
FC(F)(F)c1cccc(-c2cc(-c3c[nH]nc3-c3ccccn3)ccn2)c1,6.619788758288394,2,CHEMBL382466
FC(F)(F)c1cccc(-c2n[nH]cc2-c2ccnc3ccccc23)c1,6.5566559565481874,4,CHEMBL129678
FC(F)(F)c1cccc(-c2nc(-n3ccc4cnccc43)c3cccn3n2)n1,8.42021640338319,1,CHEMBL6064550
FC(F)(F)c1cccc(-c2nc(Nc3ccnc(-c4cc[nH]n4)c3)c3cccn3n2)n1,7.0,1,CHEMBL5958313
FC(F)(F)c1cccc(-c2nc(Nc3ccnc(Cl)c3)c3cccn3n2)n1,5.568636235841012,1,CHEMBL5962103
FC(F)(F)c1cccc(-c2nc(Nc3ccnc4cccnc34)c3cccn3n2)n1,7.698970004336019,1,CHEMBL6011945
FC(F)(F)c1cccc(-c2nc(Nc3ccncc3)c3cccn3n2)n1,8.247696614679022,2,CHEMBL4202469
FC(F)(F)c1cccc(-c2nc(Nc3ccncc3C(F)(F)F)c3cc[nH]c3n2)n1,9.193820026016112,1,CHEMBL5856459
FC(F)(F)c1cccc(-c2nc(Nc3ccncc3Cl)c3cc[nH]c3n2)n1,9.221848749616356,1,CHEMBL5870025
FC(F)(F)c1cccc(-c2nc(Nc3ccncc3Cl)c3cccn3n2)n1,8.721246399047171,1,CHEMBL5929828
FC(F)(F)c1cccc(-c2nc(Nc3ccncc3OCCCN3CCOCC3)c3cccn3n2)n1,6.6777807052660805,1,CHEMBL6033196
FC(F)(F)c1cccc(-c2nc(Nc3ccncn3)c3cccn3n2)n1,7.552841968657781,1,CHEMBL5810479
FC(F)(F)c1cccc(-c2ncccc2-c2ccc3nccnc3c2)n1,7.795880017344075,1,CHEMBL5806302
FC(F)(F)c1cccc(-c2ncccc2-c2ccn3nccc3n2)n1,7.823908740944319,1,CHEMBL5760578
FC(F)(F)c1ccccc1-c1cc(-c2c[nH]nc2-c2ccccn2)ccn1,5.0299787341716335,1,CHEMBL426852
FC(F)c1cccc(-c2nc(-n3ccc4cnccc43)c3cc[nH]c3n2)n1,9.193820026016112,1,CHEMBL6032112
FC(F)c1cccc(-c2nc(-n3ccc4cnccc43)c3cccn3n2)n1,8.537602002101044,1,CHEMBL5746621
FC(F)c1cccc(-c2nc(Nc3ccnc(Cl)n3)c3cc[nH]c3n2)n1,6.795880017344075,1,CHEMBL5847162
FC(F)c1cccc(-c2nc(Nc3ccnc4cccnc34)c3cccn3n2)n1,8.236572006437063,1,CHEMBL5904333
FC(F)c1cccc(-c2nc(Nc3ccncc3Cl)c3cccn3n2)n1,8.958607314841775,1,CHEMBL6039025
FC(F)c1cccc(-c2ncccc2-c2ccc3[nH]nc(C(F)F)c3c2)n1,6.369572124974976,1,CHEMBL6030182
FC(F)c1cccc(-c2ncccc2-c2ccc3[nH]ncc3c2)n1,8.522878745280337,1,CHEMBL5857517
FC(F)c1cnccc1Nc1nc(-c2cccc(C(F)(F)F)n2)nn2cccc12,7.958607314841775,1,CHEMBL5758778
FC1(F)CC(c2nn(C3CC3)cc2Oc2ccnc(Nc3ccnc(N4CCOCC4)c3)c2)C1,7.585026652029182,1,CHEMBL4786439
FC1(F)CN(c2cc(Nc3cc(Oc4cn(C5CC5)nc4C4CCOCC4)ccn3)ccn2)C1,7.823908740944319,1,CHEMBL5190833
FC1(F)CN(c2cc(Nc3cc(Oc4cn(C5CC5)nc4C4CCOCC4)ccn3)ccn2)CC1(F)F,7.443697499232712,1,CHEMBL5169537
FC1(F)Oc2ccc(Nc3cc(Oc4cn(C5CC5)nc4C4CCOCC4)ccn3)cc2O1,6.280668713016274,1,CHEMBL5180257
FCCCn1cnc(-c2ccc(F)c(Cl)c2)c1-c1ccc2nccn2c1,7.665546248849069,3,CHEMBL5755936
FCCn1cnc(-c2ccc(F)c(Cl)c2)c1-c1ccc2nccn2c1,8.481486060122112,3,CHEMBL5892039
Fc1c(Nc2nc(-c3cccc(C(F)F)n3)nn3cccc23)ccnc1Cl,7.055517327849831,1,CHEMBL5901135
Fc1cc(F)c(-c2cc(Nc3ccncc3)c3cc[nH]c3n2)cc1Cl,7.400007822415902,1,CHEMBL4437930
Fc1cc(F)c(-c2ncn(CC(F)F)c2-c2ccc3nccn3c2)cc1Cl,8.657577319177793,3,CHEMBL5980629
Fc1cc(F)cc(NCc2nc(-c3ccn(C4CC4)n3)c(-c3ccc4nccnc4c3)[nH]2)c1,8.920818753952375,1,CHEMBL5980345
Fc1cc(F)cc(NCc2nc(-c3ccn(C4CC4)n3)c(-c3ccc4ncnn4c3)[nH]2)c1,8.522878745280337,1,CHEMBL5997069
Fc1cc(Nc2nc(-c3cccc(C(F)(F)F)n3)nn3cccc23)ccn1,6.6020599913279625,1,CHEMBL5984848
Fc1cc(Nc2nc(-c3ccccn3)nn3cccc23)ccn1,7.161150909262744,1,CHEMBL5981925
Fc1ccc(-c2c(-c3cccc(C(F)(F)F)n3)nn3c2CCC3)cc1,6.057000406633959,1,CHEMBL333798
Fc1ccc(-c2c(-c3ccccn3)nc3n2CCC3)cc1,5.236572006437063,1,CHEMBL6304
Fc1ccc(-c2c(-c3ccccn3)nc3n2CCS3)cc1,5.795880017344075,2,CHEMBL266706
Fc1ccc(-c2c[nH]nc2-c2ccccn2)cc1,5.586700235918748,3,CHEMBL337978
Fc1ccc(-c2cc(-c3c[nH]nc3-c3ccccn3)ccn2)cc1,7.318758762624412,2,CHEMBL381948
Fc1ccc(-c2cc(Nc3ccncc3)c3cc[nH]c3n2)c(F)c1,7.50003813440381,1,CHEMBL4446613
Fc1ccc(-c2cc(Nc3ccncc3)c3cc[nH]c3n2)cc1F,4.200000030616179,1,CHEMBL4526347
Fc1ccc(-c2n[nH]cc2-c2ccnc3ccccc23)nc1,7.040958607678906,4,CHEMBL340203
Fc1ccc(-c2nc(-n3ccc4cnccc43)c3cccn3n2)nc1,7.619788758288394,1,CHEMBL5861560
Fc1ccc(-c2nc(Nc3cc(Cl)ncc3F)c3cccn3n2)nc1,5.522878745280337,1,CHEMBL5829604
Fc1ccc(-c2nc(Nc3ccncc3Cl)c3cccn3n2)nc1,9.229147988357855,1,CHEMBL5816769
Fc1ccc(-c2nc(Nc3ccncc3F)c3cc[nH]c3n2)nc1,9.040958607678906,1,CHEMBL5939522
Fc1ccc(-c2nc(Nc3ccncc3F)c3cccn3n2)nc1,9.102372908709558,1,CHEMBL6048327
Fc1ccc(-c2nc[nH]c2-c2ccc3nccn3c2)cc1F,8.585026652029182,1,CHEMBL5992129
Fc1ccc(-c2ncccc2-c2ccc3[nH]ncc3c2)nc1,7.853871964321762,1,CHEMBL5914023
Fc1ccc(-c2ncccc2-c2ccc3nccn3c2)nc1C(F)F,7.585026652029182,1,CHEMBL5928765
Fc1ccc(-c2ncn(C3(C(F)F)CC3)c2-c2ccc3nccn3n2)cc1,8.795880017344075,3,CHEMBL5790519
Fc1ccc(-c2ncn(C3CC(F)(F)C3)c2-c2ccc3nccn3c2)cc1Cl,7.2636034977233574,3,CHEMBL5785131
Fc1ccc(-c2ncn(CC(F)F)c2-c2ccc3ncc(-c4cnco4)n3n2)cc1,9.045757490560675,3,CHEMBL6021043
Fc1ccc(-c2ncn(CC(F)F)c2-c2ccc3ncc(C(F)F)n3c2)cc1,7.679853713888946,3,CHEMBL5984333
Fc1ccc(-c2ncn(CC(F)F)c2-c2ccc3ncc(C(F)F)n3n2)cc1,9.096910013008056,3,CHEMBL6036630
Fc1ccc(-c2ncn(CC(F)F)c2-c2ccc3ncc(C4CC4)n3c2)cc1,7.411168274405792,3,CHEMBL5825557
Fc1ccc(-c2ncn(CC(F)F)c2-c2ccc3ncc(CNC4CC(F)(F)C4)n3c2)cc1,6.005243055412372,3,CHEMBL5770215
Fc1ccc(-c2ncn(CC(F)F)c2-c2ccc3ncc(CNCC(F)F)n3c2)cc1,6.917214629683549,3,CHEMBL5752818
Fc1ccc(-c2ncn(CC(F)F)c2-c2ccc3ncc(F)n3c2)cc1,7.246416941107094,3,CHEMBL5820489
Fc1ccc(-c2ncn(CC(F)F)c2-c2ccc3ncc(N4CCOCC4)n3c2)cc1,6.424812155072339,3,CHEMBL5831389
Fc1ccc(-c2ncn(CC(F)F)c2-c2ccc3nccn3c2)c(F)c1,8.167491087293763,3,CHEMBL5978735
Fc1ccc(-c2ncn(CC(F)F)c2-c2ccc3nccn3c2)cc1,7.202732459169283,3,CHEMBL5789624
Fc1ccc(-c2ncn(CC(F)F)c2-c2ccc3nccn3c2)cc1Cl,8.00436480540245,3,CHEMBL5749829
Fc1ccc(-c2ncn(CC(F)F)c2-c2ccc3nccn3c2)cc1F,7.382999658879101,3,CHEMBL5960602
Fc1ccc(-c2ncn(CC(F)F)c2-c2ccc3nncn3c2)cc1,6.282329496997738,3,CHEMBL5819100
Fc1ccc(-c2ncn(CC(F)F)c2-c2ccn3ncnc3c2)cc1,7.889410289700751,3,CHEMBL5750548
Fc1ccc(-c2ncn(CCC(F)(F)F)c2-c2ccc3nccn3c2)cc1Cl,7.29413628771608,3,CHEMBL6048589
Fc1ccc(-c2ncn([C@@H]3CCC(F)(F)C3)c2-c2ccc3nccn3c2)cc1Cl,7.521433504406157,3,CHEMBL5988029
Fc1ccc(-c2ncn([C@H]3CCC(F)(F)C3)c2-c2ccc3nccn3c2)cc1Cl,6.642065152999546,3,CHEMBL6004371
Fc1ccc(-c2nn3c(c2-c2ccnc4ccccc24)CCC3)nc1,6.821023052706831,1,CHEMBL325405
Fc1ccc(C2C(c3ccncc3)NC3SCCN32)cc1,4.301029995663981,1,CHEMBL566440
Fc1ccc(Cl)cc1-c1cc(Nc2ccnc3[nH]ccc23)c(C2CC2)cn1,8.214670164989233,3,CHEMBL5897331
Fc1ccc(Cl)cc1-c1cc(Nc2ccnc3cn(CC4CCNCC4)nc23)ccn1,7.0,1,CHEMBL4096361
Fc1ccc(Cl)cc1-c1cc(Nc2ccnc3cn[nH]c23)ccn1,8.199970640755865,1,CHEMBL4073422
Fc1ccc(Cl)cc1-c1cc(Nc2ccnc3cnn(CC4CCNCC4)c23)ccn1,5.59999938302362,1,CHEMBL4100799
Fc1ccc(Cl)cc1-c1cc(Nc2ccncc2)c2cc[nH]c2n1,8.500038134403809,1,CHEMBL4447510
Fc1ccc(Cl)cc1-c1nc(Nc2ccncc2)c2nccnc2n1,7.318758762624412,4,CHEMBL238125
Fc1ccc(Cl)cc1-c1ncn(CC(F)F)c1-c1ccc2nccn2c1,8.537602002101044,3,CHEMBL5997783
Fc1ccc(F)c(-c2cc(Nc3ccnc4cc(-c5ccsc5)ccc34)ccn2)c1,7.960585880823863,1,CHEMBL4845722
Fc1ccc(F)c(-c2cc(Nc3ccnc4cc(-c5cn[nH]c5)ccc34)ccn2)c1,8.255707016877324,1,CHEMBL4857294
Fc1ccc(F)c(-c2cc(Nc3ccnc4ccccc34)ccn2)c1,7.69637202361611,1,CHEMBL4877712
Fc1ccc(F)c(-c2cc(Nc3ccnc4cn[nH]c34)ccn2)c1,8.100015437450608,1,CHEMBL4064820
Fc1cccc(-c2nc(-n3ccc4cnccc43)c3cccn3n2)n1,8.853871964321762,1,CHEMBL5946470
Fc1cccc(-c2nc(Nc3ccncc3)c3cccn3n2)n1,7.853871964321762,1,CHEMBL5783350
Fc1cccc(-c2nc(Nc3ccncc3Cl)c3cccn3n2)n1,9.4089353929735,1,CHEMBL5891826
Fc1cccc(-c2nc(Nc3ccncc3F)c3cccn3n2)n1,9.102372908709558,1,CHEMBL6049475
Fc1cccc(NCc2nc(-c3ccn(C(F)F)n3)c(-c3ccc4nccnc4c3)[nH]2)c1,8.2518119729938,1,CHEMBL6037301
Fc1ccccc1-c1cc(-c2c[nH]nc2-c2ccccn2)ccn1,7.229147988357855,2,CHEMBL205427
Fc1cnccc1Nc1nc(-c2cc(Cl)ccn2)nn2cccc12,6.823908740944319,1,CHEMBL5928539
Fc1cnccc1Nc1nc(-c2ccc(C(F)(F)F)cn2)nn2cccc12,7.154901959985743,1,CHEMBL5867780
Fc1cnccc1Nc1nc(-c2ccc(F)c(C(F)F)n2)nn2cccc12,9.337242168318426,1,CHEMBL5860285
Fc1cnccc1Nc1nc(-c2ccc[nH]2)nn2cccc12,6.721246399047171,1,CHEMBL5803926
Fc1cnccc1Nc1nc(-c2cccc(C(F)(F)F)n2)nc2[nH]ccc12,9.255724641749778,2,CHEMBL4217699
Fc1cnccc1Nc1nc(-c2cccc(C(F)(F)F)n2)nn2ccc(CN3CCC(F)(F)CC3)c12,7.886056647693163,1,CHEMBL6052410
Fc1cnccc1Nc1nc(-c2cccc(C(F)(F)F)n2)nn2cccc12,8.431798275933005,1,CHEMBL5783634
Fc1cnccc1Nc1nc(-c2cccc(C(F)F)n2)nc2[nH]ccc12,9.602059991327963,1,CHEMBL5864462
Fc1cnccc1Nc1nc(-c2cccc(C(F)F)n2)nn2ccc(CN3CCC(F)(F)CC3)c12,8.958607314841775,1,CHEMBL5796727
Fc1cnccc1Nc1nc(-c2cccc(C(F)F)n2)nn2cccc12,9.036212172654444,1,CHEMBL5807124
Fc1cnccc1Nc1nc(-c2cccc(OC(F)(F)F)n2)nn2cccc12,8.522878745280337,1,CHEMBL5864319
Fc1cnccc1Nc1nc(-c2ccccn2)nc2[nH]ccc12,9.585026652029182,1,CHEMBL6011920
Fc1cnccc1Nc1nc(-c2ccccn2)nn2ccc(CN3CCC(F)(F)CC3)c12,8.886056647693163,1,CHEMBL5777102
Fc1cnccc1Nc1nc(-c2ccccn2)nn2ccc(CN3CCN(c4ncccn4)CC3)c12,8.795880017344075,1,CHEMBL6003502
Fc1cnccc1Nc1nc(-c2ccccn2)nn2ccc(CN3CCOCC3)c12,8.920818753952375,1,CHEMBL5942456
Fc1cnccc1Nc1nc(-c2ccccn2)nn2ccc(CNC34CC5CC(CC(C5)C3)C4)c12,7.823908740944319,1,CHEMBL5961971
Fc1cnccc1Nc1nc(-c2ccccn2)nn2ccc(CNC3CCCNC3)c12,8.619788758288394,1,CHEMBL6054812
Fc1cnccc1Nc1nc(-c2ccccn2)nn2ccc(CNC3CCNCC3)c12,8.040958607678906,1,CHEMBL5835752
Fc1cnccc1Nc1nc(-c2ccccn2)nn2ccc(CNC3CNC3)c12,7.886056647693163,1,CHEMBL5949453
Fc1cnccc1Nc1nc(-c2ccccn2)nn2ccc(CNCC(F)(F)F)c12,8.958607314841775,1,CHEMBL5903027
Fc1cnccc1Nc1nc(-c2ccccn2)nn2ccc(CNCC3CCC3)c12,8.920818753952375,1,CHEMBL5976282
Fc1cnccc1Nc1nc(-c2ccccn2)nn2ccc(CNCC3CCCCN3)c12,8.173925197299173,1,CHEMBL5812155
Fc1cnccc1Nc1nc(-c2ccccn2)nn2ccc(CNCC3CCCO3)c12,9.0,1,CHEMBL5858293
Fc1cnccc1Nc1nc(-c2ccccn2)nn2ccc(CNCC3CCNCC3)c12,8.537602002101044,1,CHEMBL5868896
Fc1cnccc1Nc1nc(-c2ccccn2)nn2ccc(CNCC3CNC3)c12,8.0,1,CHEMBL5885332
Fc1cnccc1Nc1nc(-c2ccccn2)nn2ccc(CNCC3CNCCO3)c12,7.638272163982407,1,CHEMBL5807562
Fc1cnccc1Nc1nc(-c2ccccn2)nn2ccc(CNCCC3CCCN3)c12,8.443697499232712,1,CHEMBL5752231
Fc1cnccc1Nc1nc(-c2ccccn2)nn2ccc(CNCCCN3CCOCC3)c12,8.4089353929735,1,CHEMBL5884035
Fc1cnccc1Nc1nc(-c2ccccn2)nn2ccc(CNCCCn3ccnc3)c12,8.795880017344075,1,CHEMBL5985047
Fc1cnccc1Nc1nc(-c2ccccn2)nn2ccc(CNCCN3CCCCC3)c12,8.356547323513812,1,CHEMBL5877733
Fc1cnccc1Nc1nc(-c2ccccn2)nn2ccc(CNCCN3CCNCC3)c12,8.3767507096021,1,CHEMBL5870796
Fc1cnccc1Nc1nc(-c2ccccn2)nn2ccc(CNCCc3ccccn3)c12,8.602059991327963,1,CHEMBL5914159
Fc1cnccc1Nc1nc(-c2ccccn2)nn2ccc(CNCc3ccc4c(c3)OCO4)c12,9.397940008672037,1,CHEMBL5972103
Fc1cnccc1Nc1nc(-c2ccccn2)nn2ccc(CN[C@H]3CCN(Cc4ccccc4)C3)c12,8.920818753952375,1,CHEMBL5928955
Fc1cnccc1Nc1nc(-c2ccccn2)nn2ccc(CNc3cc(-c4ccccc4)[nH]n3)c12,7.568636235841012,1,CHEMBL5771326
Fc1cnccc1Nc1nc(-c2ccccn2)nn2ccc(CNc3ccc(-c4cnco4)cc3)c12,7.1487416512809245,1,CHEMBL5746866
Fc1cnccc1Nc1nc(-c2ccccn2)nn2ccc(CNc3ccc4[nH]nnc4c3)c12,8.275724130399212,1,CHEMBL5851615
Fc1cnccc1Nc1nc(-c2ccccn2)nn2cccc12,8.796729909783021,2,CHEMBL4204772
Fc1cnccc1Nc1nc(-c2ccnc(C(F)(F)F)n2)nn2cccc12,7.823908740944319,1,CHEMBL5900421
Fc1cnccc1Nc1nc(-c2cscn2)nn2cccc12,8.086186147616283,1,CHEMBL5987546
Fc1cnccc1Nc1nc(-c2nc(C(F)(F)F)cs2)nn2cccc12,9.142667503568731,1,CHEMBL5847185
Fc1cnccc1Nc1nc(-c2ncccc2F)nn2cccc12,8.494850021680094,1,CHEMBL5752899
N#CC1(n2cnc(-c3ccc(F)cc3)c2-c2ccc3nccn3n2)CC1,8.698970004336019,3,CHEMBL5953897
N#CC1CN(c2cc(Nc3cc(Oc4cn(C5CC5)nc4C4CCOCC4)ccn3)ccc2F)C1,8.366531544420413,1,CHEMBL5199089
N#CC1CN(c2cc(Nc3cc(Oc4cn(C5CC5)nc4C4CCOCC4)ccn3)ccn2)C1,7.337242168318426,1,CHEMBL5199037
N#CCCC(=O)Nc1cc(Nc2nc(-c3cccc(C(F)(F)F)n3)nn3cccc23)ccn1,9.102372908709558,1,CHEMBL5937166
N#CCCN1C[C@@H]2C[C@]2(c2ccc(-c3cnc(N)c(C(=O)N[C@H]4CC[C@H](O)CC4)c3)cc2)C1,5.853871964321762,1,CHEMBL5835961
N#CCCn1cnc(-c2ccc(F)cc2)c1-c1ccc2ncc(C#N)n2n1,7.721246399047171,3,CHEMBL5829856
N#CCN1CC(n2cnc(-c3ccc(F)cc3)c2-c2ccc3ncc(C#N)n3n2)C1,7.991399828238082,3,CHEMBL6006260
N#CCNC(=O)c1ccc(-c2ccnc(Nc3ccc(N4CCOCC4)cc3)n2)cc1,6.688246138944246,2,CHEMBL1078178
N#CCn1cc(N(c2nc(C(N)=O)c(-c3ccc[nH]3)s2)C2CC2)cn1,5.954677021213342,1,CHEMBL5583783
N#Cc1c(NC(=O)/C=C/c2ccc(O)cc2)sc2c1CCC2,7.060480747381382,1,CHEMBL5219198
N#Cc1cc(-c2ncn(CC(F)F)c2-c2ccc3ncc(C#N)n3n2)ccc1F,8.102372908709558,3,CHEMBL5756680
N#Cc1cc(Nc2nc(-c3cccc(C(F)(F)F)n3)nn3cccc23)ccn1,6.443697499232712,1,CHEMBL5802065
N#Cc1ccc(-c2cc(-c3c[nH]nc3-c3ccccn3)ccn2)cc1,7.455931955649724,2,CHEMBL437118
N#Cc1ccc(-c2nc(-c3ccc4c(c3)OCO4)c(-c3ccccn3)[nH]2)cc1,5.530177984021837,2,CHEMBL269341
N#Cc1ccc(-c2nc(-c3ccn(C(F)F)n3)c(-c3ccc4ncsc4c3)[nH]2)cc1,7.1444808443322,1,CHEMBL5981521
N#Cc1ccc(-c2ncn(CC(F)F)c2-c2ccc3ncc(C#N)n3n2)cc1,6.448550002027124,3,CHEMBL5761830
N#Cc1ccc(Nc2cc(Oc3cc(C(F)(F)F)nn3C3CCOCC3)ccn2)cc1,6.882728704344236,1,CHEMBL5766225
N#Cc1ccc(Nc2cc(Oc3cn(C4CC4)nc3C3CCOCC3)ccn2)cc1N1CC(O)C1,7.886056647693163,1,CHEMBL4635820
N#Cc1ccc(Oc2ccc3c(-c4c(-c5ccccn5)nn5c4CCC5)ccnc3c2)cc1,5.920818753952375,1,CHEMBL258641
N#Cc1cccc(-c2ncn(CC(F)F)c2-c2ccc3ncc(C#N)n3n2)c1,8.67778070526608,3,CHEMBL5853317
N#Cc1cccc(NCc2nc(-c3ccn(C(F)F)n3)c(-c3ccc4nccnc4c3)[nH]2)c1,8.18045606445813,1,CHEMBL5934609
N#Cc1cccc(Nc2cc(Oc3cc(C(F)(F)F)nn3C3CCOCC3)ccn2)c1,6.787812395596042,1,CHEMBL5924221
N#Cc1cnc2ccc(-c3[nH]cnc3-c3ccc(F)cc3)nn12,7.978810700930062,3,CHEMBL5880190
N#Cc1cnc2ccc(-c3c(-c4cc(Cl)c(F)cc4F)ncn3CC(F)F)cn12,8.065501548756432,3,CHEMBL6041415
N#Cc1cnc2ccc(-c3c(-c4cc(Cl)cc(Cl)c4)ncn3CC(F)F)nn12,7.401209493236885,3,CHEMBL5950264
N#Cc1cnc2ccc(-c3c(-c4cc(Cl)ccc4F)ncn3CC(F)F)cn12,8.431798275933005,3,CHEMBL5809689
N#Cc1cnc2ccc(-c3c(-c4ccc(C(F)(F)F)cc4)ncn3CC(F)F)nn12,6.262807357295262,3,CHEMBL5974628
N#Cc1cnc2ccc(-c3c(-c4ccc(F)c(C(F)(F)F)c4)ncn3CC(F)F)nn12,8.05551732784983,3,CHEMBL6001973
N#Cc1cnc2ccc(-c3c(-c4ccc(F)c(Cl)c4)ncn3C34CC(C3)C4)nn12,8.958607314841775,3,CHEMBL5856691
N#Cc1cnc2ccc(-c3c(-c4ccc(F)c(Cl)c4)ncn3C3CC(F)(F)C3)cn12,7.182434630440219,3,CHEMBL5898064
N#Cc1cnc2ccc(-c3c(-c4ccc(F)c(Cl)c4)ncn3C3CC(F)(F)C3)nn12,8.67778070526608,3,CHEMBL6004201
N#Cc1cnc2ccc(-c3c(-c4ccc(F)c(Cl)c4)ncn3C3CC(F)C3)nn12,9.301029995663981,3,CHEMBL6004077
N#Cc1cnc2ccc(-c3c(-c4ccc(F)c(Cl)c4)ncn3C3CC3)nn12,8.886056647693163,3,CHEMBL6035222
N#Cc1cnc2ccc(-c3c(-c4ccc(F)c(Cl)c4)ncn3C3CCC(F)(F)C3)nn12,8.292429823902063,2,CHEMBL6037058
N#Cc1cnc2ccc(-c3c(-c4ccc(F)c(Cl)c4)ncn3C3CCC3)nn12,9.096910013008056,3,CHEMBL5774474
N#Cc1cnc2ccc(-c3c(-c4ccc(F)c(Cl)c4)ncn3C3CCOC3)nn12,8.823908740944319,3,CHEMBL6018523
N#Cc1cnc2ccc(-c3c(-c4ccc(F)c(Cl)c4)ncn3C3CCOCC3)nn12,8.508638306165727,3,CHEMBL5753550
N#Cc1cnc2ccc(-c3c(-c4ccc(F)c(Cl)c4)ncn3C3COC3)cn12,6.853871964321762,3,CHEMBL5826142
N#Cc1cnc2ccc(-c3c(-c4ccc(F)c(Cl)c4)ncn3CC(F)F)cn12,8.0,3,CHEMBL6050559
N#Cc1cnc2ccc(-c3c(-c4ccc(F)c(Cl)c4)ncn3CC(F)F)nn12,9.0,3,CHEMBL5874873
N#Cc1cnc2ccc(-c3c(-c4ccc(F)c(Cl)c4)ncn3CC(O)C(F)(F)F)nn12,8.173925197299173,2,CHEMBL6045959
N#Cc1cnc2ccc(-c3c(-c4ccc(F)c(Cl)c4)ncn3CC3CC3)cn12,7.025028005701931,3,CHEMBL5942424
N#Cc1cnc2ccc(-c3c(-c4ccc(F)c(Cl)c4)ncn3CCC(F)(F)F)nn12,8.585026652029182,2,CHEMBL5891078
N#Cc1cnc2ccc(-c3c(-c4ccc(F)c(Cl)c4)ncn3CCC3CC3)nn12,9.096910013008056,3,CHEMBL5800098
N#Cc1cnc2ccc(-c3c(-c4ccc(F)c(Cl)c4)ncn3CCC3CCC3)nn12,9.221848749616356,3,CHEMBL6053844
N#Cc1cnc2ccc(-c3c(-c4ccc(F)c(Cl)c4)ncn3CCCCl)nn12,8.920818753952375,3,CHEMBL5993757
N#Cc1cnc2ccc(-c3c(-c4ccc(F)c(Cl)c4)ncn3CCCF)cn12,7.634512015109101,3,CHEMBL5984485
N#Cc1cnc2ccc(-c3c(-c4ccc(F)c(Cl)c4)ncn3CCCF)nn12,9.096910013008056,3,CHEMBL5754675
N#Cc1cnc2ccc(-c3c(-c4ccc(F)c(Cl)c4)ncn3CCCO)nn12,9.0,3,CHEMBL5744921
N#Cc1cnc2ccc(-c3c(-c4ccc(F)c(Cl)c4)ncn3CCCl)nn12,9.045757490560675,3,CHEMBL5931009
N#Cc1cnc2ccc(-c3c(-c4ccc(F)c(Cl)c4)ncn3CCF)nn12,9.045757490560675,3,CHEMBL5808017
N#Cc1cnc2ccc(-c3c(-c4ccc(F)c(Cl)c4)ncn3CCN3CCOCC3)cn12,7.114638779968488,3,CHEMBL6002971
N#Cc1cnc2ccc(-c3c(-c4ccc(F)c(Cl)c4)ncn3CCO)cn12,7.935542010773082,3,CHEMBL5845112
N#Cc1cnc2ccc(-c3c(-c4ccc(F)c(Cl)c4)ncn3CCO)nn12,7.784318117920506,8,CHEMBL4514379
N#Cc1cnc2ccc(-c3c(-c4ccc(F)c(Cl)c4)ncn3C[C@@H]3CCCO3)nn12,8.744727494896694,3,CHEMBL5972875
N#Cc1cnc2ccc(-c3c(-c4ccc(F)c(Cl)c4)ncn3[C@@H]3CCC(F)(F)C3)nn12,9.045757490560675,3,CHEMBL5747890
N#Cc1cnc2ccc(-c3c(-c4ccc(F)c(Cl)c4)ncn3[C@H]3CCC(F)(F)C3)nn12,8.292429823902063,1,CHEMBL5974930
N#Cc1cnc2ccc(-c3c(-c4ccc(F)c(Cl)c4)ncn3[C@H]3C[C@@H](O)C3)nn12,9.045757490560675,3,CHEMBL5794977
N#Cc1cnc2ccc(-c3c(-c4ccc(F)c(F)c4)ncn3CC(F)F)cn12,7.135488918941608,3,CHEMBL5762948
N#Cc1cnc2ccc(-c3c(-c4ccc(F)cc4)nc(N)n3CC(F)F)cn12,7.3487219860018556,3,CHEMBL5876818
N#Cc1cnc2ccc(-c3c(-c4ccc(F)cc4)nc4n3CCC4)cn12,7.860120913598763,3,CHEMBL5805543
N#Cc1cnc2ccc(-c3c(-c4ccc(F)cc4)ncn3C(CO)CO)cn12,6.84163750790475,3,CHEMBL6016168
N#Cc1cnc2ccc(-c3c(-c4ccc(F)cc4)ncn3C3(C#N)CC3)nn12,9.522878745280337,3,CHEMBL5938382
N#Cc1cnc2ccc(-c3c(-c4ccc(F)cc4)ncn3C34CC(C3)C4)nn12,8.585026652029182,3,CHEMBL6009463
N#Cc1cnc2ccc(-c3c(-c4ccc(F)cc4)ncn3C3CC(CO)C3)nn12,9.221848749616356,3,CHEMBL5952129
N#Cc1cnc2ccc(-c3c(-c4ccc(F)cc4)ncn3C3CC(F)(F)C3)cn12,6.3788237182249645,3,CHEMBL5940730
N#Cc1cnc2ccc(-c3c(-c4ccc(F)cc4)ncn3C3CC(F)(F)C3)nn12,7.847711655616943,3,CHEMBL5764274
N#Cc1cnc2ccc(-c3c(-c4ccc(F)cc4)ncn3C3CC3)cn12,7.703334809738469,3,CHEMBL5934602
N#Cc1cnc2ccc(-c3c(-c4ccc(F)cc4)ncn3C3CC3)nn12,8.619788758288394,3,CHEMBL5850460
N#Cc1cnc2ccc(-c3c(-c4ccc(F)cc4)ncn3C3CCC(F)(F)C3)nn12,8.259637310505756,3,CHEMBL5981038
N#Cc1cnc2ccc(-c3c(-c4ccc(F)cc4)ncn3C3CCC(F)(F)CC3)nn12,7.747146969020107,3,CHEMBL5845136
N#Cc1cnc2ccc(-c3c(-c4ccc(F)cc4)ncn3C3CCCC3)cn12,7.023650020996726,3,CHEMBL5908906
N#Cc1cnc2ccc(-c3c(-c4ccc(F)cc4)ncn3C3CCCCC3O)nn12,8.455931955649724,3,CHEMBL5951820
N#Cc1cnc2ccc(-c3c(-c4ccc(F)cc4)ncn3C3CN(C(=O)C4CC4)C3)nn12,6.6401645176601125,3,CHEMBL5969318
N#Cc1cnc2ccc(-c3c(-c4ccc(F)cc4)ncn3C3CNC3)nn12,7.064492734175287,3,CHEMBL5887741
N#Cc1cnc2ccc(-c3c(-c4ccc(F)cc4)ncn3C3COC3)cn12,6.245651664288982,3,CHEMBL5988354
N#Cc1cnc2ccc(-c3c(-c4ccc(F)cc4)ncn3C3COC3)nn12,7.769551078621726,3,CHEMBL6051935
N#Cc1cnc2ccc(-c3c(-c4ccc(F)cc4)ncn3CC(F)F)cn12,7.175874166083451,3,CHEMBL6009727
N#Cc1cnc2ccc(-c3c(-c4ccc(F)cc4)ncn3CC(F)F)nn12,8.795880017344075,6,CHEMBL4584495
N#Cc1cnc2ccc(-c3c(-c4ccc(F)cc4)ncn3CC(O)C(F)(F)F)cn12,6.239577516576788,2,CHEMBL6000619
N#Cc1cnc2ccc(-c3c(-c4ccc(F)cc4)ncn3CC3CCC3)cn12,7.168770306132936,3,CHEMBL5760183
N#Cc1cnc2ccc(-c3c(-c4ccc(F)cc4)ncn3CC3CCCO3)nn12,8.721246399047171,3,CHEMBL5805808
N#Cc1cnc2ccc(-c3c(-c4ccc(F)cc4)ncn3CCC(F)(F)F)nn12,8.167491087293763,2,CHEMBL6010455
N#Cc1cnc2ccc(-c3c(-c4ccc(F)cc4)ncn3CCC(F)F)nn12,8.657577319177793,3,CHEMBL5881458
N#Cc1cnc2ccc(-c3c(-c4ccc(F)cc4)ncn3CCCF)cn12,6.917214629683549,3,CHEMBL6033369
N#Cc1cnc2ccc(-c3c(-c4ccc(F)cc4)ncn3CCCF)nn12,8.721246399047171,3,CHEMBL5810432
N#Cc1cnc2ccc(-c3c(-c4ccc(F)cc4)ncn3CCCO)cn12,6.698970004336019,3,CHEMBL5976267
N#Cc1cnc2ccc(-c3c(-c4ccc(F)cc4)ncn3CCCO)nn12,8.698970004336019,3,CHEMBL5876985
N#Cc1cnc2ccc(-c3c(-c4ccc(F)cc4)ncn3CCF)nn12,8.721246399047171,3,CHEMBL5864136
N#Cc1cnc2ccc(-c3c(-c4ccc(F)cc4)ncn3CCO)nn12,8.224824663849192,6,CHEMBL4452178
N#Cc1cnc2ccc(-c3c(-c4ccc(F)cc4)ncn3C[C@@H](O)CO)cn12,6.769551078621726,3,CHEMBL6055597
N#Cc1cnc2ccc(-c3c(-c4ccc(F)cc4)ncn3C[C@H](O)CO)cn12,6.575118363368933,3,CHEMBL5835161
N#Cc1cnc2ccc(-c3c(-c4ccc(F)cc4)ncn3[C@@H](CO)CC(F)(F)F)nn12,9.0,3,CHEMBL5935611
N#Cc1cnc2ccc(-c3c(-c4ccc(F)cc4)ncn3[C@@]34CC5C[C@@H](C[C@@](O)(C5)C3)C4)nn12,5.920818753952375,3,CHEMBL5819976
N#Cc1cnc2ccc(-c3c(-c4ccc(F)cc4)ncn3[C@H](CO)CC(F)(F)F)nn12,8.193820026016112,3,CHEMBL5935209
N#Cc1cnc2ccc(-c3c(-c4ccc(F)cc4)ncn3[C@H]3C[C@@H](O)C3)nn12,8.638272163982407,3,CHEMBL5977030
N#Cc1cnc2ccc(-c3c(-c4ccc(F)cc4C(F)(F)F)ncn3CC(F)F)nn12,7.048662481204082,3,CHEMBL5814720
N#Cc1cnc2ccc(-c3c(-c4ccc(F)cc4F)ncn3CC(F)F)cn12,8.09151498112135,2,CHEMBL5926539
N#Cc1cnc2ccc(-c3c(-c4ccc(N)cc4)ncn3CC(F)F)nn12,6.287350298372789,3,CHEMBL5748492
N#Cc1cnc2ccc(-c3c(-c4ccc(O)cc4)ncn3CC(F)F)nn12,6.866461091629782,3,CHEMBL5907527
N#Cc1cnc2ccc(-c3c(-c4ccc5c(c4)OCO5)ncn3CC(F)F)nn12,7.844663962534938,3,CHEMBL6034332
N#Cc1cnc2ccc(-c3c(-c4cccc(-c5ccccc5)c4)ncn3CC(F)F)nn12,7.192464971931146,3,CHEMBL5847912
N#Cc1cnc2ccc(-c3c(-c4cccc(C(F)(F)F)c4)ncn3CC(F)F)nn12,8.744727494896694,3,CHEMBL5769704
N#Cc1cnc2ccc(-c3c(-c4cccc(C(N)=O)c4)ncn3CC(F)F)nn12,6.061980902523789,3,CHEMBL5795418
N#Cc1cnc2ccc(-c3c(-c4cccc(CO)c4)ncn3CC(F)F)nn12,8.301029995663981,3,CHEMBL5789952
N#Cc1cnc2ccc(-c3c(-c4cccc(N)c4)ncn3CC(F)F)nn12,7.844663962534938,3,CHEMBL5974151
N#Cc1cnc2ccc(-c3c(-c4cccc(O)c4)ncn3CC(F)F)nn12,8.657577319177793,3,CHEMBL5898464
N#Cc1cnc2ccc(-c3c(-c4cccc(OC(F)(F)F)c4)ncn3CC(F)F)nn12,9.0,3,CHEMBL5882413
N#Cc1cnc2ccc(-c3c(-c4ccccc4)ncn3CC(F)F)nn12,8.537602002101044,3,CHEMBL5917759
N#Cc1cnc2ccc(-c3c(-c4ccccc4C(F)(F)F)ncn3CC(F)F)nn12,6.84163750790475,3,CHEMBL5875360
N#Cc1cnc2ccc(-c3c(-c4ccccc4C(N)=O)ncn3CC(F)F)nn12,7.133712660915805,3,CHEMBL5969638
N#Cc1cnc2ccc(-c3c(-c4ccccc4CO)ncn3CC(F)F)nn12,8.154901959985743,3,CHEMBL5918811
N#Cc1cnc2ccc(-c3c(-c4ccccc4O)ncn3CC(F)F)nn12,9.154901959985743,3,CHEMBL5839346
N#Cc1cnc2ccc(-c3cc(F)cnc3-c3cccc(C(F)F)n3)cn12,7.657577319177793,1,CHEMBL5861960
N#Cc1cnc2ccc(-c3cccnc3-c3cc(F)ccn3)cn12,6.684029654543082,1,CHEMBL5926028
N#Cc1cnc2ccc(-c3cccnc3-c3cc(F)ccn3)nn12,6.037157318798758,1,CHEMBL5843236
N#Cc1cnc2ccc(-c3cccnc3-c3ccc(F)c(C(F)F)n3)cn12,6.886056647693163,1,CHEMBL5932184
N#Cc1cnc2ccc(-c3cccnc3-c3ccc(F)cn3)cn12,6.987162775294828,1,CHEMBL5844604
N#Cc1cnc2ccc(-c3cccnc3-c3ccc(F)cn3)nn12,6.2182446253475305,1,CHEMBL6043898
N#Cc1cnc2ccc(-c3cccnc3-c3cccc(C(F)(F)F)n3)cn12,7.958607314841775,1,CHEMBL5843150
N#Cc1cnc2ccc(-c3cccnc3-c3cccc(C(F)F)n3)cn12,8.045757490560675,1,CHEMBL5947612
N#Cc1cnc2ccc(-c3cccnc3-c3cccc(C(F)F)n3)nn12,7.214670164989233,1,CHEMBL5891347
N#Cc1cnc2ccc(-c3cccnc3-c3cccc(C4CC4)n3)cn12,7.721246399047171,1,CHEMBL5783503
N#Cc1cnc2ccc(-c3cccnc3-c3cccc(F)n3)cn12,6.920818753952375,1,CHEMBL5799941
N#Cc1cnc2ccc(-c3cccnc3-c3cccc(F)n3)nn12,6.401209493236885,1,CHEMBL5772042
N#Cc1cnc2ccc(-c3cccnc3-c3cccc(OCc4ccccc4)n3)cn12,5.71556926615548,1,CHEMBL5820979
N#Cc1cnc2ccc(-c3cccnc3-c3ccccn3)cn12,6.987162775294828,1,CHEMBL5962675
N#Cc1cnn2ccc(-c3cccnc3-c3cccc(C(F)(F)F)n3)nc12,6.068542129310995,1,CHEMBL5983325
N=C(NO)c1cnc2ccc(-c3c(-c4ccc(F)cc4)ncn3CC(F)F)nn12,8.958607314841775,3,CHEMBL5967991
NC(=O)C(=O)N[C@@H](CO)C(=O)O,5.127843727251707,1,CHEMBL5269560
NC(=O)CNC(=O)c1cnc2ccc(-c3c(-c4ccc(F)cc4)ncn3CC(F)F)cn12,8.494850021680094,3,CHEMBL5853660
NC(=O)Cn1cc2nccc(Nc3ccnc(-c4cc(Cl)ccc4F)c3)c2n1,7.899974269892137,1,CHEMBL4067488
NC(=O)Cn1cc2nccc(Nc3ccnc(-c4cc(F)ccc4F)c3)c2n1,7.599980364934842,1,CHEMBL4082821
NC(=O)Cn1ncc2nccc(Nc3ccnc(-c4cc(F)ccc4F)c3)c21,7.299988937677888,1,CHEMBL4089166
NC(=O)c1c(-c2ccc3scnc3c2)nn2c1NCCC2,5.500312917381596,1,CHEMBL4558980
NC(=O)c1c(-c2ccc3scnc3c2)nn2c1NCCCC2,5.400116927926312,1,CHEMBL4535795
NC(=O)c1c(-c2ccc3scnc3c2)nn2c1NCCCCC2,5.899629454882437,1,CHEMBL4475766
NC(=O)c1cc(Nc2nc(-c3cccc(C(F)(F)F)n3)nn3cccc23)ccn1,6.050609993355087,1,CHEMBL5809302
NC(=O)c1ccc(-c2cc(-c3c(-c4ccc(F)cn4)nc4n3[C@H]3CC[C@@H]4C3)ccn2)cc1,7.552841968657781,1,CHEMBL5850287
NC(=O)c1ccc(-c2cnc(N)c(C(=O)N[C@H]3CC[C@@H](O)CC3)c2)cc1,5.3872161432802645,1,CHEMBL6024569
NC(=O)c1ccc(-c2nc(-c3ccc4c(c3)OCCO4)c(-c3ccccn3)[nH]2)cc1,6.301029995663981,1,CHEMBL410456
NC(=O)c1ccc(-c2nc(-c3ccccn3)c(-c3ccc4c(c3)OCO4)[nH]2)cc1,6.96657624451305,22,CHEMBL440084
NC(=O)c1ccc(-c2nc(-c3ccn(C(F)F)n3)c(-c3ccc4ncsc4c3)[nH]2)cc1,8.122053048370812,1,CHEMBL5889859
NC(=O)c1ccc(-c2nc(-c3nc(Br)cs3)c(-c3ccc4c(c3)OCO4)[nH]2)cc1,6.488785814407256,2,CHEMBL1957623
NC(=O)c1ccc(-c2nc(-c3nccs3)c(-c3ccc4c(c3)OCO4)[nH]2)cc1,5.763621775341393,2,CHEMBL1957648
NC(=O)c1ccc(C2=NC(c3ccc4c(c3)OCO4)C(c3ccccn3)N2)cc1,6.96657624451305,1,CHEMBL5907443
NC(=O)c1ccc(Oc2ccc3c(-c4c(-c5ccccn5)nn5c4CCC5)ccnc3c2)cc1,5.958607314841775,1,CHEMBL260729
NC(=O)c1ccc2c(c1)NC(=O)/C2=C(\Nc1ccc(CN2CCCCC2)cc1)c1ccccc1,6.432973633840939,1,CHEMBL497949
NC(=O)c1cccc(-c2nc(Nc3ccncc3F)c3cccn3n2)n1,7.187086643357144,1,CHEMBL5932663
NC(=O)c1ccnc2ccc(-c3c(-c4ccc(F)cn4)nc4n3[C@H]3CC[C@@H]4C3)cc12,7.585026652029182,1,CHEMBL5989982
NC(=O)c1ccnc2ccc(-c3c(-c4ccccn4)nc4n3[C@H]3CC[C@@H]4C3)cc12,7.537602002101044,1,CHEMBL6063463
NC(=O)c1cn2cc(-c3cccnc3-c3cccc(C(F)(F)F)n3)ccc2n1,4.823908740944319,1,CHEMBL5989013
NC(=O)c1cnc2ccc(-c3c(-c4cc(Cl)c(F)cc4F)ncn3CC(F)F)cn12,9.0,3,CHEMBL5929274
NC(=O)c1cnc2ccc(-c3c(-c4cc(Cl)ccc4F)ncn3CC(F)F)cn12,8.958607314841775,3,CHEMBL6011824
NC(=O)c1cnc2ccc(-c3c(-c4ccc(F)c(Cl)c4)ncn3C(CO)CO)cn12,8.744727494896694,3,CHEMBL5867046
NC(=O)c1cnc2ccc(-c3c(-c4ccc(F)c(Cl)c4)ncn3C3CC(F)(F)C3)cn12,8.958607314841775,3,CHEMBL6015101
NC(=O)c1cnc2ccc(-c3c(-c4ccc(F)c(Cl)c4)ncn3C3CC(F)(F)C3)nn12,8.853871964321762,3,CHEMBL5792086
NC(=O)c1cnc2ccc(-c3c(-c4ccc(F)c(Cl)c4)ncn3C3CC(F)C3)nn12,9.096910013008056,3,CHEMBL5745657
NC(=O)c1cnc2ccc(-c3c(-c4ccc(F)c(Cl)c4)ncn3C3CC(O)C3)nn12,8.55284196865778,2,CHEMBL5817519
NC(=O)c1cnc2ccc(-c3c(-c4ccc(F)c(Cl)c4)ncn3C3CCOC3)nn12,8.769551078621726,4,CHEMBL5918296
NC(=O)c1cnc2ccc(-c3c(-c4ccc(F)c(Cl)c4)ncn3C3CCOCC3)nn12,8.387216143280265,3,CHEMBL6046423
NC(=O)c1cnc2ccc(-c3c(-c4ccc(F)c(Cl)c4)ncn3CC(F)F)cn12,9.221848749616356,3,CHEMBL6013010
NC(=O)c1cnc2ccc(-c3c(-c4ccc(F)c(Cl)c4)ncn3CC(F)F)nn12,9.045757490560675,3,CHEMBL5816889
NC(=O)c1cnc2ccc(-c3c(-c4ccc(F)c(Cl)c4)ncn3CCC(F)(F)F)nn12,8.337242168318426,2,CHEMBL5865592
NC(=O)c1cnc2ccc(-c3c(-c4ccc(F)c(Cl)c4)ncn3CCC3CCC3)nn12,8.920818753952375,3,CHEMBL5813890
NC(=O)c1cnc2ccc(-c3c(-c4ccc(F)c(Cl)c4)ncn3CCCCl)nn12,8.769551078621726,3,CHEMBL5916175
NC(=O)c1cnc2ccc(-c3c(-c4ccc(F)c(Cl)c4)ncn3CCCO)nn12,8.795880017344075,3,CHEMBL6040546
NC(=O)c1cnc2ccc(-c3c(-c4ccc(F)c(Cl)c4)ncn3CCF)nn12,8.886056647693163,3,CHEMBL5813754
NC(=O)c1cnc2ccc(-c3c(-c4ccc(F)c(Cl)c4)ncn3CCN3CCCC3)nn12,8.040958607678906,3,CHEMBL5987763
NC(=O)c1cnc2ccc(-c3c(-c4ccc(F)c(Cl)c4)ncn3CCN3CCOCC3)cn12,8.187086643357144,3,CHEMBL6007664
NC(=O)c1cnc2ccc(-c3c(-c4ccc(F)c(Cl)c4)ncn3CCO)nn12,9.154901959985743,3,CHEMBL5841820
NC(=O)c1cnc2ccc(-c3c(-c4ccc(F)c(Cl)c4)ncn3C[C@@H]3CCCO3)nn12,8.657577319177793,3,CHEMBL5997800
NC(=O)c1cnc2ccc(-c3c(-c4ccc(F)c(Cl)c4)ncn3[C@H]3C[C@@H](O)C3)nn12,8.55284196865778,1,CHEMBL5920286
NC(=O)c1cnc2ccc(-c3c(-c4ccc(F)c(F)c4)ncn3CC(F)F)cn12,8.744727494896694,3,CHEMBL6016197
NC(=O)c1cnc2ccc(-c3c(-c4ccc(F)cc4)nc4n3CCC4)cn12,9.045757490560675,3,CHEMBL5742923
NC(=O)c1cnc2ccc(-c3c(-c4ccc(F)cc4)nc4n3CCN(CC(F)F)C4)cn12,7.565431095965801,3,CHEMBL5913732
NC(=O)c1cnc2ccc(-c3c(-c4ccc(F)cc4)nc4n3CCNC4)cn12,7.665546248849069,3,CHEMBL5978358
NC(=O)c1cnc2ccc(-c3c(-c4ccc(F)cc4)ncn3C(CO)CO)cn12,8.075720713938118,3,CHEMBL5780045
NC(=O)c1cnc2ccc(-c3c(-c4ccc(F)cc4)ncn3C(CO)CO)nn12,8.292429823902063,3,CHEMBL5796815
NC(=O)c1cnc2ccc(-c3c(-c4ccc(F)cc4)ncn3C34CC(C3)C4)nn12,7.906578314837764,3,CHEMBL5835944
NC(=O)c1cnc2ccc(-c3c(-c4ccc(F)cc4)ncn3C3CC(F)(F)C3)cn12,8.431798275933005,3,CHEMBL5819913
NC(=O)c1cnc2ccc(-c3c(-c4ccc(F)cc4)ncn3C3CC(F)(F)C3)nn12,8.214670164989233,4,CHEMBL5831894
NC(=O)c1cnc2ccc(-c3c(-c4ccc(F)cc4)ncn3C3CC(F)C3)nn12,8.309803919971486,3,CHEMBL6040633
NC(=O)c1cnc2ccc(-c3c(-c4ccc(F)cc4)ncn3C3CC3)nn12,8.602059991327963,3,CHEMBL5812151
NC(=O)c1cnc2ccc(-c3c(-c4ccc(F)cc4)ncn3C3CCC(F)(F)C3)nn12,8.67778070526608,3,CHEMBL5757232
NC(=O)c1cnc2ccc(-c3c(-c4ccc(F)cc4)ncn3C3CCC(F)(F)CC3)nn12,7.688246138944246,3,CHEMBL6031318
NC(=O)c1cnc2ccc(-c3c(-c4ccc(F)cc4)ncn3C3CCC3)cn12,9.301029995663981,3,CHEMBL5804130
NC(=O)c1cnc2ccc(-c3c(-c4ccc(F)cc4)ncn3C3CCCC3)cn12,9.096910013008056,3,CHEMBL5944250
NC(=O)c1cnc2ccc(-c3c(-c4ccc(F)cc4)ncn3C3CNC3)nn12,7.342944147142896,3,CHEMBL5822461
NC(=O)c1cnc2ccc(-c3c(-c4ccc(F)cc4)ncn3C3COC3)cn12,8.18045606445813,3,CHEMBL5853258
NC(=O)c1cnc2ccc(-c3c(-c4ccc(F)cc4)ncn3C3COC3)nn12,8.130768280269024,3,CHEMBL5866622
NC(=O)c1cnc2ccc(-c3c(-c4ccc(F)cc4)ncn3CC(F)F)cn12,8.769551078621726,3,CHEMBL5933515
NC(=O)c1cnc2ccc(-c3c(-c4ccc(F)cc4)ncn3CC(F)F)nn12,6.376750709602099,3,CHEMBL4440988
NC(=O)c1cnc2ccc(-c3c(-c4ccc(F)cc4)ncn3CC(O)C(F)(F)F)cn12,7.671620396561262,3,CHEMBL6049107
NC(=O)c1cnc2ccc(-c3c(-c4ccc(F)cc4)ncn3CC3CCC3)cn12,9.096910013008056,3,CHEMBL5798985
NC(=O)c1cnc2ccc(-c3c(-c4ccc(F)cc4)ncn3CCC(F)(F)F)nn12,8.721246399047171,2,CHEMBL5897875
NC(=O)c1cnc2ccc(-c3c(-c4ccc(F)cc4)ncn3CCCF)cn12,8.721246399047171,2,CHEMBL5968119
NC(=O)c1cnc2ccc(-c3c(-c4ccc(F)cc4)ncn3CCCO)cn12,8.309803919971486,4,CHEMBL5883574
NC(=O)c1cnc2ccc(-c3c(-c4ccc(F)cc4)ncn3CCCO)nn12,8.327902142064282,3,CHEMBL5975003
NC(=O)c1cnc2ccc(-c3c(-c4ccc(F)cc4)ncn3CCF)nn12,9.096910013008056,2,CHEMBL5790562
NC(=O)c1cnc2ccc(-c3c(-c4ccc(F)cc4)ncn3CCO)nn12,8.508638306165727,3,CHEMBL5887565
NC(=O)c1cnc2ccc(-c3c(-c4ccc(F)cc4)ncn3C[C@@H](O)CO)cn12,8.244125144327509,3,CHEMBL5860890
NC(=O)c1cnc2ccc(-c3c(-c4ccc(F)cc4)ncn3C[C@H](O)CO)cn12,8.173925197299173,3,CHEMBL5740867
NC(=O)c1cnc2ccc(-c3c(-c4ccc(F)cc4)ncn3[C@H]3C[C@@H](O)C3)nn12,8.3767507096021,3,CHEMBL5910450
NC(=O)c1cnc2ccc(-c3c(-c4ccc(F)cc4F)ncn3CC(F)F)cn12,9.0,3,CHEMBL6011685
NC(=O)c1cnc2ccc(-c3cc(F)cnc3-c3cccc(C(F)F)n3)cn12,9.0,1,CHEMBL5844825
NC(=O)c1cnc2ccc(-c3ccccc3-c3cccc(C(F)(F)F)n3)cn12,7.823908740944319,1,CHEMBL5888848
NC(=O)c1cnc2ccc(-c3ccccc3-c3ccccn3)cn12,7.070581074285707,1,CHEMBL5843456
NC(=O)c1cnc2ccc(-c3cccnc3-c3cc(F)ccn3)cn12,8.301029995663981,1,CHEMBL5871399
NC(=O)c1cnc2ccc(-c3cccnc3-c3cc(F)ccn3)nn12,6.79317412396815,1,CHEMBL5933366
NC(=O)c1cnc2ccc(-c3cccnc3-c3ccc(C(=O)O)cn3)cn12,4.843208631996071,1,CHEMBL5775022
NC(=O)c1cnc2ccc(-c3cccnc3-c3ccc(F)cn3)cn12,8.301029995663981,1,CHEMBL5762553
NC(=O)c1cnc2ccc(-c3cccnc3-c3ccc(F)cn3)nn12,6.5951662833800615,1,CHEMBL5773978
NC(=O)c1cnc2ccc(-c3cccnc3-c3cccc(C(F)(F)F)n3)cn12,9.0,1,CHEMBL6064102
NC(=O)c1cnc2ccc(-c3cccnc3-c3cccc(C(F)F)n3)cn12,9.0,1,CHEMBL5896155
NC(=O)c1cnc2ccc(-c3cccnc3-c3cccc(C(F)F)n3)nn12,7.522878745280337,1,CHEMBL6058613
NC(=O)c1cnc2ccc(-c3cccnc3-c3cccc(C4CC4)n3)cn12,9.0,1,CHEMBL6030349
NC(=O)c1cnc2ccc(-c3cccnc3-c3cccc(Cl)n3)cn12,9.397940008672037,1,CHEMBL6060062
NC(=O)c1cnc2ccc(-c3cccnc3-c3cccc(F)n3)cn12,8.397940008672037,1,CHEMBL5775120
NC(=O)c1cnc2ccc(-c3cccnc3-c3ccccn3)cn12,8.221848749616356,1,CHEMBL5818362
NC(=O)c1cnc2ccc(/C=C\c3cccc(C(F)(F)F)n3)cn12,8.0,1,CHEMBL5857582
NC(=O)c1cnccc1Nc1nc(-c2ccc(F)c(C(F)F)n2)nn2cccc12,8.853871964321762,1,CHEMBL6047427
NC(=O)c1cnccc1Nc1nc(-c2cccc(C(F)F)n2)nn2cccc12,8.795880017344075,1,CHEMBL5867854
NC(=O)c1cnccc1Nc1nc(-c2ccccn2)nn2cccc12,9.119186407719209,1,CHEMBL5952803
NC(=O)c1nc(N(c2cn[nH]c2)C2CC2)sc1-c1cc(C(=O)C2CC2)c[nH]1,7.764471553092451,1,CHEMBL5589799
NC(=O)c1nc(N(c2cn[nH]c2)C2CC2)sc1-c1cc(C(=O)c2ccccc2)c[nH]1,7.033389013318065,1,CHEMBL5584140
NC(=O)c1nc(N(c2cn[nH]c2)C2CC2)sc1-c1ccc[nH]1,7.492823749674495,2,CHEMBL5595734
NC(=O)c1nc(N(c2cnn(-c3ccc(F)cc3)c2)C2CC2)sc1-c1ccc[nH]1,7.1938200260161125,1,CHEMBL5590786
NC(=O)c1nc(N(c2cnn(-c3cccc(F)c3)c2)C2CC2)sc1-c1ccc[nH]1,7.202040356262804,1,CHEMBL5583978
NC(=O)c1nc(N(c2cnn(-c3ccccc3)c2)C2CC2)sc1-c1ccc[nH]1,7.234331445240986,1,CHEMBL5592076
NC(=O)c1nc(N(c2cnn(-c3ccccc3F)c2)C2CC2)sc1-c1ccc[nH]1,7.394694953858891,1,CHEMBL5591092
NC(=O)c1nc(N(c2cnn(-c3ccccn3)c2)C2CC2)sc1-c1ccc[nH]1,7.421360790031928,1,CHEMBL5592764
NC(=O)c1nc(N(c2cnn(-c3cccnc3)c2)C2CC2)sc1-c1ccc[nH]1,6.790484985457369,1,CHEMBL5595316
NC(=O)c1nc(N(c2cnn(-c3ccncc3)c2)C2CC2)sc1-c1ccc[nH]1,7.447331783887806,1,CHEMBL5589967
NC(=O)c1nc(N(c2cnn(-c3ccncc3F)c2)C2CC2)sc1-c1cc(C(=O)N2CCCC2)c[nH]1,8.229147988357855,1,CHEMBL6172073
NC(=O)c1nc(N(c2cnn(-c3ccncc3F)c2)C2CC2)sc1-c1cc(C(=O)N2CCOCC2)c[nH]1,8.568636235841012,1,CHEMBL6168217
NC(=O)c1nc(N(c2cnn(-c3ccncc3F)c2)C2CC2)sc1-c1ccc[nH]1,7.835647144215563,1,CHEMBL5593625
NC(=O)c1nc(N(c2cnn(-c3ccncn3)c2)C2CC2)sc1-c1ccc[nH]1,6.823908740944319,1,CHEMBL5590150
NC(=O)c1nc(N(c2cnn(-c3ncccn3)c2)C2CC2)sc1-c1ccc[nH]1,7.45717457304082,1,CHEMBL5583950
NC(=O)c1nc(N(c2cnn(C3CC3)c2)C2CC2)sc1-c1ccc[nH]1,6.531652669587842,1,CHEMBL5590237
NC(=O)c1nc(N(c2cnn(CCO)c2)C2CC2)sc1-c1cc(C(=O)N2CCOCC2)c[nH]1,7.270025714300444,1,CHEMBL6165210
NC(=O)c1nnc2cc(-c3c(-c4ccccn4)nc4n3[C@H]3CC[C@@H]4C3)ccn12,7.4089353929735005,1,CHEMBL6001362
NC(=O)c1nnc2ccc(-c3c(-c4ccc(F)cn4)nc4n3C3CCC4C3)cn12,7.366531544420414,1,CHEMBL5833584
NC(=O)c1nnc2ccc(-c3c(-c4ccc(F)cn4)nc4n3[C@@H]3CC[C@H]4C3)cn12,7.886056647693163,1,CHEMBL5887837
NC(=O)c1nnc2ccc(-c3c(-c4ccc(F)cn4)nc4n3[C@H]3CC[C@@H]4C3)cn12,7.886056647693163,1,CHEMBL5905863
NCCCNCc1ccn2nc(-c3ccccn3)nc(Nc3ccncc3F)c12,8.537602002101044,1,CHEMBL6006451
NCc1cnc2ccc(-c3c(-c4ccc(F)cc4)ncn3CC(F)F)nn12,7.696803942579511,3,CHEMBL5919600
NNC(=O)c1cnc2ccc(-c3c(-c4ccc(F)cc4)ncn3CC(F)F)nn12,8.744727494896694,3,CHEMBL6010613
NS(=O)(=O)c1cc(Nc2cc(Oc3cn(C4CC4)nc3C3CCOCC3)ccn2)ccc1F,7.225547447355707,2,CHEMBL4646566
NS(=O)(=O)c1ccc(Nc2cc(Oc3cc(C(F)(F)F)nn3C3CCOCC3)ccn2)cc1,7.552841968657781,1,CHEMBL6002889
NS(=O)(=O)c1ccc(Nc2cc(Oc3cc(C4CC4)nn3C3CC3)ccn2)cc1,7.356547323513812,1,CHEMBL5976710
NS(=O)(=O)c1ccc(Nc2cc(Oc3cc(C4CC4)nn3C3CCOCC3)ccn2)cc1,7.431798275933005,1,CHEMBL5922657
NS(=O)(=O)c1ccc(Nc2cc(Oc3cn(C4CC4)nc3C3CCOCC3)ccn2)cc1,7.853871964321762,1,CHEMBL5754882
NS(=O)(=O)c1cccc(Nc2cc(Oc3cn(C4CC4)nc3C3CCOCC3)ccn2)c1,7.408212772536411,2,CHEMBL4644348
N[C@@H]1CCN(Cc2ccn3nc(-c4ccccn4)nc(Nc4ccncc4F)c23)C[C@H]1O,8.576213670428944,2,CHEMBL4217935
N[C@H]1CCN(Cc2ccn3nc(-c4ccccn4)nc(Nc4ccncc4F)c23)C[C@@H]1O,8.473268697537272,2,CHEMBL4206220
N[C@H]1CC[C@@H](NCc2ccn3nc(-c4ccccn4)nc(Nc4ccncc4F)c23)CC1,8.366531544420413,1,CHEMBL4214470
N[C@H]1CC[C@H](NCc2ccn3nc(-c4ccccn4)nc(Nc4ccncc4F)c23)CC1,8.537602002101044,1,CHEMBL6054551
Nc1cc(Nc2cnnc(-c3cc(Cl)ccc3F)c2)ccn1,6.050000457140078,1,CHEMBL6162463
Nc1ccc2c(-c3c(-c4ccccn4)nn4c3CCC4)ccnc2c1,7.229147988357855,1,CHEMBL585700
Nc1cccc(-c2nc(Nc3ccncc3F)c3cccn3n2)n1,8.795880017344075,1,CHEMBL5953216
Nc1cnc2ccc(-c3c(-c4ccc(F)cc4)ncn3CC(F)F)cn12,8.920818753952375,3,CHEMBL5970721
Nc1nc(-c2cc(Cl)ccn2)c(-c2ccnc3ccccc23)s1,5.9907620972629605,2,CHEMBL182678
Nc1nc(-c2ccc(Cl)cn2)c(-c2ccnc3ccccc23)s1,5.752026733638193,1,CHEMBL447486
Nc1nc(-c2ccc(F)cc2)c(-c2ccc3ncccc3n2)s1,7.740743030061056,4,CHEMBL361237
Nc1nc(-c2ccc(F)cc2)c(-c2ccc3nccn3c2)n1CC(F)F,6.962573502059376,3,CHEMBL6064029
Nc1nc(-c2cccc(Cl)c2)c(-c2ccc3ncccc3n2)s1,8.0,5,CHEMBL365663
Nc1nc(-c2cccc(Cl)n2)c(-c2ccnc3ccccc23)s1,5.750068243365805,1,CHEMBL582791
Nc1nc(-c2ccccc2)cc(-c2ccc3c(N)n[nH]c3c2)n1,5.499999678657065,1,CHEMBL1765758
Nc1nc(-c2ccccc2F)c(-c2ccnc3ccccc23)s1,5.899974269892137,3,CHEMBL184746
Nc1nc(-c2ccccn2)c(-c2ccc3ccccc3n2)s1,5.450996737974212,1,CHEMBL186966
Nc1nc(-c2ccccn2)c(-c2ccc3ncccc3n2)s1,7.548455006504028,4,CHEMBL181361
Nc1nc(-c2ccccn2)c(-c2cccc3ccccc23)s1,4.960090404919054,2,CHEMBL365918
Nc1nc(-c2ccccn2)c(-c2ccnc3ccccc23)s1,6.376750709602099,3,CHEMBL181640
Nc1nc(-c2ccccn2)c(-c2ccnc3ncccc23)s1,5.100179497572904,1,CHEMBL181958
Nc1nc(-c2cccnc2)c(-c2ccnc3ccccc23)s1,5.400062375171107,2,CHEMBL359724
Nc1nc(-c2nccs2)c(-c2ccnc3ccccc23)s1,5.9299621333922445,3,CHEMBL362710
Nc1nc(NC2CCCC2)cc(-c2ccc3c(N)n[nH]c3c2)n1,6.399996913372259,1,CHEMBL1765762
Nc1nc(Nc2ccccc2)cc(-c2ccc3c(N)n[nH]c3c2)n1,7.599980364934842,1,CHEMBL1765876
Nc1ncc(-c2ccc(C(=O)N3CCOCC3)cc2)cc1C(=O)NC1CCCCC1,5.2839966563652006,1,CHEMBL6016398
Nc1ncc(-c2ccc(C3CCNC3)cc2)cc1C(=O)N[C@H]1CC[C@H](O)CC1,5.568636235841012,1,CHEMBL5949341
Nc1ncc(-c2ccc(CN3CC4(CCC4)C3)cc2)cc1C(=O)N[C@H]1CC[C@H](O)CC1,5.568636235841012,1,CHEMBL5756803
Nc1ncc(-c2ccc(CN3CCC(N4CCOCC4)CC3)cc2Cl)nc1C(=O)NC12CCC(O)(CC1)CC2,5.657577319177793,1,CHEMBL5193039
Nc1ncc(-c2ccc(N3CCCCC3)cc2)cc1C(=O)NC1CCCCC1,5.142667503568731,1,CHEMBL5863377
Nc1ncc(-c2ccc(N3CCNCC3)cc2)cc1-c1ccc2c(c1)OCCO2,4.622062572163754,2,CHEMBL3341949
Nc1ncc(-c2ccc(N3CCNCC3)cc2)cc1-c1cccc2ncccc12,4.231392780727935,2,CHEMBL3341793
Nc1ncc(-c2ccc(N3CCNCC3)cc2)cc1-c1ccnc2ccccc12,5.022156124843247,2,CHEMBL3341791
Nc1ncc(-c2ccc(N3CCNCC3)cc2F)cc1C(=O)N[C@H]1CC[C@H](O)CC1,5.3979400086720375,1,CHEMBL6063415
Nc1ncc(-c2ccc(N3CCOCC3)cc2)cc1C(=O)NC1CCCCC1,5.468521082957745,1,CHEMBL5928557
Nc1ncc(-c2ccc(OCCCN3CCCCC3)cc2)cc1C(=O)NC1CCCCC1,5.455931955649724,1,CHEMBL5949770
Nc1ncc(-c2ccc(OCCCN3CCOCC3)cc2)cc1C(=O)NC1CCCCC1,5.065501548756432,1,CHEMBL5911437
Nc1ncc(-c2ccc([C@@]34C[C@@H]3CN(C(CF)CF)C4)cc2)cc1C(=O)N[C@H]1CC[C@H](O)CC1,5.0,1,CHEMBL5886877
Nc1ncc(-c2ccc([C@@]34C[C@@H]3CN(C3CCC(F)(F)CC3)C4)cc2)cc1C(=O)NC12CCC(O)(CC1)CC2,5.180456064458131,1,CHEMBL5904217
Nc1ncc(-c2ccc([C@@]34C[C@@H]3CN(C3CCC(F)(F)CC3)C4)cc2)cc1C(=O)N[C@H]1CC[C@H](O)CC1,5.853871964321762,1,CHEMBL6054864
Nc1ncc(-c2ccc([C@@]34C[C@@H]3CN(C3CCN(CC(F)(F)F)CC3)C4)cc2)cc1C(=O)N[C@H]1CC[C@H](O)CC1,5.795880017344075,1,CHEMBL5908259
Nc1ncc(-c2ccc([C@@]34C[C@@H]3CN(C3CCOCC3)C4)cc2)cc1C(=O)NC12CC(CO)(C1)C2,5.3979400086720375,1,CHEMBL5839758
Nc1ncc(-c2ccc([C@@]34C[C@@H]3CN(C3CCOCC3)C4)cc2)cc1C(=O)NC12CCC(O)(CC1)CC2,5.202040356262804,1,CHEMBL5314579
Nc1ncc(-c2ccc([C@@]34C[C@@H]3CN(C3CCOCC3)C4)cc2)cc1C(=O)N[C@@H]1CC[C@@H](O)[C@@H](F)C1,6.045757490560675,1,CHEMBL6003219
Nc1ncc(-c2ccc([C@@]34C[C@@H]3CN(C3CCOCC3)C4)cc2)cc1C(=O)N[C@H]1CC[C@@H](O)CC1,5.6020599913279625,1,CHEMBL6058981
Nc1ncc(-c2ccc([C@@]34C[C@@H]3CN(C3CCOCC3)C4)cc2)cc1C(=O)N[C@H]1CC[C@H](O)CC1,5.732828271596986,1,CHEMBL6059033
Nc1ncc(-c2ccc([C@@]34C[C@@H]3CN(C3CCS(=O)(=O)CC3)C4)cc2)cc1C(=O)N[C@H]1CC[C@H](O)CC1,5.494850021680094,1,CHEMBL6058657
Nc1ncc(-c2ccc([C@@]34C[C@@H]3CN(C3COC3)C4)cc2)cc1C(=O)NC12CCC(O)(CC1)CC2,5.1249387366083,1,CHEMBL5917927
Nc1ncc(-c2ccc([C@@]34C[C@@H]3CN(CC(F)(F)F)C4)cc2)cc1C(=O)N[C@H]1CC[C@H](O)CC1,5.0,1,CHEMBL6064352
Nc1ncc(-c2ccc([C@@]34C[C@@H]3CN(CC3COC3)C4)cc2)cc1C(=O)N[C@H]1CC[C@H](O)CC1,5.026872146400301,1,CHEMBL5859199
Nc1ncc(-c2ccc([C@@]34C[C@@H]3CN(CCC(F)(F)F)C4)cc2)cc1C(=O)N[C@H]1CC[C@H](O)CC1,5.327902142064282,1,CHEMBL5859081
Nc1ncc(-c2ccc([C@@]34C[C@@H]3CN(CCF)C4)cc2)cc1C(=O)NC12CCC(O)(CC1)CC2,5.356547323513812,1,CHEMBL5805107
Nc1ncc(-c2ccc([C@@]34C[C@@H]3CN(CCF)C4)cc2)cc1C(=O)N[C@H]1CC[C@H](O)CC1,5.275724130399211,1,CHEMBL5836827
Nc1ncc(-c2ccc([C@@]34C[C@@H]3CN(CCN3CCOCC3)C4)cc2)cc1C(=O)NC12CCC(O)(CC1)CC2,5.424004379796733,1,CHEMBL5975086
Nc1ncc(-c2ccc([C@@]34C[C@@H]3CN(CCN3CCOCC3)C4)cc2)cc1C(=O)N[C@H]1CC[C@H](O)CC1,5.585026652029182,1,CHEMBL6044990
Nc1ncc(-c2ccc([C@@]34C[C@@H]3CN(CCOCC(F)(F)F)C4)cc2)cc1C(=O)N[C@H]1CC[C@H](O)CC1,5.173925197299173,1,CHEMBL5814690
Nc1ncc(-c2ccc([C@]34C[C@H]3CN(C(CF)CF)C4)cc2)cc1C(=O)N[C@H]1CC[C@H](O)CC1,5.0,1,CHEMBL5807101
Nc1ncc(-c2ccc([C@]34C[C@H]3CN(C3CCC(F)(F)CC3)C4)cc2)cc1C(=O)NC12CCC(O)(CC1)CC2,5.242224508988075,1,CHEMBL5939629
Nc1ncc(-c2ccc([C@]34C[C@H]3CN(C3CCC(F)(F)CC3)C4)cc2)cc1C(=O)N[C@H]1CC[C@H](O)CC1,5.886056647693163,1,CHEMBL5830989
Nc1ncc(-c2ccc([C@]34C[C@H]3CN(C3CCOCC3)C4)cc2)cc1C(=O)NC12CC(CO)(C1)C2,5.026872146400301,1,CHEMBL5818013
Nc1ncc(-c2ccc([C@]34C[C@H]3CN(C3CCOCC3)C4)cc2)cc1C(=O)NC12CCC(O)(CC1)CC2,5.321754848072958,1,CHEMBL5786555
Nc1ncc(-c2ccc([C@]34C[C@H]3CN(C3CCOCC3)C4)cc2)cc1C(=O)N[C@H]1CC[C@H](O)CC1,5.7447274948966935,1,CHEMBL5779963
Nc1ncc(-c2ccc([C@]34C[C@H]3CN(C3COC3)C4)cc2)cc1C(=O)NC12CCC(O)(CC1)CC2,5.173925197299173,1,CHEMBL5820012
Nc1ncc(-c2ccc([C@]34C[C@H]3CN(C3COC3)C4)cc2)cc1C(=O)N[C@H]1CC[C@H](O)CC1,5.366531544420413,1,CHEMBL5845345
Nc1ncc(-c2ccc([C@]34C[C@H]3CN(CC(F)(F)F)C4)cc2)cc1C(=O)N[C@H]1CC[C@H](O)CC1,5.0,1,CHEMBL5851692
Nc1ncc(-c2ccc([C@]34C[C@H]3CN(CC3COC3)C4)cc2)cc1C(=O)N[C@H]1CC[C@H](O)CC1,5.823908740944319,1,CHEMBL6060729
Nc1ncc(-c2ccc([C@]34C[C@H]3CN(CCC(F)(F)F)C4)cc2)cc1C(=O)N[C@H]1CC[C@H](O)CC1,5.795880017344075,1,CHEMBL5828008
Nc1ncc(-c2ccc([C@]34C[C@H]3CN(CCCN3CCOCC3)C4)cc2)cc1C(=O)N[C@H]1CC[C@H](O)CC1,5.657577319177793,1,CHEMBL5788610
Nc1ncc(-c2ccc([C@]34C[C@H]3CN(CCF)C4)cc2)cc1C(=O)NC12CCC(O)(CC1)CC2,5.161150909262744,1,CHEMBL5784571
Nc1ncc(-c2ccc([C@]34C[C@H]3CN(CCF)C4)cc2)cc1C(=O)N[C@H]1CC[C@H](O)CC1,5.619788758288394,1,CHEMBL5872105
Nc1ncc(-c2ccc([C@]34C[C@H]3CN(CCN3CCOCC3)C4)cc2)cc1C(=O)NC12CCC(O)(CC1)CC2,5.4089353929735005,1,CHEMBL5741875
Nc1ncc(-c2ccc([C@]34C[C@H]3CN(CCN3CCOCC3)C4)cc2)cc1C(=O)N[C@H]1CC[C@H](O)CC1,5.508638306165727,1,CHEMBL5935015
Nc1ncc(-c2cccc(C(=O)N3CCN(CCO)CC3)c2)cc1C(=O)NC1CCCCC1,4.694648630553377,1,CHEMBL6022449
Nc1ncc(-c2cccc(C(=O)N3CCOCC3)c2)cc1C(=O)NC1CCCCC1,4.694648630553377,1,CHEMBL5750019
Nc1ncc(-c2cccc(N3CCNCC3)c2)cc1-c1ccnc2ccccc12,5.426935982160881,2,CHEMBL3341792
Nc1nccc(-c2ccc3c(N)n[nH]c3c2)n1,5.800000874803203,1,CHEMBL1688215
Nc1nccc2c(-c3c[nH]c4ncccc34)cccc12,5.259637310505756,1,CHEMBL5942136
Nc1ncnc2c1c(-c1ccc3[nH]ccc3c1)nn2CCC1CCN(C(=O)c2ccccc2)CC1,6.877456475931245,1,CHEMBL5566771
Nc1ncnc2c1c(-c1ccc3[nH]ccc3c1)nn2CCC1CCN(S(=O)(=O)C2CC2)CC1,6.581201709409646,1,CHEMBL5561520
Nc1ncnc2c1c(-c1ccc3[nH]ccc3c1)nn2CCC1CCN(S(=O)(=O)c2ccc(C(F)(F)F)cc2)CC1,6.567832730557411,1,CHEMBL5566758
Nc1ncnc2c1c(-c1ccc3[nH]ccc3c1)nn2CCC1CCN(S(=O)(=O)c2ccccc2F)CC1,6.05873709068105,1,CHEMBL5559953
Nc1ncnc2ccc(-c3cccnc3-c3ccc(F)cn3)nc12,7.376750709602099,1,CHEMBL5751762
Nc1ncnc2ccc(-c3cccnc3-c3cccc(C(F)F)n3)cc12,8.698970004336019,1,CHEMBL5788325
Nc1ncnc2ccc(-c3cccnc3-c3cccc(C(F)F)n3)nc12,8.522878745280337,1,CHEMBL6053060
Nc1ncnc2ccc(-c3cccnc3-c3cccc(C4CC4)n3)cc12,8.698970004336019,1,CHEMBL5927443
Nc1ncnc2ccc(-c3cccnc3-c3cccc(C4CC4)n3)nc12,8.397940008672037,1,CHEMBL5766275
O=C(C1CC1)N1CC2(C1)CC(O)(c1cc(Nc3cc(Oc4cn(C5CC5)nc4C4CC(F)(F)C4)ccn3)ccn1)C2,7.212539525481585,1,CHEMBL4784622
O=C(CC(F)(F)F)Nc1cc(Nc2nc(-c3cccc(C(F)(F)F)n3)nn3cccc23)ccn1,8.292429823902063,1,CHEMBL5934995
O=C(CCC(F)(F)F)Nc1cc(Nc2nc(-c3cccc(C(F)(F)F)n3)nn3cccc23)ccn1,8.481486060122112,1,CHEMBL5816111
O=C(CCN1CC(F)(F)C1)Nc1cc(Nc2nc(-c3cccc(C(F)(F)F)n3)nn3cccc23)ccn1,8.568636235841012,1,CHEMBL5988236
O=C(CCN1CCC(O)CC1)Nc1cc(Nc2nc(-c3cccc(C(F)(F)F)n3)nn3cccc23)ccn1,8.920818753952375,1,CHEMBL5886326
O=C(CCN1CCOCC1)Nc1cc(Nc2cnnc(-c3cc(Cl)ccc3F)c2)ccn1,7.019996628416253,1,CHEMBL6170212
O=C(CCN1CC[C@@H](O)C1)Nc1cc(Nc2nc(-c3cccc(C(F)(F)F)n3)nn3cccc23)ccn1,8.744727494896694,1,CHEMBL5760640
O=C(CCO)N[C@@H](CO)C(=O)O,7.1487416512809245,1,CHEMBL5273556
O=C(CCO)Nc1ccc2c(-c3c(-c4ccccn4)nn4c3CCC4)ccnc2c1,7.494850021680094,1,CHEMBL585117
O=C(CN1CCCC1)Nc1cc(Nc2nc(-c3cccc(C(F)(F)F)n3)nc3[nH]ccc23)ccn1,9.3767507096021,1,CHEMBL5946698
O=C(CN1CCCC1)Nc1cc(Nc2nc(-c3cccc(C(F)F)n3)nn3cccc23)ccn1,9.045757490560675,1,CHEMBL5870685
O=C(CN1CCCC1)Nc1ccc(-c2cc(-c3c[nH]nc3-c3ccccn3)ccn2)cc1,6.958607314841775,1,CHEMBL567287
O=C(CN1CCCCC1)Nc1cc(Nc2nc(-c3cccc(C(F)(F)F)n3)nn3cccc23)ccn1,8.769551078621726,1,CHEMBL5979428
O=C(CN1CCN(CCO)CC1)Nc1cc(Nc2nc(-c3cccc(C(F)(F)F)n3)nn3cccc23)ccn1,8.711254100081387,2,CHEMBL4214237
O=C(CN1CCNCC1)Nc1cc(Nc2nc(-c3cccc(C(F)(F)F)n3)nn3cccc23)ccn1,8.886056647693163,1,CHEMBL5909667
O=C(CN1CCOCC1)Nc1cc(Nc2nc(-c3cccc(C(F)(F)F)n3)nc3[nH]ccc23)ccn1,9.113509274827518,1,CHEMBL5760031
O=C(CN1CCOCC1)Nc1cc(Nc2nc(-c3cccc(C(F)(F)F)n3)nn3cccc23)ccn1,8.585026652029182,1,CHEMBL6047724
O=C(CN1CC[C@@H](O)C1)Nc1cc(Nc2nc(-c3cccc(C(F)(F)F)n3)nn3cccc23)ccn1,9.522878745280337,1,CHEMBL5861967
O=C(CN1CC[C@H](O)C1)Nc1cc(Nc2nc(-c3cccc(C(F)(F)F)n3)nn3cccc23)ccn1,8.0,1,CHEMBL5983910
O=C(NC(CO)CO)c1cnccc1Nc1cc(-c2cc(Cl)ccc2F)ncc1N1CCCC1,7.103473782510445,3,CHEMBL5834461
O=C(NC1CC1)c1cnc2ccc(-c3c(-c4ccc(F)cc4)ncn3CC(F)F)cn12,8.022276394711152,3,CHEMBL5933055
O=C(NC1CC1)c1cnc2ccc(-c3c(-c4ccc(F)cc4)ncn3CC(F)F)nn12,8.920818753952375,3,CHEMBL6054440
O=C(NC1CC1)c1cnccc1Nc1cc(-c2cc(Cl)ccc2F)nc2[nH]ccc12,7.700057099977233,1,CHEMBL4483492
O=C(NC1CC1)c1cnccc1Nc1cc(-c2ccc(F)cc2F)nc2[nH]ccc12,7.899974269892137,1,CHEMBL4452818
O=C(NC1CC1)c1cnn2ccc(-c3cccnc3-c3cccc(C(F)(F)F)n3)nc12,7.026872146400302,1,CHEMBL6001440
O=C(NC1CCC(F)(F)CC1)c1cnccc1Nc1nc(-c2cccc(C(F)F)n2)nn2cccc12,6.3872161432802645,1,CHEMBL5751855
O=C(NC1CCC1)c1cnccc1Nc1nc(-c2cccc(C(F)F)n2)nn2cccc12,7.638272163982407,1,CHEMBL5787267
O=C(NC1CCOC1)c1cnccc1Nc1nc(-c2cccc(C(F)F)n2)nn2cccc12,7.6777807052660805,1,CHEMBL5829676
O=C(NC1CCOCC1)c1ccc(-c2cc(-c3c[nH]nc3-c3ccccn3)ccn2)cc1,7.7447274948966935,5,CHEMBL202887
O=C(NC1CCOCC1)c1cnccc1Nc1nc(-c2cccc(C(F)F)n2)nn2cccc12,6.657577319177793,1,CHEMBL5994002
O=C(NCCC(F)(F)F)c1cnccc1Nc1nc(-c2cccc(C(F)F)n2)nn2cccc12,6.853871964321762,1,CHEMBL5880277
O=C(NCCCN1CCCC1)c1cnccc1Nc1nc(-c2cccc(C(F)(F)F)n2)nn2cccc12,7.327902142064282,1,CHEMBL5886611
O=C(NCCCN1CCCC1)c1cnccc1Nc1nc(-c2ccccn2)nn2cccc12,7.795880017344075,1,CHEMBL5836231
O=C(NCCCN1CCCC1=O)c1cnccc1Nc1nc(-c2cc(Br)ccc2F)nc2nccnc12,8.494850021680094,1,CHEMBL234655
O=C(NCCCN1CCCC1=O)c1cnccc1Nc1nc(-c2ccccn2)nn2cccc12,7.309803919971486,1,CHEMBL6035395
O=C(NCCCN1CCOCC1)c1cnccc1Nc1nc(-c2cccc(C(F)(F)F)n2)nn2cccc12,7.346787486224656,1,CHEMBL5859601
O=C(NCCCN1CCS(=O)(=O)CC1)c1cnccc1Nc1nc(-c2cccc(C(F)F)n2)nn2cccc12,8.065501548756432,1,CHEMBL5900075
O=C(NCCCN1CCS(=O)(=O)CC1)c1cnccc1Nc1nc(-c2ccccn2)nn2cccc12,7.080921907623926,1,CHEMBL5765218
O=C(NCCN1CCCC1)c1cnccc1Nc1nc(-c2cccc(C(F)(F)F)n2)nn2cccc12,7.769551078621726,1,CHEMBL5777919
O=C(NCCN1CCCC1)c1cnccc1Nc1nc(-c2ccccn2)nn2cccc12,7.721246399047171,1,CHEMBL5821544
O=C(NCCN1CCCCC1)c1cnccc1Nc1nc(-c2cccc(C(F)(F)F)n2)nn2cccc12,6.920818753952375,1,CHEMBL5853629
O=C(NCCN1CCCCC1)c1cnccc1Nc1nc(-c2ccccn2)nn2cccc12,7.6020599913279625,1,CHEMBL6024695
O=C(NCCN1CCNCC1)c1cnccc1Nc1nc(-c2ccccn2)nn2cccc12,7.309803919971486,1,CHEMBL5875499
O=C(NCCN1CCS(=O)(=O)CC1)c1cnccc1Nc1nc(-c2cccc(C(F)(F)F)n2)nn2cccc12,6.585026652029182,1,CHEMBL5755160
O=C(NCCN1CCS(=O)(=O)CC1)c1cnccc1Nc1nc(-c2cccc(C(F)F)n2)nn2cccc12,7.207608310501746,1,CHEMBL6063905
O=C(NCCN1CCS(=O)(=O)CC1)c1cnccc1Nc1nc(-c2ccccn2)nn2cccc12,5.585026652029182,1,CHEMBL6013276
O=C(NCCO)c1cnccc1Nc1nc(-c2cccc(C(F)F)n2)nn2cccc12,8.4089353929735,1,CHEMBL5838382
O=C(NCCOCCO)c1cnccc1Nc1nc(-c2cccc(C(F)F)n2)nn2cccc12,7.638272163982407,1,CHEMBL5800007
O=C(NCc1ccccn1)c1cnccc1Nc1nc(-c2cccc(C(F)F)n2)nn2cccc12,7.494850021680094,1,CHEMBL5789020
O=C(NCc1ccn[nH]1)c1cnccc1Nc1nc(-c2cccc(C(F)F)n2)nn2cccc12,7.376750709602099,1,CHEMBL5882267
O=C(NCc1cnc2ccc(-c3c(-c4ccc(F)cc4)ncn3CC(F)F)nn12)C1CC1,8.275724130399212,3,CHEMBL5754947
O=C(NCc1cocn1)c1cnccc1Nc1nc(-c2cccc(C(F)F)n2)nn2cccc12,7.585026652029182,1,CHEMBL6061963
O=C(NCc1nc[nH]n1)c1cnccc1Nc1nc(-c2cccc(C(F)F)n2)nn2cccc12,7.1938200260161125,1,CHEMBL5753700
O=C(NCc1nccs1)c1cnccc1Nc1nc(-c2cccc(C(F)F)n2)nn2cccc12,7.356547323513812,1,CHEMBL5959926
O=C(N[C@@H](CO)C(=O)O)C1CC1,7.6777807052660805,1,CHEMBL5290233
O=C(N[C@@H]1CCCC[C@H]1O)c1cnccc1Nc1nc(-c2cccc(C(F)F)n2)nn2cccc12,6.42021640338319,1,CHEMBL5902620
O=C(N[C@@H]1CCC[C@@H]1O)c1cnccc1Nc1nc(-c2cccc(C(F)F)n2)nn2cccc12,6.853871964321762,1,CHEMBL6036879
O=C(N[C@H]1CCCC[C@@H]1O)c1cnccc1Nc1nc(-c2cccc(C(F)F)n2)nn2cccc12,6.318758762624412,1,CHEMBL5823069
O=C(N[C@H]1CCC[C@@H]1O)c1cnccc1Nc1nc(-c2cccc(C(F)F)n2)nn2cccc12,7.214670164989233,1,CHEMBL5773127
O=C(Nc1cc(Nc2c(Cl)cnc3c2OCO3)ccn1)C1CC1,8.721246399047171,1,CHEMBL3818173
O=C(Nc1cc(Nc2nc(-c3cccc(C(F)(F)F)n3)nc3[nH]ccc23)ccn1)C1CC1,9.060480747381382,1,CHEMBL5823958
O=C(Nc1cc(Nc2nc(-c3cccc(C(F)(F)F)n3)nn3cccc23)ccn1)C1CC1,9.431798275933005,1,CHEMBL6001390
O=C(Nc1cc(Nc2nc(-c3cccc(C(F)(F)F)n3)nn3cccc23)ccn1)[C@@H]1CCCN1,7.055517327849831,1,CHEMBL5761086
O=C(Nc1ccc(-c2cc(-c3c[nH]nc3-c3ccccn3)ccn2)cc1)C1CCOCC1,6.950781977329818,2,CHEMBL206017
O=C(Nc1ccc2c(-c3c(-c4ccccn4)nn4c3CCC4)ccnc2c1)OCCO,7.102372908709558,1,CHEMBL566439
O=C(Nc1ccccc1)c1ccc(-c2cc(-c3c[nH]nc3-c3ccccn3)ccn2)cc1,7.7447274948966935,1,CHEMBL4752410
O=C(O)C1CN(c2cc(Nc3cc(Oc4cn(C5CC5)nc4C4CCOCC4)ccn3)ccn2)C1,6.630784142589857,1,CHEMBL4635885
O=C(O)[C@H](CO)NC(=O)N1CCCC1,7.1249387366083,1,CHEMBL5276114
O=C(O)c1ccc(-c2cc(-c3c[nH]nc3-c3ccccn3)ccn2)cc1,7.568636235841012,1,CHEMBL568357
O=C(O)c1ccc(-c2nc(-c3ccc(F)cc3)c(-c3ccccn3)[nH]2)cc1,5.823908740944319,3,CHEMBL269339
O=C(O)c1ccc(-c2nc(-c3ccc(F)cc3)c(-c3ccncc3)[nH]2)cc1,6.3979400086720375,1,CHEMBL6252
O=C(O)c1ccc(-c2nc(-c3ccc4c(c3)OCO4)c(-c3ccccn3)[nH]2)cc1,6.769551078621726,3,CHEMBL6250
O=C(O)c1ccc(Oc2ccc3c(-c4c(-c5ccccn5)nn5c4CCC5)ccnc3c2)cc1,5.318758762624412,1,CHEMBL261701
O=C(O)c1cnn2ccc(-c3cccnc3-c3cccc(C(F)(F)F)n3)nc12,6.863279432843593,1,CHEMBL5922090
O=C(O)c1cnn2ccc(-c3cccnc3-c3cccc(C(F)F)n3)nc12,6.97061622231479,1,CHEMBL5864514
O=C(c1cc(Nc2cc(Oc3cn(C4CC4)nc3C3CCOCC3)ccn2)ccc1F)N1CCOCC1,6.943095148663527,1,CHEMBL4635214
O=C(c1ccc(-c2cc(-c3c[nH]nc3-c3ccccn3)ccn2)cc1)N1CCCC1,6.958607314841775,1,CHEMBL380916
O=C(c1ccc(-c2cc(-c3c[nH]nc3-c3ccccn3)ccn2)cc1)N1CCOCC1,6.910094888560602,1,CHEMBL436944
O=C(c1cnccc1Nc1nc(-c2cccc(C(F)F)n2)nn2cccc12)N1CCC(F)(F)CC1,6.1249387366083,1,CHEMBL5933304
O=C(c1cnccc1Nc1nc(-c2cccc(C(F)F)n2)nn2cccc12)N1CCC(O)(c2ccccc2)CC1,5.920818753952375,1,CHEMBL5887864
O=C(c1cnccc1Nc1nc(-c2cccc(C(F)F)n2)nn2cccc12)N1CCC(O)CC1,5.455931955649724,1,CHEMBL5948289
O=C(c1cnccc1Nc1nc(-c2cccc(C(F)F)n2)nn2cccc12)N1CCC1,8.366531544420413,1,CHEMBL6023678
O=C(c1cnccc1Nc1nc(-c2cccc(C(F)F)n2)nn2cccc12)N1CCCC1,7.494850021680094,1,CHEMBL5831062
O=C1CCCN1c1cc(Nc2nc(-c3cccc(C(F)F)n3)nc3[nH]ccc23)ccn1,8.236572006437063,1,CHEMBL6017771
O=C1Nc2cc(C(=O)C3CCCN3)ccc2/C1=C(/Nc1ccc(CN2CCCCC2)cc1)c1ccccc1,6.610833915635467,1,CHEMBL1271632
O=C1Nc2cc(C(=O)NCCO)ccc2/C1=C(/Nc1ccc(CN2CCCCC2)cc1)c1ccccc1,6.366531544420413,1,CHEMBL1271910
O=C1Nc2cc(C(=O)NCc3ccccc3)ccc2/C1=C(/Nc1ccc(CN2CCCCC2)cc1)c1ccccc1,5.8147412347034155,1,CHEMBL1272022
O=C1Nc2ccccc2/C1=C(/Nc1ccc(CN2CCCCC2)cc1)c1ccccc1,5.460672936460625,1,CHEMBL500435
O=S(=O)(Nc1ccc(Cl)cc1)c1c[nH]c2ncccc12,5.634512015109101,1,CHEMBL6193537
O=S(=O)(Nc1ccc(Cl)cn1)c1c[nH]c2ncccc12,6.236572006437063,1,CHEMBL6190202
O=S(=O)(Nc1ccc(F)c(Cl)c1)c1c[nH]c2ncccc12,5.424812155072339,1,CHEMBL6192892
O=S(=O)(Nc1ccc(F)cc1)c1c[nH]c2ncccc12,5.583359492661719,1,CHEMBL6192605
O=S(=O)(Nc1ccc(F)cc1F)c1c[nH]c2ncccc12,5.515700160653214,1,CHEMBL6191018
O=S(=O)(Nc1ccc(OC(F)(F)Cl)cc1)c1c[nH]c2ncccc12,5.361510743045363,1,CHEMBL6191975
O=S(=O)(Nc1ccccc1Cl)c1c[nH]c2ncccc12,5.459670525209127,1,CHEMBL6190356
O=S(=O)(Nc1ccccc1F)c1c[nH]c2ncccc12,5.537602002101044,1,CHEMBL6191435
O=S1(=O)CCN(c2cc(Nc3cc(Oc4cn(C5CC5)nc4C4CCOCC4)ccn3)ccc2C(F)(F)F)CC1,7.443697499232712,1,CHEMBL5176877
O=c1[nH]c2ccccc2n1C1CCN(Cc2ccn3nc(-c4ccccn4)nc(Nc4ccncc4F)c23)CC1,8.744727494896694,1,CHEMBL5742084
O=c1[nH]c2cnccc2n1-c1cc(-c2cc(Cl)ccc2F)nc2[nH]ccc12,8.400007822415901,1,CHEMBL4470706
O=c1[nH]c2cnccc2n1-c1cc(-c2ccc(F)cc2F)nc2[nH]ccc12,7.899974269892137,1,CHEMBL4555703
OC(c1cc(Nc2cc(Oc3cn(C4CC4)nc3C3CC(F)(F)C3)ccn2)ccn1)C(F)(F)F,7.87942606879415,1,CHEMBL4788502
OC(c1cnc2ccc(-c3c(-c4ccc(F)cc4)ncn3CC(F)F)nn12)C(F)(F)F,8.638272163982407,3,CHEMBL5782409
OC1(C(F)(F)F)CCN(c2cc(Nc3cc(Oc4cn(C5CC5)nc4C4CC(F)(F)C4)ccn3)ccn2)CC1,7.614393726401688,1,CHEMBL4780548
OC1(C(F)(F)F)CN(c2cc(Nc3cc(Oc4cn(C5CC5)nc4C4CCOCC4)ccn3)ccn2)C1,8.236572006437063,1,CHEMBL5178623
OC1(CCNCc2ccn3nc(-c4ccccn4)nc(Nc4ccncc4F)c23)CCCC1,9.154901959985743,1,CHEMBL5883112
OC1(c2cc(Nc3cc(Oc4cn(C5CC5)nc4C4CC(F)(F)C4)ccn3)ccn2)CCC(F)(F)CC1,7.560667306169737,1,CHEMBL4797329
OC1(c2cc(Nc3cc(Oc4cn(C5CC5)nc4C4CC(F)(F)C4)ccn3)ccn2)CCOCC1,7.943095148663527,1,CHEMBL4791582
OC1(c2cc(Nc3cc(Oc4cn(C5CC5)nc4C4CC(F)(F)C4)ccn3)ccn2)CN(CC(F)(F)F)C1,7.1598939055432425,1,CHEMBL4781326
OC1(c2cc(Nc3cc(Oc4cn(C5CC5)nc4C4CC(F)(F)C4)ccn3)ccn2)COC1,7.503070351926786,1,CHEMBL4791955
OC1(c2cc(Nc3cc(Oc4cn(C5CC5)nc4C4CCOCC4)ccn3)ccc2F)COC1,8.259637310505756,1,CHEMBL5189063
OC1(c2cc(Nc3cc(Oc4cn(C5CC5)nc4C4CCOCC4)ccn3)ccn2)CCC(F)(F)CC1,7.886056647693163,1,CHEMBL5175843
OC1(c2cc(Nc3cc(Oc4cn(C5CC5)nc4C4CCOCC4)ccn3)ccn2)CCC(O)(C(F)(F)F)CC1,8.3767507096021,1,CHEMBL5202482
OC1(c2cc(Nc3cc(Oc4cn(C5CC5)nc4C4CCOCC4)ccn3)ccn2)COC1,7.657577319177793,1,CHEMBL5173141
OC1(c2ccccc2)CCN(Cc2ccn3nc(-c4ccccn4)nc(Nc4ccncc4F)c23)CC1,8.823908740944319,1,CHEMBL5765516
OC12CC3CC(C1)CC(NCc1ccn4nc(-c5ccccn5)nc(Nc5ccncc5F)c14)(C3)C2,8.920818753952375,1,CHEMBL5890695
OC1CCC(NCc2ccn3nc(-c4ccccn4)nc(Nc4ccncc4F)c23)CC1,8.657577319177793,1,CHEMBL5749594
OC1CCCCC1NCc1ccn2nc(-c3ccccn3)nc(Nc3ccncc3F)c12,8.958607314841775,1,CHEMBL5856279
OC1CCN(Cc2ccn3nc(-c4ccccn4)nc(Nc4ccncc4F)c23)CC1,9.236572006437063,1,CHEMBL5982418
OCC(CO)NCc1ccn2nc(-c3ccccn3)nc(Nc3ccncc3F)c12,8.769551078621726,1,CHEMBL6014039
OCC1(NCc2ccn3nc(-c4ccccn4)nc(Nc4ccncc4F)c23)CCCC1,8.200659450546418,1,CHEMBL5751585
OCCCn1cnc2ccc(-c3c(-c4ccccn4)nn4c3CCC4)cc21,7.102372908709558,2,CHEMBL203619
OCCN1CCN(Cc2ccn3nc(-c4cccc(C(F)F)n4)nc(Nc4ccncc4F)c23)CC1,8.920818753952375,1,CHEMBL5827522
OCCN1CCN(Cc2ccn3nc(-c4ccccn4)nc(Nc4ccncc4F)c23)CC1,8.638272163982407,1,CHEMBL6023821
OCCN1CCN(c2ccc(Nc3cc(Oc4cn(C5CC5)nc4C4CCOCC4)ccn3)cc2C(F)(F)F)CC1,7.6020599913279625,1,CHEMBL5177566
OCCc1cnc2ccc(-c3c(-c4ccc(F)cc4)ncn3CC(F)F)nn12,8.494850021680094,3,CHEMBL5916263
OC[C@@H](O)CNCc1ccn2nc(-c3ccccn3)nc(Nc3ccncc3F)c12,9.075720713938118,1,CHEMBL5820937
OCc1ccc(-c2nc(-c3ccccn3)c(-c3ccc4c(c3)OCO4)[nH]2)cc1,6.585026652029182,3,CHEMBL267228
OCc1cccc(-c2nn3c(c2-c2ccc(F)cc2)CCC3)n1,5.581698708680255,1,CHEMBL122414
OCc1cnc2ccc(-c3c(-c4ccc(F)cc4)ncn3CC(F)F)cn12,7.033389013318065,3,CHEMBL5985087
OCc1cnc2ccc(-c3c(-c4ccc(F)cc4)ncn3CC(F)F)nn12,8.657577319177793,3,CHEMBL5779890
O[C@@H](CNCc1ccn2nc(-c3ccccn3)nc(Nc3ccncc3F)c12)c1ccccc1,8.397940008672037,1,CHEMBL5754586
O[C@@H]1CCN(Cc2ccn3nc(-c4ccccn4)nc(Nc4ccncc4F)c23)C1,9.070581074285707,1,CHEMBL5912853
O[C@H]1CCN(Cc2ccn3nc(-c4cccc(C(F)F)n4)nc(Nc4ccncc4F)c23)C1,9.229147988357855,1,CHEMBL6034053
O[C@H]1CCN(Cc2ccn3nc(-c4ccccn4)nc(Nc4ccncc4F)c23)C1,9.031517051446064,1,CHEMBL5917886
O[C@H]1CC[C@H](NCc2ccn3nc(-c4ccccn4)nc(Nc4ccncc4F)c23)CC1,8.494850021680094,1,CHEMBL5935432
Oc1cc(Nc2ccnc3cc(-c4ccccc4)ccc23)ccc1Cl,7.102372908709558,1,CHEMBL4873767
Oc1ccc(-c2ccc3c(Nc4ccnc(-c5cc(F)ccc5F)c4)ccnc3c2)cc1,7.789413975094844,1,CHEMBL4858091
Oc1ccc2c(-c3c(-c4ccccn4)nn4c3CCC4)ccnc2c1,6.795880017344075,1,CHEMBL260147
Oc1cccc(N2CCN(Cc3ccn4nc(-c5ccccn5)nc(Nc5ccncc5F)c34)CC2)c1,9.327902142064282,1,CHEMBL5782584
[2H]C([2H])([2H])Oc1ccc(-c2c(-c3ccnc(NC(C)=O)c3)[nH]c3cccnc23)nc1,7.36407919673175,4,CHEMBL4280731
[2H]C([2H])([2H])n1ncc2cc(-c3nc(NCc4cccc(F)c4)[nH]c3-c3cccc(C)n3)ccc21,8.455931955649724,1,CHEMBL5279279
[C-]#[N+]c1cnc2ccc(-c3c(-c4ccc(F)cc4F)ncn3CC(F)F)cn12,8.09151498112135,1,CHEMBL6062654
c1cc(-c2cnn3cc(-c4ccc(N5CCNCC5)cc4)cnc23)c2cccnc2c1,5.402304814074488,1,CHEMBL2385591
c1cc(-c2cnn3cc(-c4ccc(OCCN5CCCCC5)cc4)cnc23)ccn1,4.96818772866963,4,CHEMBL478629
c1cc(-c2nc(-n3ccc4cnccc43)c3cccn3n2)nc(C2CC2)c1,8.886056647693163,1,CHEMBL5744931
c1cc(N2CCNCC2)ccc1-c1cnc2c(-c3cn[nH]c3)cnn2c1,5.478861916295964,1,CHEMBL2385586
c1cc(N2CCOCC2)ccc1-c1cnc2c(-c3cn[nH]c3)cnn2c1,4.962573502059376,1,CHEMBL2385579
c1cc(Oc2cn(C3CC3)nc2C2CCOCC2)cc(Nc2ccn3ncnc3c2)n1,6.621602099051863,1,CHEMBL5200590
c1cc(Oc2cn(C3CC3)nc2C2CCOCC2)cc(Nc2ccnc(NC3CCOCC3)c2)n1,7.322197624520598,2,CHEMBL4647548
c1cc(Oc2cn(C3CC3)nc2C2CCOCC2)cc(Nc2cnn(C3CCOCC3)c2)n1,7.284777024445576,2,CHEMBL4648725
c1cc2cc(c1)-c1cnn3ccc(nc13)NCCOCCO2,5.356547323513812,1,CHEMBL4783244
c1ccc(-c2c[nH]nc2-c2ccccn2)cc1,5.399027104313252,3,CHEMBL129280
c1ccc(-c2c[nH]nc2-c2ccnc3ccccc23)nc1,6.494744018631393,4,CHEMBL338713
c1ccc(-c2cc(-c3c[nH]nc3-c3ccccn3)ccn2)cc1,6.97061622231479,2,CHEMBL205736
c1ccc(-c2ccc3c(Nc4ccc5scnc5c4)ccnc3c2)cc1,5.6020599913279625,1,CHEMBL4876135
c1ccc(-c2cnn3cc(-c4ccc(N5CCNCC5)cc4)cnc23)cc1,6.247951552180561,2,CHEMBL2385590
c1ccc(-c2n[nH]c(C3CC3)c2-c2ccnc3ccccc23)nc1,6.692503962086787,4,CHEMBL338196
c1ccc(-c2n[nH]cc2-c2ccc3ncccc3n2)nc1,7.622062572163754,4,CHEMBL183354
c1ccc(-c2n[nH]cc2-c2ccnc(-c3ccc(CN4CCCC4)cc3)c2)nc1,7.721246399047171,1,CHEMBL205570
c1ccc(-c2n[nH]cc2-c2ccnc(-c3ccc(CN4CCOCC4)cc3)c2)nc1,7.376750709602099,1,CHEMBL203162
c1ccc(-c2n[nH]cc2-c2ccnc(-c3ccc(CNC4CCCOC4)cc3)c2)nc1,7.327902142064282,1,CHEMBL566234
c1ccc(-c2n[nH]cc2-c2ccnc(-c3ccc(CNC4CCOCC4)cc3)c2)nc1,7.327902142064282,1,CHEMBL204211
c1ccc(-c2n[nH]cc2-c2ccnc(-c3ccc(OCCC4CCCCC4)cc3)c2)nc1,7.0915149811213505,2,CHEMBL379700
c1ccc(-c2n[nH]cc2-c2ccnc(-c3ccc(OCCN4CCCC4)cc3)c2)nc1,7.3979400086720375,2,CHEMBL202994
c1ccc(-c2n[nH]cc2-c2ccnc(-c3ccc(OCCN4CCOCC4)cc3)c2)nc1,7.920818753952375,1,CHEMBL205158
c1ccc(-c2n[nH]cc2-c2ccnc(-c3ccc(OCCn4ccnc4)cc3)c2)nc1,7.522878745280337,2,CHEMBL208437
c1ccc(-c2n[nH]cc2-c2ccnc(-n3cccn3)c2)nc1,7.113509274827518,1,CHEMBL1829504
c1ccc(-c2n[nH]cc2-c2ccnc(-n3ccnc3)c2)nc1,7.055517327849831,1,CHEMBL1829505
c1ccc(-c2n[nH]cc2-c2ccnc3ccccc23)cc1,6.169377695520333,4,CHEMBL126676
c1ccc(-c2n[nH]cc2-c2ccnc3ccccc23)nc1,7.292429823902063,11,CHEMBL261454
c1ccc(-c2nc(-n3ccc4ccncc43)c3cccn3n2)nc1,6.508638306165727,1,CHEMBL5889396
c1ccc(-c2nc(-n3ccc4cnccc43)c3cc[nH]c3n2)nc1,8.920818753952375,1,CHEMBL5807296
c1ccc(-c2nc(-n3ccc4cnccc43)c3cccn3n2)nc1,8.958607314841775,1,CHEMBL5936907
c1ccc(-c2nc(-n3cnc4cnccc43)c3cccn3n2)nc1,8.292429823902063,1,CHEMBL6019441
c1ccc(-c2nc(Nc3ccncc3)c3ccccc3n2)cc1,6.1601906732282625,2,CHEMBL564660
c1ccc(-c2nc(Nc3ccncc3)c3cccn3n2)nc1,8.602059991327963,2,CHEMBL4205311
c1ccc(-c2nc3n(c2-c2ccc4c(c2)OCO4)CCC3)nc1,6.337242168318426,2,CHEMBL268889
c1ccc(-c2nn3c(c2-c2ccc4[nH]cnc4c2)CCC3)nc1,6.072119313830026,2,CHEMBL204139
c1ccc(-c2nn3c(c2-c2ccc4c(c2)ncn4CCCOC2CCCCO2)CCC3)nc1,5.205829405799471,2,CHEMBL204158
c1ccc(-c2nn3c(c2-c2ccc4ncn(CCCN5CCCC5)c4c2)CCC3)nc1,6.609064892896621,3,CHEMBL378167
c1ccc(-c2nn3c(c2-c2ccnc4cc(OCC5CCCO5)ccc24)CCC3)nc1,6.886056647693163,1,CHEMBL409158
c1ccc(-c2nn3c(c2-c2ccnc4cc(OCCN5CCOCC5)ccc24)CCC3)nc1,7.290683656322967,4,CHEMBL260015
c1ccc(-c2nn3c(c2-c2ccnc4ccccc24)CCC3)nc1,6.982966660701219,1,CHEMBL121795
c1ccc(Cn2cc(-c3ccnc4ccccc34)c(-c3ccccn3)n2)cc1,6.4160003690770955,4,CHEMBL126180
c1ccc2c(-c3c[nH]c4ncccc34)cnnc2c1,5.259637310505756,1,CHEMBL5994791
c1ccc2c(-c3cnn4cc(-c5ccc(N6CCNCC6)cc5)cnc34)ccnc2c1,6.329754146925875,7,CHEMBL513147
c1ccc2c(-c3cnn4cc(-c5ccc(N6CCOCC6)cc5)cnc34)ccnc2c1,6.7495799976911055,1,CHEMBL2385582
c1ccc2c(-c3cnn4cc(-c5ccc(OCCN6CCOCC6)cc5)cnc34)ccnc2c1,5.801893001126599,2,CHEMBL3668018
c1cnc2[nH]cc(-c3c[nH]c4cnccc34)c2c1,5.259637310505756,1,CHEMBL6058405
c1csc(-c2n[nH]cc2-c2ccnc3ccccc23)c1,6.116058603286062,4,CHEMBL130025
